ID;TITULO;FRASE;PARTE;LINK;AS;P1;A1;A2;A3
cCPgKSnS5Ks;The boondocks 1Temporada Ep2 (Dublado PT-BR);"""Porque não, a cusão é que ele e eu ao mesmo tempo, hein?""";Início;https://youtu.be/cCPgKSnS5Ks?si=91MRwHErboFZjN2d&t=830;Negativo;Negativo;Negativo;Negativo;Negativo
cCPgKSnS5Ks;The boondocks 1Temporada Ep2 (Dublado PT-BR);"""julgamento por pornografia infantil.""";Início;https://youtu.be/cCPgKSnS5Ks?si=91MRwHErboFZjN2d&t=830;Negativo;Negativo;Negativo;Negativo;Negativo
cCPgKSnS5Ks;The boondocks 1Temporada Ep2 (Dublado PT-BR);"""E se está mostrando muita puta""";Início;https://youtu.be/cCPgKSnS5Ks?si=91MRwHErboFZjN2d&t=830;Negativo;Negativo;Negativo;Negativo;Negativo
cCPgKSnS5Ks;The boondocks 1Temporada Ep2 (Dublado PT-BR);"""chuva dorada""";Início;https://youtu.be/cCPgKSnS5Ks?si=91MRwHErboFZjN2d&t=830;Negativo;Negativo;Negativo;Negativo;Negativo
cCPgKSnS5Ks;The boondocks 1Temporada Ep2 (Dublado PT-BR);"""Porque não, a Cusão """;Início;https://youtu.be/cCPgKSnS5Ks?si=91MRwHErboFZjN2d&t=830;Negativo;Negativo;Negativo;Negativo;Negativo
cCPgKSnS5Ks;The boondocks 1Temporada Ep2 (Dublado PT-BR);"""Onde é que estão aqueles seus dois netos, cabeça de merda, hein?""";Meio;https://youtu.be/cCPgKSnS5Ks?si=91MRwHErboFZjN2d&t=830;Negativo;Negativo;Negativo;Negativo;Negativo
cCPgKSnS5Ks;The boondocks 1Temporada Ep2 (Dublado PT-BR);"""Cara, foda-se, esses criollos intelectuais de uma figa.""";Meio;https://youtu.be/cCPgKSnS5Ks?si=91MRwHErboFZjN2d&t=830;Negativo;Positivo;Negativo;Negativo;Negativo
cCPgKSnS5Ks;The boondocks 1Temporada Ep2 (Dublado PT-BR);"""Essa é a única forma de manter esses criollos sob controle.""";Meio;https://youtu.be/cCPgKSnS5Ks?si=91MRwHErboFZjN2d&t=830;Negativo;Negativo;Negativo;Negativo;Negativo
cCPgKSnS5Ks;The boondocks 1Temporada Ep2 (Dublado PT-BR);"""Aquele nego desgraçado """;Meio;https://youtu.be/cCPgKSnS5Ks?si=91MRwHErboFZjN2d&t=830;Negativo;Negativo;Negativo;Negativo;Negativo
cCPgKSnS5Ks;The boondocks 1Temporada Ep2 (Dublado PT-BR);"""esses criolos sob""";Meio;https://youtu.be/cCPgKSnS5Ks?si=91MRwHErboFZjN2d&t=830;Negativo;Negativo;Negativo;Negativo;Negativo
cCPgKSnS5Ks;The boondocks 1Temporada Ep2 (Dublado PT-BR);"""É, elas andam confio dental, bem enfiado na bunda.""";Fim;https://youtu.be/cCPgKSnS5Ks?si=91MRwHErboFZjN2d&t=830;Negativo;Negativo;Negativo;Negativo;Negativo
cCPgKSnS5Ks;The boondocks 1Temporada Ep2 (Dublado PT-BR);"""Que porra é essa?""";Fim;https://youtu.be/cCPgKSnS5Ks?si=91MRwHErboFZjN2d&t=830;Negativo;Negativo;Negativo;Negativo;Negativo
cCPgKSnS5Ks;The boondocks 1Temporada Ep2 (Dublado PT-BR);"""vadia branca.""";Fim;https://youtu.be/cCPgKSnS5Ks?si=91MRwHErboFZjN2d&t=830;Negativo;Negativo;Negativo;Negativo;Negativo
cCPgKSnS5Ks;The boondocks 1Temporada Ep2 (Dublado PT-BR);"""sortudo desgraçado.""";Fim;https://youtu.be/cCPgKSnS5Ks?si=91MRwHErboFZjN2d&t=830;Negativo;Negativo;Negativo;Negativo;Negativo
cCPgKSnS5Ks;The boondocks 1Temporada Ep2 (Dublado PT-BR);"""atraído sexualmente""";Fim;https://youtu.be/cCPgKSnS5Ks?si=91MRwHErboFZjN2d&t=830;Neutro;Neutro;Neutro;Neutro;Neutro
B-ad3jrUE1U;The boondocks 1Temporada - Ep1 (Dublado PT-BR);"""Ou eu bato na sua bunda.""";Início;https://www.youtube.com/watch?v=B-ad3jrUE1U&list=PLZnx7A_iEZfP4n3pQle4-EgDYma_2FqzO ;Negativo;Negativo;Negativo;Negativo;Negativo
B-ad3jrUE1U;The boondocks 1Temporada - Ep1 (Dublado PT-BR);"""Ah, droga.""";Início;https://www.youtube.com/watch?v=B-ad3jrUE1U&list=PLZnx7A_iEZfP4n3pQle4-EgDYma_2FqzO;Negativo;Negativo;Negativo;Negativo;Negativo
B-ad3jrUE1U;The boondocks 1Temporada - Ep1 (Dublado PT-BR);"""Droga, causando pânico nos brancos.""";Início;https://www.youtube.com/watch?v=B-ad3jrUE1U&list=PLZnx7A_iEZfP4n3pQle4-EgDYma_2FqzO;Negativo;Negativo;Positivo;Negativo;Negativo
B-ad3jrUE1U;The boondocks 1Temporada - Ep1 (Dublado PT-BR);"""que não agir como criolo""";Início;https://www.youtube.com/watch?v=B-ad3jrUE1U&list=PLZnx7A_iEZfP4n3pQle4-EgDYma_2FqzO;Negativo;Negativo;Negativo;Negativo;Negativo
B-ad3jrUE1U;The boondocks 1Temporada - Ep1 (Dublado PT-BR);"""Um... E diabos!""";Início;https://www.youtube.com/watch?v=B-ad3jrUE1U&list=PLZnx7A_iEZfP4n3pQle4-EgDYma_2FqzO;Negativo;Negativo;Negativo;Negativo;Negativo
B-ad3jrUE1U;The boondocks 1Temporada - Ep1 (Dublado PT-BR);"""Esse desgraçado foi pegar uma capa de chuva.""";Meio;https://www.youtube.com/watch?v=B-ad3jrUE1U&list=PLZnx7A_iEZfP4n3pQle4-EgDYma_2FqzO;Negativo;Negativo;Negativo;Neutro;Negativo
B-ad3jrUE1U;The boondocks 1Temporada - Ep1 (Dublado PT-BR);"""Porra, Robert, você viu uma passeata usando uma beira de capa de chuva?""";Meio;https://www.youtube.com/watch?v=B-ad3jrUE1U&list=PLZnx7A_iEZfP4n3pQle4-EgDYma_2FqzO;Negativo;Negativo;Negativo;Negativo;Negativo
B-ad3jrUE1U;The boondocks 1Temporada - Ep1 (Dublado PT-BR);"""Você é um desgraçado que o senhor...""";Meio;https://www.youtube.com/watch?v=B-ad3jrUE1U&list=PLZnx7A_iEZfP4n3pQle4-EgDYma_2FqzO;Negativo;Negativo;Negativo;Negativo;Negativo
B-ad3jrUE1U;The boondocks 1Temporada - Ep1 (Dublado PT-BR);"""A mulher branca com uma bela bunda.""";Meio;https://www.youtube.com/watch?v=B-ad3jrUE1U&list=PLZnx7A_iEZfP4n3pQle4-EgDYma_2FqzO;Neutro;Neutro;Neutro;Negativo;Neutro
B-ad3jrUE1U;The boondocks 1Temporada - Ep1 (Dublado PT-BR);"""Filho da puta""";Meio;https://www.youtube.com/watch?v=B-ad3jrUE1U&list=PLZnx7A_iEZfP4n3pQle4-EgDYma_2FqzO;Negativo;Negativo;Negativo;Negativo;Negativo
B-ad3jrUE1U;The boondocks 1Temporada - Ep1 (Dublado PT-BR);"""E ainda será um filho da puta idiota.""";Fim;https://www.youtube.com/watch?v=B-ad3jrUE1U&list=PLZnx7A_iEZfP4n3pQle4-EgDYma_2FqzO;Negativo;Negativo;Negativo;Negativo;Negativo
B-ad3jrUE1U;The boondocks 1Temporada - Ep1 (Dublado PT-BR);"""Por causa da porra do cheiro.""";Fim;https://www.youtube.com/watch?v=B-ad3jrUE1U&list=PLZnx7A_iEZfP4n3pQle4-EgDYma_2FqzO;Negativo;Negativo;Negativo;Negativo;Neutro
B-ad3jrUE1U;The boondocks 1Temporada - Ep1 (Dublado PT-BR);"""É uma invenção de merda.""";Fim;https://www.youtube.com/watch?v=B-ad3jrUE1U&list=PLZnx7A_iEZfP4n3pQle4-EgDYma_2FqzO;Negativo;Negativo;Negativo;Negativo;Negativo
B-ad3jrUE1U;The boondocks 1Temporada - Ep1 (Dublado PT-BR);"""Eles devem muito com essa merda da sua cara.""";Fim;https://www.youtube.com/watch?v=B-ad3jrUE1U&list=PLZnx7A_iEZfP4n3pQle4-EgDYma_2FqzO;Negativo;Negativo;Negativo;Neutro;Negativo
B-ad3jrUE1U;The boondocks 1Temporada - Ep1 (Dublado PT-BR);"""Devem achar que você é a porra do Sidney Potier.""";Fim;https://www.youtube.com/watch?v=B-ad3jrUE1U&list=PLZnx7A_iEZfP4n3pQle4-EgDYma_2FqzO;Negativo;Negativo;Negativo;Negativo;Negativo
sOA89CKfHPw;The Boondocks - Episódio 4 (Dublado PT-BR);"""Pra mim isso aqui é tudo uma merda.""";Início;https://www.youtube.com/watch?v=sOA89CKfHPw&list=PLZnx7A_iEZfP4n3pQle4-EgDYma_2FqzO&index=4;Negativo;Negativo;Negativo;Negativo;Negativo
sOA89CKfHPw;The Boondocks - Episódio 4 (Dublado PT-BR);"""Ou B, lutar com babaca do crioulo cego e louco.""";Início;https://www.youtube.com/watch?v=sOA89CKfHPw&list=PLZnx7A_iEZfP4n3pQle4-EgDYma_2FqzO&index=4;Negativo;Negativo;Negativo;Negativo;Negativo
sOA89CKfHPw;The Boondocks - Episódio 4 (Dublado PT-BR);"""Seu filho da puta, seu crioulo e diota.""";Início;https://www.youtube.com/watch?v=sOA89CKfHPw&list=PLZnx7A_iEZfP4n3pQle4-EgDYma_2FqzO&index=4;Negativo;Negativo;Negativo;Negativo;Negativo
sOA89CKfHPw;The Boondocks - Episódio 4 (Dublado PT-BR);"""O que você está fazendo desgrassado? """;Início;https://www.youtube.com/watch?v=sOA89CKfHPw&list=PLZnx7A_iEZfP4n3pQle4-EgDYma_2FqzO&index=4;Negativo;Negativo;Negativo;Negativo;Negativo
sOA89CKfHPw;The Boondocks - Episódio 4 (Dublado PT-BR);"""esta droga de música?""";Início;https://www.youtube.com/watch?v=sOA89CKfHPw&list=PLZnx7A_iEZfP4n3pQle4-EgDYma_2FqzO&index=4;Negativo;Negativo;Negativo;Negativo;Negativo
sOA89CKfHPw;The Boondocks - Episódio 4 (Dublado PT-BR);"""Este é o criolo negro samurai.""";Meio;https://www.youtube.com/watch?v=sOA89CKfHPw&list=PLZnx7A_iEZfP4n3pQle4-EgDYma_2FqzO&index=4;Negativo;Negativo;Negativo;Negativo;Negativo
sOA89CKfHPw;The Boondocks - Episódio 4 (Dublado PT-BR);"""Um momento criolo""";Meio;https://www.youtube.com/watch?v=sOA89CKfHPw&list=PLZnx7A_iEZfP4n3pQle4-EgDYma_2FqzO&index=4;Negativo;Negativo;Negativo;Negativo;Negativo
sOA89CKfHPw;The Boondocks - Episódio 4 (Dublado PT-BR);"""Eu vi você no jornal com essa sua bunda preta.""";Meio;https://www.youtube.com/watch?v=sOA89CKfHPw&list=PLZnx7A_iEZfP4n3pQle4-EgDYma_2FqzO&index=4;Negativo;Negativo;Negativo;Negativo;Negativo
sOA89CKfHPw;The Boondocks - Episódio 4 (Dublado PT-BR);"""quer ter um criolo""";Meio;https://www.youtube.com/watch?v=sOA89CKfHPw&list=PLZnx7A_iEZfP4n3pQle4-EgDYma_2FqzO&index=4;Negativo;Negativo;Negativo;Negativo;Negativo
sOA89CKfHPw;The Boondocks - Episódio 4 (Dublado PT-BR);"""filho da puta """;Meio;https://www.youtube.com/watch?v=sOA89CKfHPw&list=PLZnx7A_iEZfP4n3pQle4-EgDYma_2FqzO&index=4;Negativo;Negativo;Negativo;Negativo;Negativo
sOA89CKfHPw;The Boondocks - Episódio 4 (Dublado PT-BR);"""Foi por isso, merda.""";Fim;https://www.youtube.com/watch?v=sOA89CKfHPw&list=PLZnx7A_iEZfP4n3pQle4-EgDYma_2FqzO&index=4;Negativo;Negativo;Negativo;Negativo;Negativo
sOA89CKfHPw;The Boondocks - Episódio 4 (Dublado PT-BR);"""Ele mata um homem usando só a bunda.""";Fim;https://www.youtube.com/watch?v=sOA89CKfHPw&list=PLZnx7A_iEZfP4n3pQle4-EgDYma_2FqzO&index=4;Negativo;Negativo;Negativo;Negativo;Negativo
sOA89CKfHPw;The Boondocks - Episódio 4 (Dublado PT-BR);"""Um momento criolo particular em vergonha você.""";Fim;https://www.youtube.com/watch?v=sOA89CKfHPw&list=PLZnx7A_iEZfP4n3pQle4-EgDYma_2FqzO&index=4;Negativo;Neutro;Negativo;Negativo;Negativo
sOA89CKfHPw;The Boondocks - Episódio 4 (Dublado PT-BR);"""Eu vou comer de sessão, velho!""";Fim;https://www.youtube.com/watch?v=sOA89CKfHPw&list=PLZnx7A_iEZfP4n3pQle4-EgDYma_2FqzO&index=4;Negativo;Negativo;Negativo;Negativo;Negativo
sOA89CKfHPw;The Boondocks - Episódio 4 (Dublado PT-BR);"""É, tá se borrando todo seu criolo safado.""";Fim;https://www.youtube.com/watch?v=sOA89CKfHPw&list=PLZnx7A_iEZfP4n3pQle4-EgDYma_2FqzO&index=4;Negativo;Negativo;Negativo;Negativo;Negativo
fk3E74NwJqw;The boondocks 1Temporada - Ep5 (Dublado PT-BR);"""Aqui a gente não desperdiça porra nenhuma.""";Início;https://www.youtube.com/watch?v=fk3E74NwJqw&list=PLZnx7A_iEZfP4n3pQle4-EgDYma_2FqzO&index=5;Negativo;Negativo;Negativo;Negativo;Negativo
fk3E74NwJqw;The boondocks 1Temporada - Ep5 (Dublado PT-BR);""" mandado para a prisão e ser estuprado""";Início;https://www.youtube.com/watch?v=fk3E74NwJqw&list=PLZnx7A_iEZfP4n3pQle4-EgDYma_2FqzO&index=5;Negativo;Negativo;Negativo;Negativo;Negativo
fk3E74NwJqw;The boondocks 1Temporada - Ep5 (Dublado PT-BR);"""descreviu violento estupro""";Início;https://www.youtube.com/watch?v=fk3E74NwJqw&list=PLZnx7A_iEZfP4n3pQle4-EgDYma_2FqzO&index=5;Negativo;Negativo;Positivo;Negativo;Negativo
fk3E74NwJqw;The boondocks 1Temporada - Ep5 (Dublado PT-BR);"""Vou caçar ele por aí, dá para ele comer os seus próprios testículos.""";Início;https://www.youtube.com/watch?v=fk3E74NwJqw&list=PLZnx7A_iEZfP4n3pQle4-EgDYma_2FqzO&index=5;Negativo;Neutro;Negativo;Negativo;Negativo
fk3E74NwJqw;The boondocks 1Temporada - Ep5 (Dublado PT-BR);"""Eles vão te estuprar""";Início;https://www.youtube.com/watch?v=fk3E74NwJqw&list=PLZnx7A_iEZfP4n3pQle4-EgDYma_2FqzO&index=5;Negativo;Negativo;Negativo;Positivo;Negativo
fk3E74NwJqw;The boondocks 1Temporada - Ep5 (Dublado PT-BR);"""Foda-se.""";Meio;https://www.youtube.com/watch?v=fk3E74NwJqw&list=PLZnx7A_iEZfP4n3pQle4-EgDYma_2FqzO&index=5;Negativo;Negativo;Negativo;Negativo;Negativo
fk3E74NwJqw;The boondocks 1Temporada - Ep5 (Dublado PT-BR);"""A gente tem que ir atrás do filho da puta.""";Meio;https://www.youtube.com/watch?v=fk3E74NwJqw&list=PLZnx7A_iEZfP4n3pQle4-EgDYma_2FqzO&index=5;Negativo;Negativo;Negativo;Negativo;Negativo
fk3E74NwJqw;The boondocks 1Temporada - Ep5 (Dublado PT-BR);"""Eu vou montar no traseiro dele que nem um filho da puta.""";Meio;https://www.youtube.com/watch?v=fk3E74NwJqw&list=PLZnx7A_iEZfP4n3pQle4-EgDYma_2FqzO&index=5;Negativo;Negativo;Negativo;Neutro;Negativo
fk3E74NwJqw;The boondocks 1Temporada - Ep5 (Dublado PT-BR);"""Eu quero que todo mundo se foda!""";Meio;https://www.youtube.com/watch?v=fk3E74NwJqw&list=PLZnx7A_iEZfP4n3pQle4-EgDYma_2FqzO&index=5;Negativo;Negativo;Negativo;Negativo;Negativo
fk3E74NwJqw;The boondocks 1Temporada - Ep5 (Dublado PT-BR);"""Eu tô com fome pra caralho.""";Meio;https://www.youtube.com/watch?v=fk3E74NwJqw&list=PLZnx7A_iEZfP4n3pQle4-EgDYma_2FqzO&index=5;Negativo;Negativo;Negativo;Negativo;Negativo
fk3E74NwJqw;The boondocks 1Temporada - Ep5 (Dublado PT-BR);"""É a merda do racismo.""";Fim;https://www.youtube.com/watch?v=fk3E74NwJqw&list=PLZnx7A_iEZfP4n3pQle4-EgDYma_2FqzO&index=5;Negativo;Negativo;Negativo;Negativo;Neutro
fk3E74NwJqw;The boondocks 1Temporada - Ep5 (Dublado PT-BR);"""Português, eu filho da puta, você fala?""";Fim;https://www.youtube.com/watch?v=fk3E74NwJqw&list=PLZnx7A_iEZfP4n3pQle4-EgDYma_2FqzO&index=5;Negativo;Negativo;Negativo;Negativo;Negativo
fk3E74NwJqw;The boondocks 1Temporada - Ep5 (Dublado PT-BR);"""Eu te desafio, seu filho da puta.""";Fim;https://www.youtube.com/watch?v=fk3E74NwJqw&list=PLZnx7A_iEZfP4n3pQle4-EgDYma_2FqzO&index=5;Negativo;Negativo;Negativo;Negativo;Negativo
fk3E74NwJqw;The boondocks 1Temporada - Ep5 (Dublado PT-BR);"""Caralho!""";Fim;https://www.youtube.com/watch?v=fk3E74NwJqw&list=PLZnx7A_iEZfP4n3pQle4-EgDYma_2FqzO&index=5;Negativo;Negativo;Negativo;Negativo;Negativo
fk3E74NwJqw;The boondocks 1Temporada - Ep5 (Dublado PT-BR);"""Mas, o que vocês estão olhando, caralho?""";Fim;https://www.youtube.com/watch?v=fk3E74NwJqw&list=PLZnx7A_iEZfP4n3pQle4-EgDYma_2FqzO&index=5;Negativo;Negativo;Negativo;Negativo;Negativo
_yGZR-r3nl0;Stan e Kyle a MELHOR Dupla de SOUTH PARK;"""puta,puta,puta""";Início;https://www.youtube.com/watch?v=_yGZR-r3nl0;Negativo;Negativo;Negativo;Negativo;Negativo
_yGZR-r3nl0;Stan e Kyle a MELHOR Dupla de SOUTH PARK;"""seu puto fudido""";Início;https://www.youtube.com/watch?v=_yGZR-r3nl0;Negativo;Negativo;Negativo;Negativo;Positivo
_yGZR-r3nl0;Stan e Kyle a MELHOR Dupla de SOUTH PARK;"""fudido""";Início;https://www.youtube.com/watch?v=_yGZR-r3nl0;Negativo;Negativo;Negativo;Negativo;Negativo
_yGZR-r3nl0;Stan e Kyle a MELHOR Dupla de SOUTH PARK;"""Emorroida""";Início;https://www.youtube.com/watch?v=_yGZR-r3nl0;Negativo;Negativo;Negativo;Negativo;Neutro
_yGZR-r3nl0;Stan e Kyle a MELHOR Dupla de SOUTH PARK;"""Que diabos""";Início;https://www.youtube.com/watch?v=_yGZR-r3nl0;Negativo;Neutro;Negativo;Negativo;Negativo
_yGZR-r3nl0;Stan e Kyle a MELHOR Dupla de SOUTH PARK;"""porra""";Meio;https://www.youtube.com/watch?v=_yGZR-r3nl0;Negativo;Negativo;Negativo;Negativo;Negativo
_yGZR-r3nl0;Stan e Kyle a MELHOR Dupla de SOUTH PARK;"""Bixas""";Meio;https://www.youtube.com/watch?v=_yGZR-r3nl0;Negativo;Negativo;Negativo;Negativo;Neutro
_yGZR-r3nl0;Stan e Kyle a MELHOR Dupla de SOUTH PARK;"""Que merda""";Meio;https://www.youtube.com/watch?v=_yGZR-r3nl0;Negativo;Negativo;Negativo;Negativo;Negativo
_yGZR-r3nl0;Stan e Kyle a MELHOR Dupla de SOUTH PARK;"""Monte de bosta""";Meio;https://www.youtube.com/watch?v=_yGZR-r3nl0;Negativo;Negativo;Negativo;Negativo;Negativo
_yGZR-r3nl0;Stan e Kyle a MELHOR Dupla de SOUTH PARK;"""Voce e um bosta""";Meio;https://www.youtube.com/watch?v=_yGZR-r3nl0;Negativo;Negativo;Negativo;Negativo;Negativo
_yGZR-r3nl0;Stan e Kyle a MELHOR Dupla de SOUTH PARK;"""No meu rabo""";Fim;https://www.youtube.com/watch?v=_yGZR-r3nl0;Negativo;Negativo;Negativo;Negativo;Negativo
_yGZR-r3nl0;Stan e Kyle a MELHOR Dupla de SOUTH PARK;"""Não peida""";Fim;https://www.youtube.com/watch?v=_yGZR-r3nl0;Negativo;Negativo;Negativo;Negativo;Negativo
_yGZR-r3nl0;Stan e Kyle a MELHOR Dupla de SOUTH PARK;"""Caralho""";Fim;https://www.youtube.com/watch?v=_yGZR-r3nl0;Negativo;Positivo;Negativo;Negativo;Negativo
_yGZR-r3nl0;Stan e Kyle a MELHOR Dupla de SOUTH PARK;"""Se pegar""";Fim;https://www.youtube.com/watch?v=_yGZR-r3nl0;Negativo;Negativo;Negativo;Neutro;Negativo
xRt1a-TMxcI;South Park FBF - Padre Tarado (Dublado);"""Oh, caralho!""";Início;https://www.youtube.com/watch?v=xRt1a-TMxcI;Negativo;Negativo;Negativo;Negativo;Negativo
xRt1a-TMxcI;South Park FBF - Padre Tarado (Dublado);"""sem esses putos aparecerem""";Início;https://www.youtube.com/watch?v=xRt1a-TMxcI;Negativo;Negativo;Negativo;Negativo;Negativo
xRt1a-TMxcI;South Park FBF - Padre Tarado (Dublado);"""pra se sincero ele é uma bosta""";Início;https://www.youtube.com/watch?v=xRt1a-TMxcI;Negativo;Negativo;Negativo;Negativo;Negativo
xRt1a-TMxcI;South Park FBF - Padre Tarado (Dublado);"""Meu pau""";Início;https://www.youtube.com/watch?v=xRt1a-TMxcI;Negativo;Negativo;Negativo;Negativo;Negativo
xRt1a-TMxcI;South Park FBF - Padre Tarado (Dublado);"""porra!""";Início;https://www.youtube.com/watch?v=xRt1a-TMxcI;Negativo;Negativo;Negativo;Negativo;Negativo
xRt1a-TMxcI;South Park FBF - Padre Tarado (Dublado);"""pé na porra do universo""";Meio;https://www.youtube.com/watch?v=xRt1a-TMxcI;Negativo;Negativo;Neutro;Negativo;Negativo
xRt1a-TMxcI;South Park FBF - Padre Tarado (Dublado);Chega no seu filho da puta.;Meio;https://www.youtube.com/watch?v=xRt1a-TMxcI;Negativo;Negativo;Negativo;Neutro;Negativo
xRt1a-TMxcI;South Park FBF - Padre Tarado (Dublado);"""Feira puta!""";Meio;https://www.youtube.com/watch?v=xRt1a-TMxcI;Negativo;Negativo;Negativo;Negativo;Negativo
xRt1a-TMxcI;South Park FBF - Padre Tarado (Dublado);"""Que merda nada!""";Meio;https://www.youtube.com/watch?v=xRt1a-TMxcI;Negativo;Positivo;Negativo;Negativo;Negativo
xRt1a-TMxcI;South Park FBF - Padre Tarado (Dublado);"""cidade foda.""";Meio;https://www.youtube.com/watch?v=xRt1a-TMxcI;Negativo;Negativo;Negativo;Negativo;Negativo
xRt1a-TMxcI;South Park FBF - Padre Tarado (Dublado);""" em uma franquia foda""";Fim;https://www.youtube.com/watch?v=xRt1a-TMxcI;Negativo;Negativo;Negativo;Negativo;Negativo
xRt1a-TMxcI;South Park FBF - Padre Tarado (Dublado);"""sua piranha burra""";Fim;https://www.youtube.com/watch?v=xRt1a-TMxcI;Negativo;Negativo;Negativo;Negativo;Negativo
xRt1a-TMxcI;South Park FBF - Padre Tarado (Dublado);"""Todo pai um dia comeu mãe de alguém""";Fim;https://www.youtube.com/watch?v=xRt1a-TMxcI;Negativo;Negativo;Negativo;Neutro;Negativo
xRt1a-TMxcI;South Park FBF - Padre Tarado (Dublado);"""já comeu a sua mãe""";Fim;https://www.youtube.com/watch?v=xRt1a-TMxcI;Negativo;Negativo;Negativo;Negativo;Negativo
xRt1a-TMxcI;South Park FBF - Padre Tarado (Dublado);"""Meu pai comeu a minha mãe""";Fim;https://www.youtube.com/watch?v=xRt1a-TMxcI;Negativo;Neutro;Negativo;Negativo;Negativo
rnqEzTwdY4U;South Park FBF - O Poder do Peido (Dublado);"""Ah, conta essa porra!""";Início;https://www.youtube.com/watch?v=rnqEzTwdY4U;Negativo;Negativo;Negativo;Negativo;Negativo
rnqEzTwdY4U;South Park FBF - O Poder do Peido (Dublado);"""É só assim que eu relaxo de tanto ouvido as suas merdas, caralho!""";Início;https://www.youtube.com/watch?v=rnqEzTwdY4U;Negativo;Negativo;Neutro;Negativo;Negativo
rnqEzTwdY4U;South Park FBF - O Poder do Peido (Dublado);"""Não brinque no meu da rua, piralhos do caralho!""";Início;https://www.youtube.com/watch?v=rnqEzTwdY4U;Negativo;Negativo;Negativo;Negativo;Negativo
rnqEzTwdY4U;South Park FBF - O Poder do Peido (Dublado);"""quem cagou na minha varanda?""";Início;https://www.youtube.com/watch?v=rnqEzTwdY4U;Negativo;Negativo;Positivo;Negativo;Negativo
rnqEzTwdY4U;South Park FBF - O Poder do Peido (Dublado);"""Você não passa de uma bichinha!""";Início;https://www.youtube.com/watch?v=rnqEzTwdY4U;Negativo;Negativo;Negativo;Negativo;Negativo
rnqEzTwdY4U;South Park FBF - O Poder do Peido (Dublado);"""Ah, merda!""";Meio;https://www.youtube.com/watch?v=rnqEzTwdY4U;Negativo;Negativo;Negativo;Negativo;Negativo
rnqEzTwdY4U;South Park FBF - O Poder do Peido (Dublado);"""Foda-se os amigos da liberdade!""";Meio;https://www.youtube.com/watch?v=rnqEzTwdY4U;Negativo;Negativo;Positivo;Negativo;Negativo
rnqEzTwdY4U;South Park FBF - O Poder do Peido (Dublado);"""Repito, caralho, cadê você, Supercrack?""";Meio;https://www.youtube.com/watch?v=rnqEzTwdY4U;Negativo;Negativo;Negativo;Negativo;Negativo
rnqEzTwdY4U;South Park FBF - O Poder do Peido (Dublado);"""Caralho, mas que porra!""";Meio;https://www.youtube.com/watch?v=rnqEzTwdY4U;Negativo;Negativo;Negativo;Negativo;Negativo
rnqEzTwdY4U;South Park FBF - O Poder do Peido (Dublado);“Foda-se! Mãe! Foda-se! Foda-se! Foda-se!”;Meio;https://www.youtube.com/watch?v=rnqEzTwdY4U;Negativo;Negativo;Negativo;Negativo;Negativo
rnqEzTwdY4U;South Park FBF - O Poder do Peido (Dublado);"""Ei, que porra é essa agora?""";Fim;https://www.youtube.com/watch?v=rnqEzTwdY4U;Negativo;Negativo;Negativo;Negativo;Neutro
rnqEzTwdY4U;South Park FBF - O Poder do Peido (Dublado);"""Eu já dei conta de um merdinha.""";Fim;https://www.youtube.com/watch?v=rnqEzTwdY4U;Negativo;Negativo;Negativo;Negativo;Negativo
rnqEzTwdY4U;South Park FBF - O Poder do Peido (Dublado);"""E quando acabou seu último pingo de força, você achou sua ficha de habilidade. Porra, dói pra valer.""";Fim;https://www.youtube.com/watch?v=rnqEzTwdY4U;Negativo;Negativo;Negativo;Negativo;Negativo
rnqEzTwdY4U;South Park FBF - O Poder do Peido (Dublado);"""Comer a sua mãe.""";Fim;https://www.youtube.com/watch?v=rnqEzTwdY4U;Negativo;Negativo;Negativo;Negativo;Negativo
rnqEzTwdY4U;South Park FBF - O Poder do Peido (Dublado);“Se ele deixou você, puto. E o vilão cometerá um erro, fatal.”;Fim;https://www.youtube.com/watch?v=rnqEzTwdY4U;Negativo;Negativo;Negativo;Negativo;Negativo
NG9p6kyJZ1g;Brickleberry - Aparcalipse - Dublado em Português;"""se não fosse tão puritana na cama.""";Início;https://www.youtube.com/watch?v=NG9p6kyJZ1g;Negativo;Negativo;Negativo;Negativo;Negativo
NG9p6kyJZ1g;Brickleberry - Aparcalipse - Dublado em Português;"""mercado aberto de crianças escravas de Dubai""";Início;https://www.youtube.com/watch?v=NG9p6kyJZ1g;Negativo;Negativo;Negativo;Negativo;Negativo
NG9p6kyJZ1g;Brickleberry - Aparcalipse - Dublado em Português;"""Ela deu pro irmão do Bodo""";Início;https://www.youtube.com/watch?v=NG9p6kyJZ1g;Negativo;Negativo;Negativo;Negativo;Negativo
NG9p6kyJZ1g;Brickleberry - Aparcalipse - Dublado em Português;""" pensando que eu sou algum tipo de pervertido""";Início;https://www.youtube.com/watch?v=NG9p6kyJZ1g;Negativo;Negativo;Negativo;Negativo;Negativo
NG9p6kyJZ1g;Brickleberry - Aparcalipse - Dublado em Português;"""estava ordenando minha próstata""";Início;https://www.youtube.com/watch?v=NG9p6kyJZ1g;Negativo;Negativo;Negativo;Negativo;Negativo
NG9p6kyJZ1g;Brickleberry - Aparcalipse - Dublado em Português;"""Que bosta!""";Meio;https://www.youtube.com/watch?v=NG9p6kyJZ1g;Negativo;Negativo;Negativo;Negativo;Negativo
NG9p6kyJZ1g;Brickleberry - Aparcalipse - Dublado em Português;"""Agora onde está privada nessa bosta de galpão?""";Meio;https://www.youtube.com/watch?v=NG9p6kyJZ1g;Negativo;Negativo;Negativo;Negativo;Negativo
NG9p6kyJZ1g;Brickleberry - Aparcalipse - Dublado em Português;"""mas não tente pegar no meu pênis.”""";Meio;https://www.youtube.com/watch?v=NG9p6kyJZ1g;Negativo;Negativo;Negativo;Negativo;Negativo
NG9p6kyJZ1g;Brickleberry - Aparcalipse - Dublado em Português;""" e alimento para os demônios""";Meio;https://www.youtube.com/watch?v=NG9p6kyJZ1g;Negativo;Negativo;Negativo;Negativo;Negativo
NG9p6kyJZ1g;Brickleberry - Aparcalipse - Dublado em Português;"""Vá, cagá!""";Meio;https://www.youtube.com/watch?v=NG9p6kyJZ1g;Negativo;Negativo;Negativo;Negativo;Negativo
NG9p6kyJZ1g;Brickleberry - Aparcalipse - Dublado em Português;"""Cala essas criaturas do inferno.""";Fim;https://www.youtube.com/watch?v=NG9p6kyJZ1g;Negativo;Negativo;Negativo;Negativo;Negativo
NG9p6kyJZ1g;Brickleberry - Aparcalipse - Dublado em Português;"""A gente está exorcizando esse filotinho de capeta.""";Fim;https://www.youtube.com/watch?v=NG9p6kyJZ1g;Negativo;Negativo;Negativo;Negativo;Negativo
NG9p6kyJZ1g;Brickleberry - Aparcalipse - Dublado em Português;"""Te vejo no inferno, mãe.""";Fim;https://www.youtube.com/watch?v=NG9p6kyJZ1g;Negativo;Negativo;Negativo;Negativo;Neutro
NG9p6kyJZ1g;Brickleberry - Aparcalipse - Dublado em Português;"""Te vejo no inferno, filho.""";Fim;https://www.youtube.com/watch?v=NG9p6kyJZ1g;Negativo;Negativo;Negativo;Negativo;Neutro
NG9p6kyJZ1g;Brickleberry - Aparcalipse - Dublado em Português;""" parece ser uma orgia gay""";Fim;https://www.youtube.com/watch?v=NG9p6kyJZ1g;Negativo;Negativo;Negativo;Negativo;Negativo
PaW1bx8Qins;SOUTH PARK DUBLADO | PESO SHAKE - Episódio completo;"""Porra.""";Início;https://www.youtube.com/watch?v=PaW1bx8Qins;Negativo;Negativo;Negativo;Negativo;Negativo
PaW1bx8Qins;SOUTH PARK DUBLADO | PESO SHAKE - Episódio completo;"""É da boa, porra.""";Início;https://www.youtube.com/watch?v=PaW1bx8Qins;Negativo;Negativo;Negativo;Negativo;Negativo
PaW1bx8Qins;SOUTH PARK DUBLADO | PESO SHAKE - Episódio completo;"""Isso, porra.""";Início;https://www.youtube.com/watch?v=PaW1bx8Qins;Negativo;Negativo;Negativo;Negativo;Negativo
PaW1bx8Qins;SOUTH PARK DUBLADO | PESO SHAKE - Episódio completo;"""Ah, merda.""";Início;https://www.youtube.com/watch?v=PaW1bx8Qins;Negativo;Neutro;Negativo;Negativo;Negativo
PaW1bx8Qins;SOUTH PARK DUBLADO | PESO SHAKE - Episódio completo;"""Mas que merda.""";Início;https://www.youtube.com/watch?v=PaW1bx8Qins;Negativo;Negativo;Negativo;Negativo;Negativo
PaW1bx8Qins;SOUTH PARK DUBLADO | PESO SHAKE - Episódio completo;"""Silêncio no set, porra.""";Meio;https://www.youtube.com/watch?v=PaW1bx8Qins;Negativo;Negativo;Negativo;Negativo;Negativo
PaW1bx8Qins;SOUTH PARK DUBLADO | PESO SHAKE - Episódio completo;""" tem pedacinhos de maconhas presos na frigideira""";Meio;https://www.youtube.com/watch?v=PaW1bx8Qins;Negativo;Neutro;Negativo;Negativo;Negativo
PaW1bx8Qins;SOUTH PARK DUBLADO | PESO SHAKE - Episódio completo;"""Ótimo, quase lá. Não vale. Não vale. Mais fortes. Mais rápidas""";Meio;https://www.youtube.com/watch?v=PaW1bx8Qins;Negativo;Negativo;Negativo;Negativo;Negativo
PaW1bx8Qins;SOUTH PARK DUBLADO | PESO SHAKE - Episódio completo;"""lendo uma Playboy""";Meio;https://www.youtube.com/watch?v=PaW1bx8Qins;Negativo;Negativo;Negativo;Negativo;Negativo
PaW1bx8Qins;SOUTH PARK DUBLADO | PESO SHAKE - Episódio completo;""" Empurre mais um pouco dedo.. Mais rápido. Mais forte""";Meio;https://www.youtube.com/watch?v=PaW1bx8Qins;Negativo;Negativo;Negativo;Negativo;Negativo
PaW1bx8Qins;SOUTH PARK DUBLADO | PESO SHAKE - Episódio completo;"""Que merda.""";Fim;https://www.youtube.com/watch?v=PaW1bx8Qins;Negativo;Negativo;Negativo;Negativo;Negativo
PaW1bx8Qins;SOUTH PARK DUBLADO | PESO SHAKE - Episódio completo;"""Que merda de comida.""";Fim;https://www.youtube.com/watch?v=PaW1bx8Qins;Negativo;Negativo;Negativo;Negativo;Negativo
PaW1bx8Qins;SOUTH PARK DUBLADO | PESO SHAKE - Episódio completo;"""Você tem a cabeça no meio da bunda, não é?""";Fim;https://www.youtube.com/watch?v=PaW1bx8Qins;Negativo;Positivo;Negativo;Negativo;Negativo
PaW1bx8Qins;SOUTH PARK DUBLADO | PESO SHAKE - Episódio completo;"""Gordon Ramsay diz que você é um merda e hora de desistir.""";Fim;https://www.youtube.com/watch?v=PaW1bx8Qins;Negativo;Neutro;Negativo;Negativo;Negativo
PaW1bx8Qins;SOUTH PARK DUBLADO | PESO SHAKE - Episódio completo;"""cozinha do inferno do chefe de aço do combate """;Fim;https://www.youtube.com/watch?v=PaW1bx8Qins;Negativo;Negativo;Negativo;Negativo;Negativo
DUGMReDRzSc;Rick And Morty Dublado - Completo;"""Que merda morga!""";Início;https://www.youtube.com/watch?v=DUGMReDRzSc;Negativo;Negativo;Negativo;Negativo;Negativo
DUGMReDRzSc;Rick And Morty Dublado - Completo;"""Eu fiz sua conta no pornhub, e outra.""";Início;https://www.youtube.com/watch?v=DUGMReDRzSc;Negativo;Negativo;Negativo;Negativo;Negativo
DUGMReDRzSc;Rick And Morty Dublado - Completo;""" mas que merda foi aquilo .""";Início;https://www.youtube.com/watch?v=DUGMReDRzSc;Negativo;Negativo;Negativo;Negativo;Negativo
DUGMReDRzSc;Rick And Morty Dublado - Completo;"""me masturbar""";Início;https://www.youtube.com/watch?v=DUGMReDRzSc;Negativo;Negativo;Neutro;Negativo;Negativo
DUGMReDRzSc;Rick And Morty Dublado - Completo;"""feito é chupar uma cara""";Meio;https://www.youtube.com/watch?v=DUGMReDRzSc;Negativo;Negativo;Negativo;Negativo;Negativo
DUGMReDRzSc;Rick And Morty Dublado - Completo;"""Quero te chupar todinho.""";Meio;https://www.youtube.com/watch?v=DUGMReDRzSc;Negativo;Negativo;Negativo;Negativo;Negativo
DUGMReDRzSc;Rick And Morty Dublado - Completo;"""Também quero te chupar""";Meio;https://www.youtube.com/watch?v=DUGMReDRzSc;Negativo;Neutro;Negativo;Negativo;Negativo
DUGMReDRzSc;Rick And Morty Dublado - Completo;"""Eu vou te chupar na broderagem.""";Meio;https://www.youtube.com/watch?v=DUGMReDRzSc;Negativo;Negativo;Negativo;Negativo;Negativo
DUGMReDRzSc;Rick And Morty Dublado - Completo;""" Me chupa""";Meio;https://www.youtube.com/watch?v=DUGMReDRzSc;Negativo;Negativo;Negativo;Positivo;Negativo
DUGMReDRzSc;Rick And Morty Dublado - Completo;""" Vamos fazer essa merda e...""";Fim;https://www.youtube.com/watch?v=DUGMReDRzSc;Negativo;Negativo;Negativo;Negativo;Negativo
DUGMReDRzSc;Rick And Morty Dublado - Completo;"""Tá mais pra conselho de gozo.""";Fim;https://www.youtube.com/watch?v=DUGMReDRzSc;Negativo;Negativo;Negativo;Negativo;Negativo
DUGMReDRzSc;Rick And Morty Dublado - Completo;"""Eu não vou limpar essa merda toda.""";Fim;https://www.youtube.com/watch?v=DUGMReDRzSc;Negativo;Negativo;Negativo;Negativo;Negativo
DUGMReDRzSc;Rick And Morty Dublado - Completo;"""Até que eu acho meio foda.""";Fim;https://www.youtube.com/watch?v=DUGMReDRzSc;Negativo;Negativo;Negativo;Negativo;Neutro
DUGMReDRzSc;Rick And Morty Dublado - Completo;"""Preciso cagar um ovo.""";Fim;https://www.youtube.com/watch?v=DUGMReDRzSc;Negativo;Negativo;Negativo;Negativo;Negativo
KxViXp6AieM;RICK E MORTY DUBLADO 5 TEMPORADA AO VIVO;"""Vai se ferra, você tá ouvindo isso!""";Início;https://www.youtube.com/watch?v=KxViXp6AieM;Negativo;Negativo;Negativo;Negativo;Negativo
KxViXp6AieM;RICK E MORTY DUBLADO 5 TEMPORADA AO VIVO;"""mas foda-se se eu tenho pergunta sobre o homem estrela""";Início;https://www.youtube.com/watch?v=KxViXp6AieM;Negativo;Negativo;Negativo;Negativo;Negativo
KxViXp6AieM;RICK E MORTY DUBLADO 5 TEMPORADA AO VIVO;"""Olha, para o seu toba!""";Início;https://www.youtube.com/watch?v=KxViXp6AieM;Negativo;Negativo;Negativo;Negativo;Negativo
KxViXp6AieM;RICK E MORTY DUBLADO 5 TEMPORADA AO VIVO;"""E o que eu tomei no toba?""";Início;https://www.youtube.com/watch?v=KxViXp6AieM;Negativo;Negativo;Negativo;Negativo;Negativo
KxViXp6AieM;RICK E MORTY DUBLADO 5 TEMPORADA AO VIVO;""" Porra, esses caras querem muito bem matar!""";Início;https://www.youtube.com/watch?v=KxViXp6AieM;Negativo;Negativo;Negativo;Negativo;Negativo
KxViXp6AieM;RICK E MORTY DUBLADO 5 TEMPORADA AO VIVO;"""Sem da camiseta, faça sexo, com segurança!""";Meio;https://www.youtube.com/watch?v=KxViXp6AieM;Neutro;Neutro;Neutro;Neutro;Neutro
KxViXp6AieM;RICK E MORTY DUBLADO 5 TEMPORADA AO VIVO;"""Tu que fosse porra""";Meio;https://www.youtube.com/watch?v=KxViXp6AieM;Negativo;Negativo;Negativo;Negativo;Negativo
KxViXp6AieM;RICK E MORTY DUBLADO 5 TEMPORADA AO VIVO;"""Essa fantasia tem cheiro de bunda.""";Meio;https://www.youtube.com/watch?v=KxViXp6AieM;Negativo;Negativo;Neutro;Negativo;Negativo
KxViXp6AieM;RICK E MORTY DUBLADO 5 TEMPORADA AO VIVO;"""eu sou seu pai, porra.""";Meio;https://www.youtube.com/watch?v=KxViXp6AieM;Negativo;Neutro;Negativo;Negativo;Negativo
KxViXp6AieM;RICK E MORTY DUBLADO 5 TEMPORADA AO VIVO;"""ex-máquina, mas não trepa com ele, SAMER!""";Meio;https://www.youtube.com/watch?v=KxViXp6AieM;Neutro;Neutro;Neutro;Neutro;Neutro
KxViXp6AieM;RICK E MORTY DUBLADO 5 TEMPORADA AO VIVO;"""Parece um porre.""";Fim;https://www.youtube.com/watch?v=KxViXp6AieM;Negativo;Negativo;Negativo;Negativo;Negativo
KxViXp6AieM;RICK E MORTY DUBLADO 5 TEMPORADA AO VIVO;"""Por que essa merda?""";Fim;https://www.youtube.com/watch?v=KxViXp6AieM;Negativo;Negativo;Negativo;Negativo;Neutro
KxViXp6AieM;RICK E MORTY DUBLADO 5 TEMPORADA AO VIVO;"""Agora, leve essa sua rabeta de palmito até a cozinha e me traz uma coca-zero.""";Fim;https://www.youtube.com/watch?v=KxViXp6AieM;Negativo;Negativo;Neutro;Negativo;Negativo
KxViXp6AieM;RICK E MORTY DUBLADO 5 TEMPORADA AO VIVO;""" Ah, essa jorra merda!""";Fim;https://www.youtube.com/watch?v=KxViXp6AieM;Negativo;Negativo;Negativo;Negativo;Negativo
5n2UYiXM0is;The boondocks 1Temporada - Ep 6 (Dublado PT-BR);"""Se o meu avô tem uma fraqueza, são as vadias.""";Início;https://www.youtube.com/watch?v=5n2UYiXM0is&list=PLZnx7A_iEZfP4n3pQle4-EgDYma_2FqzO&index=6;Negativo;Negativo;Negativo;Negativo;Negativo
5n2UYiXM0is;The boondocks 1Temporada - Ep 6 (Dublado PT-BR);"""aí é foda""";Início;https://www.youtube.com/watch?v=5n2UYiXM0is&list=PLZnx7A_iEZfP4n3pQle4-EgDYma_2FqzO&index=6;Negativo;Negativo;Negativo;Negativo;Negativo
5n2UYiXM0is;The boondocks 1Temporada - Ep 6 (Dublado PT-BR);"""aquele velhote conseguiu fuder com a tua cara""";Início;https://www.youtube.com/watch?v=5n2UYiXM0is&list=PLZnx7A_iEZfP4n3pQle4-EgDYma_2FqzO&index=6;Negativo;Negativo;Negativo;Negativo;Negativo
5n2UYiXM0is;The boondocks 1Temporada - Ep 6 (Dublado PT-BR);"""você vai ter um monte de vadia""";Início;https://www.youtube.com/watch?v=5n2UYiXM0is&list=PLZnx7A_iEZfP4n3pQle4-EgDYma_2FqzO&index=6;Neutro;Neutro;Positivo;Neutro;Neutro
5n2UYiXM0is;The boondocks 1Temporada - Ep 6 (Dublado PT-BR);"""Eles vão deixar essa casa de um 5 vezes maior com mais quartos para as vadias.""";Início;https://www.youtube.com/watch?v=5n2UYiXM0is&list=PLZnx7A_iEZfP4n3pQle4-EgDYma_2FqzO&index=6;Neutro;Neutro;Neutro;Neutro;Neutro
5n2UYiXM0is;The boondocks 1Temporada - Ep 6 (Dublado PT-BR);""" Ninguém cata tanta vadia quanto Rio Gretner, não é?""";Meio;https://www.youtube.com/watch?v=5n2UYiXM0is&list=PLZnx7A_iEZfP4n3pQle4-EgDYma_2FqzO&index=6;Neutro;Neutro;Neutro;Neutro;Neutro
5n2UYiXM0is;The boondocks 1Temporada - Ep 6 (Dublado PT-BR);"""me chamem de vadio.""";Meio;https://www.youtube.com/watch?v=5n2UYiXM0is&list=PLZnx7A_iEZfP4n3pQle4-EgDYma_2FqzO&index=6;Negativo;Negativo;Negativo;Negativo;Negativo
5n2UYiXM0is;The boondocks 1Temporada - Ep 6 (Dublado PT-BR);"""Tá certo, senhor vadil.""";Meio;https://www.youtube.com/watch?v=5n2UYiXM0is&list=PLZnx7A_iEZfP4n3pQle4-EgDYma_2FqzO&index=6;Negativo;Negativo;Negativo;Negativo;Negativo
5n2UYiXM0is;The boondocks 1Temporada - Ep 6 (Dublado PT-BR);"""com toda licença, senhor vadil""";Meio;https://www.youtube.com/watch?v=5n2UYiXM0is&list=PLZnx7A_iEZfP4n3pQle4-EgDYma_2FqzO&index=6;Negativo;Negativo;Negativo;Negativo;Negativo
5n2UYiXM0is;The boondocks 1Temporada - Ep 6 (Dublado PT-BR);"""Foda que barulho.""";Meio;https://www.youtube.com/watch?v=5n2UYiXM0is&list=PLZnx7A_iEZfP4n3pQle4-EgDYma_2FqzO&index=6;Negativo;Neutro;Negativo;Negativo;Negativo
5n2UYiXM0is;The boondocks 1Temporada - Ep 6 (Dublado PT-BR);""" Eu pensei, puta!""";Meio;https://www.youtube.com/watch?v=5n2UYiXM0is&list=PLZnx7A_iEZfP4n3pQle4-EgDYma_2FqzO&index=6;Negativo;Negativo;Negativo;Negativo;Negativo
5n2UYiXM0is;The boondocks 1Temporada - Ep 6 (Dublado PT-BR);"""Cara, meu avô fudeu com esquema todo!""";Fim;https://www.youtube.com/watch?v=5n2UYiXM0is&list=PLZnx7A_iEZfP4n3pQle4-EgDYma_2FqzO&index=6;Negativo;Neutro;Negativo;Negativo;Negativo
5n2UYiXM0is;The boondocks 1Temporada - Ep 6 (Dublado PT-BR);"""Que merda!""";Fim;https://www.youtube.com/watch?v=5n2UYiXM0is&list=PLZnx7A_iEZfP4n3pQle4-EgDYma_2FqzO&index=6;Negativo;Negativo;Negativo;Negativo;Negativo
5n2UYiXM0is;The boondocks 1Temporada - Ep 6 (Dublado PT-BR);"""Será que eu posso falar a fudeu?""";Fim;https://www.youtube.com/watch?v=5n2UYiXM0is&list=PLZnx7A_iEZfP4n3pQle4-EgDYma_2FqzO&index=6;Negativo;Negativo;Negativo;Negativo;Negativo
5n2UYiXM0is;The boondocks 1Temporada - Ep 6 (Dublado PT-BR);"""sopa parece mijo de cávalo""";Fim;https://www.youtube.com/watch?v=5n2UYiXM0is&list=PLZnx7A_iEZfP4n3pQle4-EgDYma_2FqzO&index=6;Negativo;Negativo;Negativo;Negativo;Negativo
5n2UYiXM0is;The boondocks 1Temporada - Ep 6 (Dublado PT-BR);"""Boa noite, o amigo imaginário do Henry passou a mão na minha bunda.""";Fim;https://www.youtube.com/watch?v=5n2UYiXM0is&list=PLZnx7A_iEZfP4n3pQle4-EgDYma_2FqzO&index=6;Negativo;Negativo;Negativo;Negativo;Negativo
hNChtaWCRnE;Aqua teen esquadrao força total melhores momentos shake;"""Proceiro pra vocês vai lá pra p*** da caluzeta!""";Início;https://www.youtube.com/watch?v=hNChtaWCRnE;Negativo;Negativo;Negativo;Negativo;Negativo
hNChtaWCRnE;Aqua teen esquadrao força total melhores momentos shake;"""E quem melhor pra lavar p*** da camiseta que me eu escravo?""";Início;https://www.youtube.com/watch?v=hNChtaWCRnE;Negativo;Negativo;Negativo;Negativo;Negativo
hNChtaWCRnE;Aqua teen esquadrao força total melhores momentos shake;"""põe pra lavar se eu p*** o imudo!""";Início;https://www.youtube.com/watch?v=hNChtaWCRnE;Negativo;Negativo;Negativo;Negativo;Negativo
hNChtaWCRnE;Aqua teen esquadrao força total melhores momentos shake;"""Porra nenhuma!""";Início;https://www.youtube.com/watch?v=hNChtaWCRnE;Negativo;Negativo;Negativo;Negativo;Negativo
hNChtaWCRnE;Aqua teen esquadrao força total melhores momentos shake;"""Vá lá, filha da puta!""";Meio;https://www.youtube.com/watch?v=hNChtaWCRnE;Negativo;Negativo;Negativo;Negativo;Negativo
hNChtaWCRnE;Aqua teen esquadrao força total melhores momentos shake;""" Ele tinha que resolver logo essa p*** pra mim.""";Meio;https://www.youtube.com/watch?v=hNChtaWCRnE;Negativo;Negativo;Negativo;Negativo;Negativo
hNChtaWCRnE;Aqua teen esquadrao força total melhores momentos shake;"""Já rodei aí pra c****** ali aquele filhado a p*** ta f******!""";Meio;https://www.youtube.com/watch?v=hNChtaWCRnE;Negativo;Positivo;Negativo;Negativo;Negativo
hNChtaWCRnE;Aqua teen esquadrao força total melhores momentos shake;"""É bom mesmo, se não enfio o canudo no teu c****** até tu engasgar!""";Meio;https://www.youtube.com/watch?v=hNChtaWCRnE;Negativo;Neutro;Negativo;Negativo;Negativo
hNChtaWCRnE;Aqua teen esquadrao força total melhores momentos shake;"""Se esse arrombado tiver aqui, eu vou f****** seu mundo!""";Meio;https://www.youtube.com/watch?v=hNChtaWCRnE;Negativo;Negativo;Negativo;Negativo;Negativo
hNChtaWCRnE;Aqua teen esquadrao força total melhores momentos shake;""" Eu vou comer aquele c****** de lata com minha p****** dura!""";Fim;https://www.youtube.com/watch?v=hNChtaWCRnE;Negativo;Negativo;Positivo;Negativo;Negativo
hNChtaWCRnE;Aqua teen esquadrao força total melhores momentos shake;"""São uns porra louca!""";Fim;https://www.youtube.com/watch?v=hNChtaWCRnE;Negativo;Negativo;Negativo;Negativo;Negativo
hNChtaWCRnE;Aqua teen esquadrao força total melhores momentos shake;"""Bota pra dentro!""";Fim;https://www.youtube.com/watch?v=hNChtaWCRnE;Neutro;Neutro;Neutro;Neutro;Neutro
hNChtaWCRnE;Aqua teen esquadrao força total melhores momentos shake;A porrada tem que comer!;Fim;https://www.youtube.com/watch?v=hNChtaWCRnE;Negativo;Negativo;Negativo;Negativo;Negativo
hNChtaWCRnE;Aqua teen esquadrao força total melhores momentos shake;"""Porra, nenhuma!""";Fim;https://www.youtube.com/watch?v=hNChtaWCRnE;Negativo;Negativo;Negativo;Negativo;Negativo
bsO13Rddz8s;South Park SEM CONTEXTO;"""vai se fode""";Início;https://www.youtube.com/watch?v=bsO13Rddz8s;Negativo;Negativo;Negativo;Negativo;Positivo
bsO13Rddz8s;South Park SEM CONTEXTO;"""Bunda""";Início;https://www.youtube.com/watch?v=bsO13Rddz8s;Negativo;Neutro;Negativo;Negativo;Negativo
bsO13Rddz8s;South Park SEM CONTEXTO;"""Sexo anal""";Início;https://www.youtube.com/watch?v=bsO13Rddz8s;Negativo;Negativo;Negativo;Negativo;Negativo
bsO13Rddz8s;South Park SEM CONTEXTO;"""Meu pinto""";Início;https://www.youtube.com/watch?v=bsO13Rddz8s;Negativo;Neutro;Negativo;Negativo;Negativo
bsO13Rddz8s;South Park SEM CONTEXTO;"""Eu peguei aids dele""";Meio;https://www.youtube.com/watch?v=bsO13Rddz8s;Negativo;Negativo;Negativo;Negativo;Negativo
bsO13Rddz8s;South Park SEM CONTEXTO;"""O pinto dele pulo pra fora""";Meio;https://www.youtube.com/watch?v=bsO13Rddz8s;Negativo;Negativo;Negativo;Negativo;Negativo
bsO13Rddz8s;South Park SEM CONTEXTO;"""Fodendo""";Meio;https://www.youtube.com/watch?v=bsO13Rddz8s;Negativo;Negativo;Positivo;Negativo;Negativo
bsO13Rddz8s;South Park SEM CONTEXTO;"""Piranhazinha""";Meio;https://www.youtube.com/watch?v=bsO13Rddz8s;Negativo;Negativo;Negativo;Negativo;Negativo
bsO13Rddz8s;South Park SEM CONTEXTO;"""Puta""";Meio;https://www.youtube.com/watch?v=bsO13Rddz8s;Negativo;Negativo;Negativo;Negativo;Negativo
bsO13Rddz8s;South Park SEM CONTEXTO;"""Merda""";Fim;https://www.youtube.com/watch?v=bsO13Rddz8s;Negativo;Negativo;Negativo;Negativo;Negativo
bsO13Rddz8s;South Park SEM CONTEXTO;"""Porrada""";Fim;https://www.youtube.com/watch?v=bsO13Rddz8s;Negativo;Negativo;Negativo;Negativo;Negativo
bsO13Rddz8s;South Park SEM CONTEXTO;"""Puta merda""";Fim;https://www.youtube.com/watch?v=bsO13Rddz8s;Negativo;Negativo;Neutro;Negativo;Negativo
bsO13Rddz8s;South Park SEM CONTEXTO;"""Usar sua bunda como chapeu""";Fim;https://www.youtube.com/watch?v=bsO13Rddz8s;Negativo;Negativo;Positivo;Negativo;Negativo
GEEFHofLH3s;🚀🎙️ Rick e Morty entram numa corrida mortal por dinheiro💸;"""linxamento""";Início;https://www.youtube.com/watch?v=GEEFHofLH3s;Negativo;Negativo;Negativo;Negativo;Negativo
GEEFHofLH3s;🚀🎙️ Rick e Morty entram numa corrida mortal por dinheiro💸;"""pra fude com a gente""";Início;https://www.youtube.com/watch?v=GEEFHofLH3s;Negativo;Negativo;Negativo;Negativo;Negativo
GEEFHofLH3s;🚀🎙️ Rick e Morty entram numa corrida mortal por dinheiro💸;"""cacete""";Início;https://www.youtube.com/watch?v=GEEFHofLH3s;Negativo;Positivo;Negativo;Negativo;Negativo
GEEFHofLH3s;🚀🎙️ Rick e Morty entram numa corrida mortal por dinheiro💸;"""Cade a merda""";Início;https://www.youtube.com/watch?v=GEEFHofLH3s;Negativo;Negativo;Negativo;Negativo;Negativo
GEEFHofLH3s;🚀🎙️ Rick e Morty entram numa corrida mortal por dinheiro💸;"""filhos da puta""";Início;https://www.youtube.com/watch?v=GEEFHofLH3s;Negativo;Negativo;Negativo;Negativo;Negativo
GEEFHofLH3s;🚀🎙️ Rick e Morty entram numa corrida mortal por dinheiro💸;"""Bosta quente""";Meio;https://www.youtube.com/watch?v=GEEFHofLH3s;Negativo;Negativo;Negativo;Negativo;Negativo
GEEFHofLH3s;🚀🎙️ Rick e Morty entram numa corrida mortal por dinheiro💸;"""pirralho de merda""";Meio;https://www.youtube.com/watch?v=GEEFHofLH3s;Negativo;Negativo;Negativo;Negativo;Neutro
GEEFHofLH3s;🚀🎙️ Rick e Morty entram numa corrida mortal por dinheiro💸;"""Bostinha""";Fim;https://www.youtube.com/watch?v=GEEFHofLH3s;Negativo;Negativo;Neutro;Negativo;Negativo
GEEFHofLH3s;🚀🎙️ Rick e Morty entram numa corrida mortal por dinheiro💸;"""So faz merda""";Fim;https://www.youtube.com/watch?v=GEEFHofLH3s;Negativo;Negativo;Positivo;Negativo;Negativo
GEEFHofLH3s;🚀🎙️ Rick e Morty entram numa corrida mortal por dinheiro💸;"""Se fude""";Fim;https://www.youtube.com/watch?v=GEEFHofLH3s;Negativo;Negativo;Negativo;Negativo;Negativo
GEEFHofLH3s;🚀🎙️ Rick e Morty entram numa corrida mortal por dinheiro💸;"""Se matar""";Fim;https://www.youtube.com/watch?v=GEEFHofLH3s;Negativo;Negativo;Negativo;Negativo;Negativo
Zn1cVSlef1Y;Construye a número Dez cohete! 🚀 | DIY Artes e Manualidades para crianças | Numberblocks Português;"""Nove mais um é igual a dez!""";Meio;https://youtu.be/Zn1cVSlef1Y?si=MOkk-nwXI8LkFH5I;Neutro;Neutro;Neutro;Neutro;Neutro
Zn1cVSlef1Y;Construye a número Dez cohete! 🚀 | DIY Artes e Manualidades para crianças | Numberblocks Português;"""Dez menos um é igual a... Nove!""";Fim;https://youtu.be/Zn1cVSlef1Y?si=MOkk-nwXI8LkFH5I;Neutro;Neutro;Positivo;Neutro;Neutro
Zn1cVSlef1Y;Construye a número Dez cohete! 🚀 | DIY Artes e Manualidades para crianças | Numberblocks Português;"""Sou a dez, dez, dez, pode dividir do jeito que gostar. Posso ser nove mais um, nós vamos passear, tentando não espirrar.""";Início;https://youtu.be/Zn1cVSlef1Y?si=MOkk-nwXI8LkFH5I;Neutro;Neutro;Neutro;Neutro;Neutro
Zn1cVSlef1Y;Construye a número Dez cohete! 🚀 | DIY Artes e Manualidades para crianças | Numberblocks Português;"""Então, eu sou a dez, dez, mais uma vez, eu posso ser oito mais dois visitando os animais, com o povo eu vou falar.""";Início;https://youtu.be/Zn1cVSlef1Y?si=MOkk-nwXI8LkFH5I;Neutro;Neutro;Neutro;Neutro;Neutro
Zn1cVSlef1Y;Construye a número Dez cohete! 🚀 | DIY Artes e Manualidades para crianças | Numberblocks Português;"""Eu sou a dez, dez, mais uma vez, eu posso ser sete mais três, é a nossa vez, fazendo arco-íris""";Início;https://youtu.be/Zn1cVSlef1Y?si=MOkk-nwXI8LkFH5I;Neutro;Neutro;Neutro;Neutro;Neutro
Zn1cVSlef1Y;Construye a número Dez cohete! 🚀 | DIY Artes e Manualidades para crianças | Numberblocks Português;"""Eu sou a dez, dez, mais uma vez, eu posso ser seis mais quatro, comprando o que é barato, brincando com o meu dedo""";Início;https://youtu.be/Zn1cVSlef1Y?si=MOkk-nwXI8LkFH5I;Neutro;Neutro;Neutro;Neutro;Neutro
Zn1cVSlef1Y;Construye a número Dez cohete! 🚀 | DIY Artes e Manualidades para crianças | Numberblocks Português;"""Eu sou a dez, dez, mais uma vez, eu posso ser cinco mais cinco, nadando com afinco, com as estrelas do mar nós vamos dançar.""";Fim;https://youtu.be/Zn1cVSlef1Y?si=MOkk-nwXI8LkFH5I;Neutro;Neutro;Neutro;Neutro;Neutro
Zn1cVSlef1Y;Construye a número Dez cohete! 🚀 | DIY Artes e Manualidades para crianças | Numberblocks Português;"""Você é um bloco de um, eu sou dez blocos de um.""";Meio;https://youtu.be/Zn1cVSlef1Y?si=MOkk-nwXI8LkFH5I;Neutro;Neutro;Neutro;Neutro;Neutro
Zn1cVSlef1Y;Construye a número Dez cohete! 🚀 | DIY Artes e Manualidades para crianças | Numberblocks Português;"""Um, dois, três, quatro, cinco, seis, sete, oito, nove, dez.""";Meio;https://youtu.be/Zn1cVSlef1Y?si=MOkk-nwXI8LkFH5I;Neutro;Neutro;Neutro;Positivo;Neutro
Zn1cVSlef1Y;Construye a número Dez cohete! 🚀 | DIY Artes e Manualidades para crianças | Numberblocks Português;"""O 2 é feito de 2 blocos.""";Meio;https://youtu.be/Zn1cVSlef1Y?si=MOkk-nwXI8LkFH5I;Neutro;Neutro;Negativo;Neutro;Neutro
Zn1cVSlef1Y;Construye a número Dez cohete! 🚀 | DIY Artes e Manualidades para crianças | Numberblocks Português;"""No chão tem uns quadrados, quem tem?""";Início;https://youtu.be/Zn1cVSlef1Y?si=MOkk-nwXI8LkFH5I;Neutro;Neutro;Neutro;Neutro;Neutro
Zn1cVSlef1Y;Construye a número Dez cohete! 🚀 | DIY Artes e Manualidades para crianças | Numberblocks Português;"""Você é incrível!""";Meio;https://youtu.be/Zn1cVSlef1Y?si=MOkk-nwXI8LkFH5I;Positivo;Positivo;Positivo;Positivo;Positivo
Zn1cVSlef1Y;Construye a número Dez cohete! 🚀 | DIY Artes e Manualidades para crianças | Numberblocks Português;"""Na lua estamos!""";Fim;https://youtu.be/Zn1cVSlef1Y?si=MOkk-nwXI8LkFH5I;Neutro;Neutro;Neutro;Neutro;Neutro
Zn1cVSlef1Y;Construye a número Dez cohete! 🚀 | DIY Artes e Manualidades para crianças | Numberblocks Português;"""Eu levo você pra casa!""";Fim;https://youtu.be/Zn1cVSlef1Y?si=MOkk-nwXI8LkFH5I;Neutro;Neutro;Neutro;Positivo;Neutro
Zn1cVSlef1Y;Construye a número Dez cohete! 🚀 | DIY Artes e Manualidades para crianças | Numberblocks Português;"""Eu posso brincar?""";Fim;https://youtu.be/Zn1cVSlef1Y?si=MOkk-nwXI8LkFH5I;Neutro;Neutro;Neutro;Neutro;Neutro
B6UQYXZFS6k;Cartoon Kids - Português Brasil- A Escolinha Peppa Pig - Peppa Pig em Português Brasil;"""Por que não mostramos ao George como fazemos uma pintura?""";Fim;https://youtu.be/B6UQYXZFS6k?si=1FdrIji121XbMNgZ;Neutro;Neutro;Neutro;Neutro;Neutro
B6UQYXZFS6k;Cartoon Kids - Português Brasil- A Escolinha Peppa Pig - Peppa Pig em Português Brasil;"""George, hoje vou ensinar a você como se pinta uma flor, tá bom?""";Fim;https://youtu.be/B6UQYXZFS6k?si=1FdrIji121XbMNgZ;Neutro;Neutro;Neutro;Negativo;Neutro
B6UQYXZFS6k;Cartoon Kids - Português Brasil- A Escolinha Peppa Pig - Peppa Pig em Português Brasil;"""Então talvez você possa nos ensinar a pintar um dinossauro.""";Fim;https://youtu.be/B6UQYXZFS6k?si=1FdrIji121XbMNgZ;Neutro;Neutro;Neutro;Neutro;Neutro
B6UQYXZFS6k;Cartoon Kids - Português Brasil- A Escolinha Peppa Pig - Peppa Pig em Português Brasil;"""Primeiro pinta um grande círculo.""";Meio;https://youtu.be/B6UQYXZFS6k?si=1FdrIji121XbMNgZ;Neutro;Neutro;Positivo;Neutro;Neutro
B6UQYXZFS6k;Cartoon Kids - Português Brasil- A Escolinha Peppa Pig - Peppa Pig em Português Brasil;"""Agora pinte as pétalas da flor""";Meio;https://youtu.be/B6UQYXZFS6k?si=1FdrIji121XbMNgZ;Neutro;Neutro;Neutro;Neutro;Neutro
B6UQYXZFS6k;Cartoon Kids - Português Brasil- A Escolinha Peppa Pig - Peppa Pig em Português Brasil;"""Agora pinte as folhas""";Meio;https://youtu.be/B6UQYXZFS6k?si=1FdrIji121XbMNgZ;Neutro;Neutro;Neutro;Neutro;Neutro
B6UQYXZFS6k;Cartoon Kids - Português Brasil- A Escolinha Peppa Pig - Peppa Pig em Português Brasil;"""Sabe, o George não pinta muito bem. Então por que não o ajuda?""";Meio;https://youtu.be/B6UQYXZFS6k?si=1FdrIji121XbMNgZ;Neutro;Neutro;Neutro;Neutro;Neutro
B6UQYXZFS6k;Cartoon Kids - Português Brasil- A Escolinha Peppa Pig - Peppa Pig em Português Brasil;"""Agora é a vez da Peppa se esconder.""";Início;https://youtu.be/B6UQYXZFS6k?si=1FdrIji121XbMNgZ;Neutro;Neutro;Neutro;Neutro;Negativo
B6UQYXZFS6k;Cartoon Kids - Português Brasil- A Escolinha Peppa Pig - Peppa Pig em Português Brasil;"""O George tem que achar onde a Peppa está escondida.""";Início;https://youtu.be/B6UQYXZFS6k?si=1FdrIji121XbMNgZ;Neutro;Neutro;Neutro;Neutro;Neutro
B6UQYXZFS6k;Cartoon Kids - Português Brasil- A Escolinha Peppa Pig - Peppa Pig em Português Brasil;"""A Peppa não está escondida debaixo da mesa.""";Início;https://youtu.be/B6UQYXZFS6k?si=1FdrIji121XbMNgZ;Neutro;Neutro;Neutro;Neutro;Neutro
B6UQYXZFS6k;Cartoon Kids - Português Brasil- A Escolinha Peppa Pig - Peppa Pig em Português Brasil;"""É só um dinossauro de brinquedo.""";Meio;https://youtu.be/B6UQYXZFS6k?si=1FdrIji121XbMNgZ;Neutro;Neutro;Neutro;Neutro;Neutro
B6UQYXZFS6k;Cartoon Kids - Português Brasil- A Escolinha Peppa Pig - Peppa Pig em Português Brasil;"""O George pode vir de novo?""";Fim;https://youtu.be/B6UQYXZFS6k?si=1FdrIji121XbMNgZ;Neutro;Neutro;Neutro;Neutro;Neutro
B6UQYXZFS6k;Cartoon Kids - Português Brasil- A Escolinha Peppa Pig - Peppa Pig em Português Brasil;"""George, o formato não é esse.""";Fim;https://youtu.be/B6UQYXZFS6k?si=1FdrIji121XbMNgZ;Neutro;Neutro;Neutro;Neutro;Neutro
kdlCkpoS7lc;🎨 AS CORES PRIMÁRIAS 👩‍🏫 l Aprenda com Luna - O Show da Luna!;"""O amarelo, quando se mistura com o azul, fica verde.""";Início;https://www.youtube.com/watch?v=kdlCkpoS7lc;Neutro;Neutro;Positivo;Neutro;Neutro
kdlCkpoS7lc;🎨 AS CORES PRIMÁRIAS 👩‍🏫 l Aprenda com Luna - O Show da Luna!;"""O abraço do azul com o amarelo nasce o verde.""";Fim;https://www.youtube.com/watch?v=kdlCkpoS7lc;Neutro;Neutro;Neutro;Neutro;Neutro
kdlCkpoS7lc;🎨 AS CORES PRIMÁRIAS 👩‍🏫 l Aprenda com Luna - O Show da Luna!;"""Vermelho com amarelo vira laranja""";Fim;https://www.youtube.com/watch?v=kdlCkpoS7lc;Neutro;Neutro;Neutro;Positivo;Neutro
kdlCkpoS7lc;🎨 AS CORES PRIMÁRIAS 👩‍🏫 l Aprenda com Luna - O Show da Luna!;"""Amarelo com azul vira verde.""";Fim;https://www.youtube.com/watch?v=kdlCkpoS7lc;Neutro;Neutro;Neutro;Neutro;Neutro
kdlCkpoS7lc;🎨 AS CORES PRIMÁRIAS 👩‍🏫 l Aprenda com Luna - O Show da Luna!;"""E azul com vermelho vira roxo.""";Fim;https://www.youtube.com/watch?v=kdlCkpoS7lc;Neutro;Neutro;Neutro;Neutro;Neutro
kdlCkpoS7lc;🎨 AS CORES PRIMÁRIAS 👩‍🏫 l Aprenda com Luna - O Show da Luna!;"""Ah, então quando os pequenos pigmentos se encontram, nasce o verde""";Fim;https://www.youtube.com/watch?v=kdlCkpoS7lc;Neutro;Neutro;Neutro;Positivo;Neutro
kdlCkpoS7lc;🎨 AS CORES PRIMÁRIAS 👩‍🏫 l Aprenda com Luna - O Show da Luna!;"""Pode olhar de pertinho que você vai entender. Nossa, que pequenos! O que é isso? Meus pigmentos""";Meio;https://www.youtube.com/watch?v=kdlCkpoS7lc;Neutro;Neutro;Neutro;Neutro;Neutro
kdlCkpoS7lc;🎨 AS CORES PRIMÁRIAS 👩‍🏫 l Aprenda com Luna - O Show da Luna!;"""Ei amarelo, sou azul, me dá um abraço aqui. A gente mistura bonito, nasce o verde que eu já vi.""";Meio;https://www.youtube.com/watch?v=kdlCkpoS7lc;Neutro;Neutro;Neutro;Neutro;Neutro
kdlCkpoS7lc;🎨 AS CORES PRIMÁRIAS 👩‍🏫 l Aprenda com Luna - O Show da Luna!;"""Ei amarelo, sou vermelho, me dá um beijinho, uma canja. A gente mistura bonito e tem o segredo que nasce o laranja.""";Meio;https://www.youtube.com/watch?v=kdlCkpoS7lc;Neutro;Neutro;Neutro;Neutro;Neutro
kdlCkpoS7lc;🎨 AS CORES PRIMÁRIAS 👩‍🏫 l Aprenda com Luna - O Show da Luna!;"""Ei azul, sou vermelho, me dá um abraço e um queijo. A gente mistura bonito, nasce o roxo e eu te encho de beijo.""";Meio;https://www.youtube.com/watch?v=kdlCkpoS7lc;Neutro;Neutro;Neutro;Neutro;Neutro
kdlCkpoS7lc;🎨 AS CORES PRIMÁRIAS 👩‍🏫 l Aprenda com Luna - O Show da Luna!;"""Esse aqui é o nosso quintal. """;Início;https://www.youtube.com/watch?v=kdlCkpoS7lc;Neutro;Neutro;Neutro;Neutro;Neutro
kdlCkpoS7lc;🎨 AS CORES PRIMÁRIAS 👩‍🏫 l Aprenda com Luna - O Show da Luna!;"""Esse seu sol verde tá parecendo um alien.""";Início;https://www.youtube.com/watch?v=kdlCkpoS7lc;Neutro;Neutro;Neutro;Neutro;Neutro
kdlCkpoS7lc;🎨 AS CORES PRIMÁRIAS 👩‍🏫 l Aprenda com Luna - O Show da Luna!;"""Vai ver que na hora de você pegar tinta amarela, você pegou a tinta verde""";Início;https://www.youtube.com/watch?v=kdlCkpoS7lc;Neutro;Neutro;Positivo;Neutro;Neutro
kdlCkpoS7lc;🎨 AS CORES PRIMÁRIAS 👩‍🏫 l Aprenda com Luna - O Show da Luna!;"""Tive uma ideia.""";Início;https://www.youtube.com/watch?v=kdlCkpoS7lc;Neutro;Neutro;Neutro;Neutro;Neutro
kdlCkpoS7lc;🎨 AS CORES PRIMÁRIAS 👩‍🏫 l Aprenda com Luna - O Show da Luna!;"""Ninguém me chamou, mas eu vim mesmo assim.""";Meio;https://www.youtube.com/watch?v=kdlCkpoS7lc;Neutro;Neutro;Neutro;Positivo;Neutro
0ktXcCe9psk;Como aprender a fazer contas | Matemática para crianças | Problemas de adição simples | Continhas;"""Mariana tem um lápis. Se ela ganhar mais cinco, quantos lápis ela terá?""";Início;https://youtu.be/0ktXcCe9psk?si=6BR7a-n6YshAF7p8;Neutro;Neutro;Neutro;Neutro;Neutro
0ktXcCe9psk;Como aprender a fazer contas | Matemática para crianças | Problemas de adição simples | Continhas;"""No jardim, havia cinco borboletas grandes e chegaram mais quatro borboletas pequenas. Quantas borboletas tem ao todo?""";Início;https://youtu.be/0ktXcCe9psk?si=6BR7a-n6YshAF7p9;Neutro;Neutro;Neutro;Positivo;Neutro
0ktXcCe9psk;Como aprender a fazer contas | Matemática para crianças | Problemas de adição simples | Continhas;"""No sítio do vovô, havia quatro pintinhos e ontem nasceram mais quatro. Quantos pintinhos tem no sítio agora?""";Início;https://youtu.be/0ktXcCe9psk?si=6BR7a-n6YshAF7p10;Neutro;Neutro;Neutro;Neutro;Neutro
0ktXcCe9psk;Como aprender a fazer contas | Matemática para crianças | Problemas de adição simples | Continhas;"""Meu cachorrinho tinha dois ossos e ganhou mais dois. Quantos ossos ele tem agora?""";Início;https://youtu.be/0ktXcCe9psk?si=6BR7a-n6YshAF7p11;Neutro;Neutro;Neutro;Neutro;Neutro
0ktXcCe9psk;Como aprender a fazer contas | Matemática para crianças | Problemas de adição simples | Continhas;"""Lua comprou cinco balas e depois voltou e comprou mais duas. Quantas balas a Lua tem agora?""";Meio;https://youtu.be/0ktXcCe9psk?si=6BR7a-n6YshAF7p12;Neutro;Neutro;Neutro;Neutro;Neutro
0ktXcCe9psk;Como aprender a fazer contas | Matemática para crianças | Problemas de adição simples | Continhas;"""Matheus ganhou um livro de presente da vovó e mais dois da mamãe. Quantos livros o Matheus ganhou?""";Fim;https://youtu.be/0ktXcCe9psk?si=6BR7a-n6YshAF7p13;Neutro;Neutro;Negativo;Neutro;Neutro
0ktXcCe9psk;Como aprender a fazer contas | Matemática para crianças | Problemas de adição simples | Continhas;"""Semana passada eu ganhei cinco estrelinhas no mural de rotinas. Essa semana eu ganhei mais cinco. Quantas estrelas eu tenho?""";Fim;https://youtu.be/0ktXcCe9psk?si=6BR7a-n6YshAF7p14;Neutro;Neutro;Neutro;Neutro;Neutro
0ktXcCe9psk;Como aprender a fazer contas | Matemática para crianças | Problemas de adição simples | Continhas;"""No pote de biscoitos tinha três biscoitos e eu coloquei mais três. Quantos biscoitos tem no pote agora?""";Fim;https://youtu.be/0ktXcCe9psk?si=6BR7a-n6YshAF7p15;Neutro;Neutro;Neutro;Neutro;Neutro
0ktXcCe9psk;Como aprender a fazer contas | Matemática para crianças | Problemas de adição simples | Continhas;"""No vídeo de hoje vocês aprenderam a fazer contas de adição.""";Fim;https://youtu.be/0ktXcCe9psk?si=6BR7a-n6YshAF7p16;Neutro;Neutro;Neutro;Neutro;Neutro
0ktXcCe9psk;Como aprender a fazer contas | Matemática para crianças | Problemas de adição simples | Continhas;"""No vídeo de hoje, eu vou precisar da sua ajuda para resolver alguns probleminhas de matemática.""";Início;https://youtu.be/0ktXcCe9psk?si=6BR7a-n6YshAF7p17;Neutro;Neutro;Neutro;Neutro;Neutro
0ktXcCe9psk;Como aprender a fazer contas | Matemática para crianças | Problemas de adição simples | Continhas;"""Nove borboletas! Muito bem!""";Meio;https://youtu.be/0ktXcCe9psk?si=6BR7a-n6YshAF7p18;Positivo;Positivo;Neutro;Positivo;Positivo
0ktXcCe9psk;Como aprender a fazer contas | Matemática para crianças | Problemas de adição simples | Continhas;"""Oito pintinhos tem no sítio agora. Muito bem!""";Meio;https://youtu.be/0ktXcCe9psk?si=6BR7a-n6YshAF7p19;Positivo;Positivo;Positivo;Positivo;Positivo
0ktXcCe9psk;Como aprender a fazer contas | Matemática para crianças | Problemas de adição simples | Continhas;"""Meu cachorrinho tem quatro ossos. Muito bem!""";Meio;https://youtu.be/0ktXcCe9psk?si=6BR7a-n6YshAF7p20;Positivo;Positivo;Positivo;Positivo;Positivo
0ktXcCe9psk;Como aprender a fazer contas | Matemática para crianças | Problemas de adição simples | Continhas;"""A Lua tem sete balas agora. Muito bem!""";Meio;https://youtu.be/0ktXcCe9psk?si=6BR7a-n6YshAF7p21;Positivo;Positivo;Positivo;Positivo;Positivo
0ktXcCe9psk;Como aprender a fazer contas | Matemática para crianças | Problemas de adição simples | Continhas;"""Duas nuvens estão na frente do sol. Muito bem!""";Fim;https://youtu.be/0ktXcCe9psk?si=6BR7a-n6YshAF7p22;Positivo;Positivo;Positivo;Positivo;Positivo
AAwhu9YV8RM;Como aprender a fazer contas | Matemática para crianças | Problemas de SUBTRAÇÃO simples | Números;"""Havia cinco aviões no aeroporto. Dois deles decolaram. Quantos aviões ficaram?""";Início;https://youtu.be/AAwhu9YV8RM?si=yTiUZID8qbdo3xLd;Neutro;Neutro;Neutro;Neutro;Neutro
AAwhu9YV8RM;Como aprender a fazer contas | Matemática para crianças | Problemas de SUBTRAÇÃO simples | Números;"""Guto tinha oito balas e comeu quatro delas. Quantas balas sobraram?""";Início;https://youtu.be/AAwhu9YV8RM?si=yTiUZID8qbdo3xLd;Neutro;Positivo;Neutro;Neutro;Neutro
AAwhu9YV8RM;Como aprender a fazer contas | Matemática para crianças | Problemas de SUBTRAÇÃO simples | Números;"""Ana ganhou dois balões, mas um deles estourou. Com quantos balões ela ficou?""";Início;https://youtu.be/AAwhu9YV8RM?si=yTiUZID8qbdo3xLd;Neutro;Neutro;Neutro;Neutro;Neutro
AAwhu9YV8RM;Como aprender a fazer contas | Matemática para crianças | Problemas de SUBTRAÇÃO simples | Números;"""Ana estava com cinco amigas no parque, mas duas delas tiveram que ir embora. Quantas amigas ficaram com a Ana ainda?""";Início;https://youtu.be/AAwhu9YV8RM?si=yTiUZID8qbdo3xLd;Neutro;Neutro;Neutro;Neutro;Neutro
AAwhu9YV8RM;Como aprender a fazer contas | Matemática para crianças | Problemas de SUBTRAÇÃO simples | Números;"""Pedro tinha doze lápis no seu estojo e perdeu seis deles. Quantos lápis ainda restaram?""";Meio;https://youtu.be/AAwhu9YV8RM?si=yTiUZID8qbdo3xLd;Neutro;Neutro;Neutro;Neutro;Neutro
AAwhu9YV8RM;Como aprender a fazer contas | Matemática para crianças | Problemas de SUBTRAÇÃO simples | Números;"""Na macieira tinham dez maçãs e caíram seis delas. Quantas maçãs ficaram na árvore?""";Meio;https://youtu.be/AAwhu9YV8RM?si=yTiUZID8qbdo3xLd;Neutro;Neutro;Neutro;Neutro;Neutro
AAwhu9YV8RM;Como aprender a fazer contas | Matemática para crianças | Problemas de SUBTRAÇÃO simples | Números;"""Júlia tinha oito reais e gastou cinco reais no mercado. Quantos reais sobraram?""";Meio;https://youtu.be/AAwhu9YV8RM?si=yTiUZID8qbdo3xLd;Neutro;Neutro;Neutro;Neutro;Neutro
AAwhu9YV8RM;Como aprender a fazer contas | Matemática para crianças | Problemas de SUBTRAÇÃO simples | Números;"""O coelho tinha nove cenouras e comeu duas delas. Quantas cenouras sobraram?""";Fim;https://youtu.be/AAwhu9YV8RM?si=yTiUZID8qbdo3xLd;Neutro;Neutro;Neutro;Neutro;Neutro
AAwhu9YV8RM;Como aprender a fazer contas | Matemática para crianças | Problemas de SUBTRAÇÃO simples | Números;"""No vídeo de hoje, nós vamos resolver alguns probleminhas de subtração, ou mais conhecido como as continhas de menos.""";Meio;https://youtu.be/AAwhu9YV8RM?si=yTiUZID8qbdo3xLd;Neutro;Neutro;Neutro;Neutro;Neutro
AAwhu9YV8RM;Como aprender a fazer contas | Matemática para crianças | Problemas de SUBTRAÇÃO simples | Números;"""Um, dois, três, quatro, cinco, seis, sete. Seis, sete, sobraram sete cenouras!""";Fim;https://youtu.be/AAwhu9YV8RM?si=yTiUZID8qbdo3xLd;Neutro;Neutro;Neutro;Neutro;Neutro
AAwhu9YV8RM;Como aprender a fazer contas | Matemática para crianças | Problemas de SUBTRAÇÃO simples | Números;"""Pedro ficou com seis lápis ainda. Isso aí!""";Meio;https://youtu.be/AAwhu9YV8RM?si=yTiUZID8qbdo3xLd;Neutro;Positivo;Neutro;Neutro;Neutro
AAwhu9YV8RM;Como aprender a fazer contas | Matemática para crianças | Problemas de SUBTRAÇÃO simples | Números;"""Quatro maçãs ficaram na árvore ainda. Muito bem!""";Fim;https://youtu.be/AAwhu9YV8RM?si=yTiUZID8qbdo3xLd;Neutro;Neutro;Neutro;Neutro;Neutro
AAwhu9YV8RM;Como aprender a fazer contas | Matemática para crianças | Problemas de SUBTRAÇÃO simples | Números;"""Sobraram três reais para Júlia. Muito bem!""";Fim;https://youtu.be/AAwhu9YV8RM?si=yTiUZID8qbdo3xLd;Neutro;Neutro;Neutro;Neutro;Negativo
AAwhu9YV8RM;Como aprender a fazer contas | Matemática para crianças | Problemas de SUBTRAÇÃO simples | Números;"""Olá, amiguinhos! Tudo bem?""";Início;https://youtu.be/AAwhu9YV8RM?si=yTiUZID8qbdo3xLd;Neutro;Neutro;Neutro;Neutro;Neutro
AAwhu9YV8RM;Como aprender a fazer contas | Matemática para crianças | Problemas de SUBTRAÇÃO simples | Números;"""Entendeu como funciona?""";Fim;https://youtu.be/AAwhu9YV8RM?si=yTiUZID8qbdo3xLd;Neutro;Positivo;Neutro;Neutro;Neutro
Y_jh-Ugpv30;Como aprender a Tabuada | Matemática para crianças | Aprendendo a fazer contas | Números de 0 a 100;"""Todos os números multiplicados por zero ficam zero, todos eles.""";Início;https://youtu.be/Y_jh-Ugpv30?si=wEUWW714azsb4nKn;Neutro;Neutro;Neutro;Neutro;Neutro
Y_jh-Ugpv30;Como aprender a Tabuada | Matemática para crianças | Aprendendo a fazer contas | Números de 0 a 100;"""Zero vezes um, zero.""";Início;https://youtu.be/Y_jh-Ugpv30?si=wEUWW714azsb4nKn;Neutro;Neutro;Neutro;Neutro;Neutro
Y_jh-Ugpv30;Como aprender a Tabuada | Matemática para crianças | Aprendendo a fazer contas | Números de 0 a 100;"""Zero vezes dois, zero.""";Início;https://youtu.be/Y_jh-Ugpv30?si=wEUWW714azsb4nKn;Neutro;Neutro;Neutro;Neutro;Neutro
Y_jh-Ugpv30;Como aprender a Tabuada | Matemática para crianças | Aprendendo a fazer contas | Números de 0 a 100;"""Zero vezes três, zero.""";Início;https://youtu.be/Y_jh-Ugpv30?si=wEUWW714azsb4nKn;Neutro;Neutro;Neutro;Neutro;Neutro
Y_jh-Ugpv30;Como aprender a Tabuada | Matemática para crianças | Aprendendo a fazer contas | Números de 0 a 100;"""Todo número multiplicado por um fica ele mesmo.""";Início;https://youtu.be/Y_jh-Ugpv30?si=wEUWW714azsb4nKn;Neutro;Neutro;Neutro;Neutro;Neutro
Y_jh-Ugpv30;Como aprender a Tabuada | Matemática para crianças | Aprendendo a fazer contas | Números de 0 a 100;"""Essa foi a tabuada do cinco.""";Meio;https://youtu.be/Y_jh-Ugpv30?si=wEUWW714azsb4nKn;Neutro;Neutro;Neutro;Neutro;Positivo
Y_jh-Ugpv30;Como aprender a Tabuada | Matemática para crianças | Aprendendo a fazer contas | Números de 0 a 100;"""Essa foi a tabuada do seis.""";Meio;https://youtu.be/Y_jh-Ugpv30?si=wEUWW714azsb4nKn;Neutro;Neutro;Neutro;Neutro;Negativo
Y_jh-Ugpv30;Como aprender a Tabuada | Matemática para crianças | Aprendendo a fazer contas | Números de 0 a 100;"""Essa foi a tabuada do sete.""";Meio;https://youtu.be/Y_jh-Ugpv30?si=wEUWW714azsb4nKn;Neutro;Neutro;Neutro;Neutro;Neutro
Y_jh-Ugpv30;Como aprender a Tabuada | Matemática para crianças | Aprendendo a fazer contas | Números de 0 a 100;"""Essa foi a tabuada do oito.""";Meio;https://youtu.be/Y_jh-Ugpv30?si=wEUWW714azsb4nKn;Neutro;Neutro;Neutro;Neutro;Neutro
Y_jh-Ugpv30;Como aprender a Tabuada | Matemática para crianças | Aprendendo a fazer contas | Números de 0 a 100;"""Hoje vocês aprenderam as tabuadas de dois a dez.""";Fim;https://youtu.be/Y_jh-Ugpv30?si=wEUWW714azsb4nKn;Neutro;Neutro;Neutro;Neutro;Neutro
Y_jh-Ugpv30;Como aprender a Tabuada | Matemática para crianças | Aprendendo a fazer contas | Números de 0 a 100;"""Muito bem.""";Meio;https://youtu.be/Y_jh-Ugpv30?si=wEUWW714azsb4nKn;Positivo;Positivo;Positivo;Positivo;Positivo
Y_jh-Ugpv30;Como aprender a Tabuada | Matemática para crianças | Aprendendo a fazer contas | Números de 0 a 100;"""Vamos para a última:""";Fim;https://youtu.be/Y_jh-Ugpv30?si=wEUWW714azsb4nKn;Neutro;Neutro;Neutro;Neutro;Neutro
Y_jh-Ugpv30;Como aprender a Tabuada | Matemática para crianças | Aprendendo a fazer contas | Números de 0 a 100;"""E tem um truquezinho para ela lá no mesmo shorts que o do nove, tudo bem?""";Fim;https://youtu.be/Y_jh-Ugpv30?si=wEUWW714azsb4nKn;Neutro;Neutro;Neutro;Neutro;Negativo
Y_jh-Ugpv30;Como aprender a Tabuada | Matemática para crianças | Aprendendo a fazer contas | Números de 0 a 100;"""Amiguinhos, muito bem!""";Fim;https://youtu.be/Y_jh-Ugpv30?si=wEUWW714azsb4nKn;Positivo;Positivo;Positivo;Positivo;Positivo
Y_jh-Ugpv30;Como aprender a Tabuada | Matemática para crianças | Aprendendo a fazer contas | Números de 0 a 100;"""E me conta, gostou do videozinho de hoje?""";Fim;https://youtu.be/Y_jh-Ugpv30?si=wEUWW714azsb4nKn;Neutro;Neutro;Neutro;Neutro;Neutro
P6ZNTrjmteM;Aprender o alfabeto em português | Como ensinar as letras em casa | Aprender as letras do alfabeto;"""A de avião, árvore, astronauta, letra A.""";Início;https://youtu.be/P6ZNTrjmteM?si=4rtr8vCDLS-XYI-y;Neutro;Neutro;Neutro;Neutro;Neutro
P6ZNTrjmteM;Aprender o alfabeto em português | Como ensinar as letras em casa | Aprender as letras do alfabeto;"""L de leão, luva, livro.""";Meio;https://youtu.be/P6ZNTrjmteM?si=4rtr8vCDLS-XYI-y;Neutro;Neutro;Neutro;Neutro;Neutro
P6ZNTrjmteM;Aprender o alfabeto em português | Como ensinar as letras em casa | Aprender as letras do alfabeto;"""M de macaco, menino, milho.""";Meio;https://youtu.be/P6ZNTrjmteM?si=4rtr8vCDLS-XYI-y;Neutro;Neutro;Neutro;Neutro;Neutro
P6ZNTrjmteM;Aprender o alfabeto em português | Como ensinar as letras em casa | Aprender as letras do alfabeto;"""N de navio, ninho, neve.""";Meio;https://youtu.be/P6ZNTrjmteM?si=4rtr8vCDLS-XYI-y;Neutro;Neutro;Neutro;Neutro;Neutro
P6ZNTrjmteM;Aprender o alfabeto em português | Como ensinar as letras em casa | Aprender as letras do alfabeto;"""O de ovo, ovelha, ônibus.""";Meio;https://youtu.be/P6ZNTrjmteM?si=4rtr8vCDLS-XYI-y;Neutro;Neutro;Neutro;Neutro;Neutro
P6ZNTrjmteM;Aprender o alfabeto em português | Como ensinar as letras em casa | Aprender as letras do alfabeto;"""Vamos aprender as letrinhas do alfabeto e algumas palavras que começam com cada uma delas?""";Início;https://youtu.be/P6ZNTrjmteM?si=4rtr8vCDLS-XYI-y;Neutro;Neutro;Neutro;Neutro;Neutro
P6ZNTrjmteM;Aprender o alfabeto em português | Como ensinar as letras em casa | Aprender as letras do alfabeto;"""A primeira letrinha é a letra A. E com A nós temos:""";Início;https://youtu.be/P6ZNTrjmteM?si=4rtr8vCDLS-XYI-y;Neutro;Neutro;Neutro;Neutro;Neutro
P6ZNTrjmteM;Aprender o alfabeto em português | Como ensinar as letras em casa | Aprender as letras do alfabeto;"""Nossa próxima letrinha é a letra B. Com a letra B nós temos:""";Início;https://youtu.be/P6ZNTrjmteM?si=4rtr8vCDLS-XYI-y;Neutro;Neutro;Neutro;Neutro;Neutro
P6ZNTrjmteM;Aprender o alfabeto em português | Como ensinar as letras em casa | Aprender as letras do alfabeto;"""Nossa próxima letrinha é a letra C. E com o C a gente tem:""";Início;https://youtu.be/P6ZNTrjmteM?si=4rtr8vCDLS-XYI-y;Neutro;Neutro;Neutro;Neutro;Neutro
P6ZNTrjmteM;Aprender o alfabeto em português | Como ensinar as letras em casa | Aprender as letras do alfabeto;"""No vídeo de hoje, vocês aprenderam as 26 letras do alfabeto e várias coisas que começam com cada letrinha.""";Fim;https://youtu.be/P6ZNTrjmteM?si=4rtr8vCDLS-XYI-y;Neutro;Neutro;Neutro;Neutro;Neutro
P6ZNTrjmteM;Aprender o alfabeto em português | Como ensinar as letras em casa | Aprender as letras do alfabeto;"""Pato, pedra, pipoca.""";Meio;https://youtu.be/P6ZNTrjmteM?si=4rtr8vCDLS-XYI-y;Neutro;Neutro;Neutro;Neutro;Neutro
P6ZNTrjmteM;Aprender o alfabeto em português | Como ensinar as letras em casa | Aprender as letras do alfabeto;"""Vaca, vela, violão.""";Fim;https://youtu.be/P6ZNTrjmteM?si=4rtr8vCDLS-XYI-y;Neutro;Neutro;Neutro;Neutro;Neutro
P6ZNTrjmteM;Aprender o alfabeto em português | Como ensinar as letras em casa | Aprender as letras do alfabeto;"""Waffle, wifi, wafer.""";Fim;https://youtu.be/P6ZNTrjmteM?si=4rtr8vCDLS-XYI-y;Neutro;Neutro;Neutro;Neutro;Neutro
P6ZNTrjmteM;Aprender o alfabeto em português | Como ensinar as letras em casa | Aprender as letras do alfabeto;"""YouTube, yakisoba, yoga, letra Y.""";Fim;https://youtu.be/P6ZNTrjmteM?si=4rtr8vCDLS-XYI-y;Neutro;Neutro;Neutro;Neutro;Neutro
P6ZNTrjmteM;Aprender o alfabeto em português | Como ensinar as letras em casa | Aprender as letras do alfabeto;"""Zebra, zumbi, zero, letra Z.""";Fim;https://youtu.be/P6ZNTrjmteM?si=4rtr8vCDLS-XYI-y;Neutro;Positivo;Neutro;Neutro;Neutro
v3AEtUr65qg;Dificuldades Ortográficas - É com S ou com Z? É com X ou CH? | Palavras simples para aprender a ler;"""Casa é com S.""";Início;https://youtu.be/v3AEtUr65qg?si=10wle_yRMpUy3hor;Positivo;Positivo;Positivo;Positivo;Positivo
v3AEtUr65qg;Dificuldades Ortográficas - É com S ou com Z? É com X ou CH? | Palavras simples para aprender a ler;"""Luz é com Z, muito bem!""";Início;https://youtu.be/v3AEtUr65qg?si=10wle_yRMpUy3hor;Positivo;Positivo;Positivo;Neutro;Positivo
v3AEtUr65qg;Dificuldades Ortográficas - É com S ou com Z? É com X ou CH? | Palavras simples para aprender a ler;"""Rosa é com S.""";Início;https://youtu.be/v3AEtUr65qg?si=10wle_yRMpUy3hor;Positivo;Positivo;Positivo;Positivo;Negativo
v3AEtUr65qg;Dificuldades Ortográficas - É com S ou com Z? É com X ou CH? | Palavras simples para aprender a ler;"""Juiz é com Z.""";Início;https://youtu.be/v3AEtUr65qg?si=10wle_yRMpUy3hor;Positivo;Positivo;Positivo;Positivo;Positivo
v3AEtUr65qg;Dificuldades Ortográficas - É com S ou com Z? É com X ou CH? | Palavras simples para aprender a ler;"""Pena é com a letra N!""";Fim;https://youtu.be/v3AEtUr65qg?si=10wle_yRMpUy3hor;Positivo;Positivo;Positivo;Positivo;Positivo
v3AEtUr65qg;Dificuldades Ortográficas - É com S ou com Z? É com X ou CH? | Palavras simples para aprender a ler;"""Nessa primeira parte, você tem que me dizer se a palavra tem S ou Z.""";Início;https://youtu.be/v3AEtUr65qg?si=10wle_yRMpUy3hor;Positivo;Positivo;Positivo;Positivo;Positivo
v3AEtUr65qg;Dificuldades Ortográficas - É com S ou com Z? É com X ou CH? | Palavras simples para aprender a ler;"""Agora vocês têm que me dizer se a palavrinha é com X ou com CH, tudo bem?""";Meio;https://youtu.be/v3AEtUr65qg?si=10wle_yRMpUy3hor;Positivo;Positivo;Positivo;Positivo;Positivo
v3AEtUr65qg;Dificuldades Ortográficas - É com S ou com Z? É com X ou CH? | Palavras simples para aprender a ler;"""Agora você tem que dizer se as palavras são com M ou com N.""";Fim;https://youtu.be/v3AEtUr65qg?si=10wle_yRMpUy3hor;Positivo;Positivo;Positivo;Positivo;Positivo
v3AEtUr65qg;Dificuldades Ortográficas - É com S ou com Z? É com X ou CH? | Palavras simples para aprender a ler;"""No vídeo de hoje vocês aprenderam várias palavrinhas e como se escreve cada uma delas.""";Fim;https://youtu.be/v3AEtUr65qg?si=10wle_yRMpUy3hor;Positivo;Positivo;Neutro;Positivo;Positivo
v3AEtUr65qg;Dificuldades Ortográficas - É com S ou com Z? É com X ou CH? | Palavras simples para aprender a ler;"""A nossa primeira palavrinha é a chave.""";Meio;https://youtu.be/v3AEtUr65qg?si=10wle_yRMpUy3hor;Positivo;Neutro;Positivo;Positivo;Positivo
v3AEtUr65qg;Dificuldades Ortográficas - É com S ou com Z? É com X ou CH? | Palavras simples para aprender a ler;"""Chocolate, que delícia!""";Meio;https://youtu.be/v3AEtUr65qg?si=10wle_yRMpUy3hor;Positivo;Positivo;Positivo;Positivo;Positivo
v3AEtUr65qg;Dificuldades Ortográficas - É com S ou com Z? É com X ou CH? | Palavras simples para aprender a ler;"""A próxima palavrinha é a xícara.""";Meio;https://youtu.be/v3AEtUr65qg?si=10wle_yRMpUy3hor;Positivo;Positivo;Positivo;Positivo;Positivo
v3AEtUr65qg;Dificuldades Ortográficas - É com S ou com Z? É com X ou CH? | Palavras simples para aprender a ler;"""A próxima palavrinha é a chuva.""";Meio;https://youtu.be/v3AEtUr65qg?si=10wle_yRMpUy3hor;Positivo;Positivo;Positivo;Positivo;Positivo
v3AEtUr65qg;Dificuldades Ortográficas - É com S ou com Z? É com X ou CH? | Palavras simples para aprender a ler;"""Vamos para o nosso último bloco?""";Fim;https://youtu.be/v3AEtUr65qg?si=10wle_yRMpUy3hor;Positivo;Positivo;Positivo;Positivo;Positivo
z_FhzNmsI8g;QUIZ DE CONHECIMENTOS GERAIS COM 25 PERGUNTAS E RESPOSTAS DO ENSINO FUNDAMENTAL | NOVO QUIZ;"""Pentágono é o nome dado para a figura geométrica que possui 5 lados.""";Início;https://youtu.be/z_FhzNmsI8g?si=4DiWTOLaloaLbG-1;Neutro;Neutro;Negativo;Neutro;Neutro
z_FhzNmsI8g;QUIZ DE CONHECIMENTOS GERAIS COM 25 PERGUNTAS E RESPOSTAS DO ENSINO FUNDAMENTAL | NOVO QUIZ;"""Humus é a matéria orgânica depositada no solo, que resulta da decomposição de animais e plantas mortas ou de seus subprodutos.""";Fim;https://youtu.be/z_FhzNmsI8g?si=4DiWTOLaloaLbG-2;Neutro;Neutro;Neutro;Neutro;Neutro
z_FhzNmsI8g;QUIZ DE CONHECIMENTOS GERAIS COM 25 PERGUNTAS E RESPOSTAS DO ENSINO FUNDAMENTAL | NOVO QUIZ;"""Os combustíveis fósseis, petróleo, carvão mineral e gás natural, são chamados assim porque são, de fato, derivados de plantas e vegetais mortos, soterrados com os sólidos que formam as rochas sedimentares.""";Fim;https://youtu.be/z_FhzNmsI8g?si=4DiWTOLaloaLbG-3;Neutro;Neutro;Neutro;Neutro;Neutro
z_FhzNmsI8g;QUIZ DE CONHECIMENTOS GERAIS COM 25 PERGUNTAS E RESPOSTAS DO ENSINO FUNDAMENTAL | NOVO QUIZ;"""A energia eólica é um tipo de energia renovável gerada da força dos ventos.""";Meio;https://youtu.be/z_FhzNmsI8g?si=4DiWTOLaloaLbG-4;Neutro;Neutro;Neutro;Neutro;Neutro
z_FhzNmsI8g;QUIZ DE CONHECIMENTOS GERAIS COM 25 PERGUNTAS E RESPOSTAS DO ENSINO FUNDAMENTAL | NOVO QUIZ;"""A clorofila é o pigmento responsável por dar cor, encontrado no interior dos cloroplastos, é o mais abundante nas plantas e está presente principalmente nas folhas.""";Início;https://youtu.be/z_FhzNmsI8g?si=4DiWTOLaloaLbG-5;Neutro;Neutro;Neutro;Neutro;Neutro
z_FhzNmsI8g;QUIZ DE CONHECIMENTOS GERAIS COM 25 PERGUNTAS E RESPOSTAS DO ENSINO FUNDAMENTAL | NOVO QUIZ;"""Quiz de conhecimentos gerais com 25 perguntas do ensino fundamental.""";Início;https://youtu.be/z_FhzNmsI8g?si=4DiWTOLaloaLbG-6;Neutro;Neutro;Neutro;Positivo;Neutro
z_FhzNmsI8g;QUIZ DE CONHECIMENTOS GERAIS COM 25 PERGUNTAS E RESPOSTAS DO ENSINO FUNDAMENTAL | NOVO QUIZ;"""Para mais vídeos que promovem o conhecimento, deixe seu like e inscreva-se em nosso canal.""";Início;https://youtu.be/z_FhzNmsI8g?si=4DiWTOLaloaLbG-7;Neutro;Neutro;Neutro;Neutro;Neutro
z_FhzNmsI8g;QUIZ DE CONHECIMENTOS GERAIS COM 25 PERGUNTAS E RESPOSTAS DO ENSINO FUNDAMENTAL | NOVO QUIZ;"""Se você souber a resposta, compartilha nos comentários.""";Fim;https://youtu.be/z_FhzNmsI8g?si=4DiWTOLaloaLbG-8;Neutro;Neutro;Neutro;Neutro;Neutro
z_FhzNmsI8g;QUIZ DE CONHECIMENTOS GERAIS COM 25 PERGUNTAS E RESPOSTAS DO ENSINO FUNDAMENTAL | NOVO QUIZ;"""Nosso quiz de conhecimentos gerais com perguntas do ensino fundamental.""";Fim;https://youtu.be/z_FhzNmsI8g?si=4DiWTOLaloaLbG-9;Neutro;Neutro;Neutro;Neutro;Neutro
z_FhzNmsI8g;QUIZ DE CONHECIMENTOS GERAIS COM 25 PERGUNTAS E RESPOSTAS DO ENSINO FUNDAMENTAL | NOVO QUIZ;"""Na terra e na água.""";Meio;https://youtu.be/z_FhzNmsI8g?si=4DiWTOLaloaLbG-11;Neutro;Neutro;Neutro;Neutro;Neutro
z_FhzNmsI8g;QUIZ DE CONHECIMENTOS GERAIS COM 25 PERGUNTAS E RESPOSTAS DO ENSINO FUNDAMENTAL | NOVO QUIZ;"""No gelo.""";Meio;https://youtu.be/z_FhzNmsI8g?si=4DiWTOLaloaLbG-12;Neutro;Neutro;Neutro;Negativo;Neutro
z_FhzNmsI8g;QUIZ DE CONHECIMENTOS GERAIS COM 25 PERGUNTAS E RESPOSTAS DO ENSINO FUNDAMENTAL | NOVO QUIZ;"""Na água.""";Meio;https://youtu.be/z_FhzNmsI8g?si=4DiWTOLaloaLbG-13;Neutro;Neutro;Neutro;Neutro;Neutro
z_FhzNmsI8g;QUIZ DE CONHECIMENTOS GERAIS COM 25 PERGUNTAS E RESPOSTAS DO ENSINO FUNDAMENTAL | NOVO QUIZ;"""Na terra.""";Meio;https://youtu.be/z_FhzNmsI8g?si=4DiWTOLaloaLbG-14;Neutro;Negativo;Neutro;Neutro;Neutro
z_FhzNmsI8g;QUIZ DE CONHECIMENTOS GERAIS COM 25 PERGUNTAS E RESPOSTAS DO ENSINO FUNDAMENTAL | NOVO QUIZ;"""O Mágico de Oz.""";Fim;https://youtu.be/z_FhzNmsI8g?si=4DiWTOLaloaLbG-15;Neutro;Neutro;Negativo;Neutro;Neutro
Lquvg-WfF_0;Pré-história para crianças - Recopilação - Paleolítico, Neolítico e Idade dos Metais;"""Para poder moldar os metais, eles tinham que derretê-los a temperaturas muito altas em fornos especiais.""";Fim;https://youtu.be/Lquvg-WfF_0?si=_Oi1uGqZlP42VOSL;Neutro;Neutro;Neutro;Neutro;Neutro
Lquvg-WfF_0;Pré-história para crianças - Recopilação - Paleolítico, Neolítico e Idade dos Metais;"""Esta etapa da pré-história se divide em Idade do Cobre, Idade do Bronze e Idade do Ferro.""";Fim;https://youtu.be/Lquvg-WfF_0?si=_Oi1uGqZlP42VOSL;Neutro;Neutro;Neutro;Neutro;Neutro
Lquvg-WfF_0;Pré-história para crianças - Recopilação - Paleolítico, Neolítico e Idade dos Metais;"""Durante a Idade dos Metais, as aldeias foram crescendo e aos poucos se tornaram cidades.""";Fim;https://youtu.be/Lquvg-WfF_0?si=_Oi1uGqZlP42VOSL;Neutro;Neutro;Neutro;Neutro;Neutro
Lquvg-WfF_0;Pré-história para crianças - Recopilação - Paleolítico, Neolítico e Idade dos Metais;"""O primeiro metal descoberto foi o cobre, que não era um metal muito resistente.""";Fim;https://youtu.be/Lquvg-WfF_0?si=_Oi1uGqZlP42VOSL;Neutro;Neutro;Neutro;Neutro;Neutro
Lquvg-WfF_0;Pré-história para crianças - Recopilação - Paleolítico, Neolítico e Idade dos Metais;"""Uau! Parece que os primeiros homens já tinham crenças""";Meio;https://youtu.be/Lquvg-WfF_0?si=_Oi1uGqZlP42VOSL;Neutro;Neutro;Neutro;Neutro;Positivo
Lquvg-WfF_0;Pré-história para crianças - Recopilação - Paleolítico, Neolítico e Idade dos Metais;"""A pré-história terminou com a chegada da escrita e é um período fascinante, você não acha?""";Meio;https://youtu.be/Lquvg-WfF_0?si=_Oi1uGqZlP42VOSL;Neutro;Neutro;Negativo;Neutro;Neutro
Lquvg-WfF_0;Pré-história para crianças - Recopilação - Paleolítico, Neolítico e Idade dos Metais;"""Você sabia que os primeiros homens viveram na África?""";Início;https://youtu.be/Lquvg-WfF_0?si=_Oi1uGqZlP42VOSL;Neutro;Neutro;Positivo;Neutro;Neutro
Lquvg-WfF_0;Pré-história para crianças - Recopilação - Paleolítico, Neolítico e Idade dos Metais;"""Agora eu acho que você está se perguntando, existiam museus pré-históricos? Não!""";Meio;https://youtu.be/Lquvg-WfF_0?si=_Oi1uGqZlP42VOSL;Neutro;Neutro;Neutro;Neutro;Neutro
Lquvg-WfF_0;Pré-história para crianças - Recopilação - Paleolítico, Neolítico e Idade dos Metais;"""Isso mesmo, era um elemento decorativo.""";Meio;https://youtu.be/Lquvg-WfF_0?si=_Oi1uGqZlP42VOSL;Neutro;Neutro;Neutro;Neutro;Neutro
Lquvg-WfF_0;Pré-história para crianças - Recopilação - Paleolítico, Neolítico e Idade dos Metais;"""Eles gostavam de ter a casa bonita.""";Meio;https://youtu.be/Lquvg-WfF_0?si=_Oi1uGqZlP42VOSL;Neutro;Neutro;Neutro;Neutro;Neutro
Lquvg-WfF_0;Pré-história para crianças - Recopilação - Paleolítico, Neolítico e Idade dos Metais;"""Sim, você ouviu bem.""";Início;https://youtu.be/Lquvg-WfF_0?si=_Oi1uGqZlP42VOSL;Neutro;Neutro;Neutro;Neutro;Neutro
Lquvg-WfF_0;Pré-história para crianças - Recopilação - Paleolítico, Neolítico e Idade dos Metais;"""Sim, é isso mesmo.""";Início;https://youtu.be/Lquvg-WfF_0?si=_Oi1uGqZlP42VOSL;Neutro;Neutro;Neutro;Neutro;Negativo
fPnpu68PToA;As vogais A E I O U - Vídeo educativo para aprender as vogais;"""Amigo começa com A""";Início;https://youtu.be/fPnpu68PToA?si=mpFnj7Ua7HGZOtTS;Neutro;Neutro;Neutro;Neutro;Neutro
fPnpu68PToA;As vogais A E I O U - Vídeo educativo para aprender as vogais;"""Avó também começa com A.""";Início;https://youtu.be/fPnpu68PToA?si=mpFnj7Ua7HGZOtTS;Neutro;Neutro;Neutro;Neutro;Neutro
fPnpu68PToA;As vogais A E I O U - Vídeo educativo para aprender as vogais;"""Estudar começa com o E.""";Início;https://youtu.be/fPnpu68PToA?si=mpFnj7Ua7HGZOtTS;Neutro;Neutro;Neutro;Neutro;Neutro
fPnpu68PToA;As vogais A E I O U - Vídeo educativo para aprender as vogais;"""Universo começa com U.""";Fim;https://youtu.be/fPnpu68PToA?si=mpFnj7Ua7HGZOtTS;Neutro;Neutro;Neutro;Neutro;Neutro
fPnpu68PToA;As vogais A E I O U - Vídeo educativo para aprender as vogais;"""Urgente também começa com U.""";Fim;https://youtu.be/fPnpu68PToA?si=mpFnj7Ua7HGZOtTS;Neutro;Negativo;Neutro;Neutro;Neutro
fPnpu68PToA;As vogais A E I O U - Vídeo educativo para aprender as vogais;"""E abelha? Com que letra começa abelha? Com A""";Início;https://youtu.be/fPnpu68PToA?si=mpFnj7Ua7HGZOtTS;Neutro;Neutro;Neutro;Neutro;Neutro
fPnpu68PToA;As vogais A E I O U - Vídeo educativo para aprender as vogais;"""Iguana. Com que letra começa a iguana? Com I.""";Meio;https://youtu.be/fPnpu68PToA?si=mpFnj7Ua7HGZOtTS;Neutro;Neutro;Neutro;Neutro;Neutro
fPnpu68PToA;As vogais A E I O U - Vídeo educativo para aprender as vogais;"""Oliveira. Com que letra começa Oliveira? Com O.""";Meio;https://youtu.be/fPnpu68PToA?si=mpFnj7Ua7HGZOtTS;Neutro;Neutro;Neutro;Neutro;Neutro
fPnpu68PToA;As vogais A E I O U - Vídeo educativo para aprender as vogais;"""E unicórnio? Com que letra começa unicórnio? Com U.""";Fim;https://youtu.be/fPnpu68PToA?si=mpFnj7Ua7HGZOtTS;Neutro;Neutro;Neutro;Neutro;Neutro
fPnpu68PToA;As vogais A E I O U - Vídeo educativo para aprender as vogais;"""Oi amigos, hoje vamos apresentar a primeira letra do abecedário, a letra A.""";Início;https://youtu.be/fPnpu68PToA?si=mpFnj7Ua7HGZOtTS;Neutro;Neutro;Neutro;Neutro;Neutro
fPnpu68PToA;As vogais A E I O U - Vídeo educativo para aprender as vogais;"""Eu pareço uma bola de basquete.Vocês não acham?""";Meio;https://youtu.be/fPnpu68PToA?si=mpFnj7Ua7HGZOtTS;Neutro;Neutro;Neutro;Neutro;Negativo
fPnpu68PToA;As vogais A E I O U - Vídeo educativo para aprender as vogais;"""Parece a cara de um menino.""";Meio;https://youtu.be/fPnpu68PToA?si=mpFnj7Ua7HGZOtTS;Neutro;Neutro;Neutro;Neutro;Neutro
fPnpu68PToA;As vogais A E I O U - Vídeo educativo para aprender as vogais;"""É muito fácil.""";Meio;https://youtu.be/fPnpu68PToA?si=mpFnj7Ua7HGZOtTS;Neutro;Neutro;Neutro;Neutro;Neutro
fPnpu68PToA;As vogais A E I O U - Vídeo educativo para aprender as vogais;"""Até logo Ulisses.""";Fim;https://youtu.be/fPnpu68PToA?si=mpFnj7Ua7HGZOtTS;Neutro;Neutro;Neutro;Neutro;Negativo
fPnpu68PToA;As vogais A E I O U - Vídeo educativo para aprender as vogais;"""Para que vocês lembrem de mim para sempre.""";Fim;https://youtu.be/fPnpu68PToA?si=mpFnj7Ua7HGZOtTS;Neutro;Neutro;Neutro;Neutro;Neutro
NpewGvMrr6o;Sistema Solar para crianças | Planeta por planeta | Recopilação;"""O sistema solar forma parte de uma galáxia que se chama Via Láctea.""";Início;https://youtu.be/NpewGvMrr6o?si=SXyOh361LhQub2so;Positivo;Positivo;Positivo;Positivo;Positivo
NpewGvMrr6o;Sistema Solar para crianças | Planeta por planeta | Recopilação;"""Na atmosfera de Netuno tem hidrogênio, hélio e metano, que pode ser utilizado como combustível.""";Fim;https://youtu.be/NpewGvMrr6o?si=SXyOh361LhQub2so;Positivo;Positivo;Positivo;Neutro;Positivo
NpewGvMrr6o;Sistema Solar para crianças | Planeta por planeta | Recopilação;"""A gravidade de Netuno é muito parecida com a da Terra.""";Fim;https://youtu.be/NpewGvMrr6o?si=SXyOh361LhQub2so;Positivo;Positivo;Positivo;Positivo;Positivo
NpewGvMrr6o;Sistema Solar para crianças | Planeta por planeta | Recopilação;"""A atmosfera de Júpiter tem três camadas de nuvens que formam as cores que vemos.""";Meio;https://youtu.be/NpewGvMrr6o?si=SXyOh361LhQub2so;Positivo;Positivo;Positivo;Neutro;Positivo
NpewGvMrr6o;Sistema Solar para crianças | Planeta por planeta | Recopilação;"""Em Júpiter não é possível a vida, mas poderia ter vida em uma de suas luas que se chama Europa""";Meio;https://youtu.be/NpewGvMrr6o?si=SXyOh361LhQub2so;Positivo;Neutro;Positivo;Positivo;Positivo
NpewGvMrr6o;Sistema Solar para crianças | Planeta por planeta | Recopilação;"""Vocês sabiam que Mercúrio é o planeta que gira mais rápido ao redor do Sol?""";Início;https://youtu.be/NpewGvMrr6o?si=SXyOh361LhQub2so;Positivo;Positivo;Neutro;Positivo;Positivo
NpewGvMrr6o;Sistema Solar para crianças | Planeta por planeta | Recopilação;"""Vocês sabiam que o movimento de rotação de Venus é contrário ao dos outros planetas do sistema solar?""";Início;https://youtu.be/NpewGvMrr6o?si=SXyOh361LhQub2so;Positivo;Positivo;Positivo;Positivo;Positivo
NpewGvMrr6o;Sistema Solar para crianças | Planeta por planeta | Recopilação;"""Vocês sabiam que há muitos anos pensávamos que a Terra era plana como uma pizza?""";Início;https://youtu.be/NpewGvMrr6o?si=SXyOh361LhQub2so;Positivo;Positivo;Positivo;Positivo;Positivo
NpewGvMrr6o;Sistema Solar para crianças | Planeta por planeta | Recopilação;Vocês sabiam que foram feitas 7 explorações aéreas em Júpiter?;Meio;https://youtu.be/NpewGvMrr6o?si=SXyOh361LhQub2so;Positivo;Positivo;Positivo;Positivo;Positivo
NpewGvMrr6o;Sistema Solar para crianças | Planeta por planeta | Recopilação;"""Vocês sabiam que Urano faz um movimento de rotação de forma vertical?""";Fim;https://youtu.be/NpewGvMrr6o?si=SXyOh361LhQub2so;Positivo;Positivo;Positivo;Positivo;Positivo
NpewGvMrr6o;Sistema Solar para crianças | Planeta por planeta | Recopilação;"""Olá terraquios, que calor!""";Início;https://youtu.be/NpewGvMrr6o?si=SXyOh361LhQub2so;Positivo;Positivo;Positivo;Positivo;Positivo
NpewGvMrr6o;Sistema Solar para crianças | Planeta por planeta | Recopilação;"""Vocês já podem voltar para a Terra para informar sobre os dados que vocês coletaram.""";Meio;https://youtu.be/NpewGvMrr6o?si=SXyOh361LhQub2so;Positivo;Positivo;Positivo;Positivo;Positivo
NpewGvMrr6o;Sistema Solar para crianças | Planeta por planeta | Recopilação;"""Boa viagem!""";Meio;https://youtu.be/NpewGvMrr6o?si=SXyOh361LhQub2so;Positivo;Positivo;Positivo;Positivo;Positivo
NpewGvMrr6o;Sistema Solar para crianças | Planeta por planeta | Recopilação;"""Não podemos aterrissar porque não tem superfície sólida.""";Fim;https://youtu.be/NpewGvMrr6o?si=SXyOh361LhQub2so;Positivo;Positivo;Positivo;Positivo;Positivo
NpewGvMrr6o;Sistema Solar para crianças | Planeta por planeta | Recopilação;"""Vocês gostaram deste rápido passeio por Urano?""";Fim;https://youtu.be/NpewGvMrr6o?si=SXyOh361LhQub2so;Positivo;Positivo;Positivo;Positivo;Positivo
Ryl-9GLKCdg;DINOSSAUROS para crianças 🦖 Carnívoros, herbívoros e curiosos 🦕 Compilação;"""Os Espinossauros podiam alcançar entre 10 e 20 metros de comprimento e pesavam muitas toneladas.""";Início;https://youtu.be/Ryl-9GLKCdg?si=WxdnldhJ8SyMn2JE;Neutro;Neutro;Neutro;Neutro;Neutro
Ryl-9GLKCdg;DINOSSAUROS para crianças 🦖 Carnívoros, herbívoros e curiosos 🦕 Compilação;"""Este é o Pteranodonte. Eram dinossauros voadores e tinham as asas enormes e a pele muito fina""";Início;https://youtu.be/Ryl-9GLKCdg?si=WxdnldhJ8SyMn2JE;Neutro;Negativo;Neutro;Neutro;Neutro
Ryl-9GLKCdg;DINOSSAUROS para crianças 🦖 Carnívoros, herbívoros e curiosos 🦕 Compilação;"""O Triceratops. Era o dinossauro mais dócil e manso que se conhece""";Meio;https://youtu.be/Ryl-9GLKCdg?si=WxdnldhJ8SyMn2JE;Neutro;Neutro;Neutro;Neutro;Neutro
Ryl-9GLKCdg;DINOSSAUROS para crianças 🦖 Carnívoros, herbívoros e curiosos 🦕 Compilação;"""O Anquilossauro se alimentava de plantas que cresciam perto do solo.""";Meio;https://youtu.be/Ryl-9GLKCdg?si=WxdnldhJ8SyMn2JE;Neutro;Neutro;Neutro;Neutro;Neutro
Ryl-9GLKCdg;DINOSSAUROS para crianças 🦖 Carnívoros, herbívoros e curiosos 🦕 Compilação;"""Os Linênicus tinham pequenas extremidades superiores nas quais aparecia um único dedo.""";Meio;https://youtu.be/Ryl-9GLKCdg?si=WxdnldhJ8SyMn2JE;Neutro;Neutro;Neutro;Neutro;Neutro
Ryl-9GLKCdg;DINOSSAUROS para crianças 🦖 Carnívoros, herbívoros e curiosos 🦕 Compilação;"""Um Tyrannosaurus Rex! Que medo! Tinha mais de 60 dentes e mesmo sem poder correr, caminhava muito rápido.""";Início;https://youtu.be/Ryl-9GLKCdg?si=WxdnldhJ8SyMn2JE;Neutro;Neutro;Neutro;Neutro;Positivo
Ryl-9GLKCdg;DINOSSAUROS para crianças 🦖 Carnívoros, herbívoros e curiosos 🦕 Compilação;"""Apresento pra vocês o Estegossauro. Era herbívoro, então não tem perigo de ele me comer.""";Meio;https://youtu.be/Ryl-9GLKCdg?si=WxdnldhJ8SyMn2JE;Neutro;Neutro;Neutro;Neutro;Neutro
Ryl-9GLKCdg;DINOSSAUROS para crianças 🦖 Carnívoros, herbívoros e curiosos 🦕 Compilação;"""Ah, é um susaussauro. Ele era muito parecido com um avestruz gigante.""";Fim;https://youtu.be/Ryl-9GLKCdg?si=WxdnldhJ8SyMn2JE;Neutro;Neutro;Neutro;Neutro;Neutro
Ryl-9GLKCdg;DINOSSAUROS para crianças 🦖 Carnívoros, herbívoros e curiosos 🦕 Compilação;"""Oi, Parasaurolophus. Esses dinossauros tinham um focinho largo como o de um pato e muitos dentes.""";Meio;https://youtu.be/Ryl-9GLKCdg?si=WxdnldhJ8SyMn2JE;Neutro;Neutro;Neutro;Neutro;Neutro
Ryl-9GLKCdg;DINOSSAUROS para crianças 🦖 Carnívoros, herbívoros e curiosos 🦕 Compilação;"""Me disseram que vocês não sabem nada sobre os meus primos dinossauros.""";Início;https://youtu.be/Ryl-9GLKCdg?si=WxdnldhJ8SyMn2JE;Neutro;Neutro;Neutro;Neutro;Neutro
Ryl-9GLKCdg;DINOSSAUROS para crianças 🦖 Carnívoros, herbívoros e curiosos 🦕 Compilação;"""Adoro viajar ao passado e aprender coisas sobre os meus ancestrais, os dinossauros""";Fim;https://youtu.be/Ryl-9GLKCdg?si=WxdnldhJ8SyMn2JE;Neutro;Neutro;Neutro;Neutro;Neutro
Ryl-9GLKCdg;DINOSSAUROS para crianças 🦖 Carnívoros, herbívoros e curiosos 🦕 Compilação;"""Vejam os vídeos que eu fiz hoje desses dinossauros interessantes:""";Fim;https://youtu.be/Ryl-9GLKCdg?si=WxdnldhJ8SyMn2JE;Neutro;Neutro;Neutro;Neutro;Neutro
Ryl-9GLKCdg;DINOSSAUROS para crianças 🦖 Carnívoros, herbívoros e curiosos 🦕 Compilação;"""Quantos dentes, que medo!""";Fim;https://youtu.be/Ryl-9GLKCdg?si=WxdnldhJ8SyMn2JE;Negativo;Negativo;Negativo;Negativo;Negativo
Ryl-9GLKCdg;DINOSSAUROS para crianças 🦖 Carnívoros, herbívoros e curiosos 🦕 Compilação;"""Que interessante, né?""";Fim;https://youtu.be/Ryl-9GLKCdg?si=WxdnldhJ8SyMn2JE;Neutro;Neutro;Neutro;Neutro;Neutro
dHUAeQ-3E195EaK8;Os sentidos para as crianças - O paladar, o tato, a visão, a audição e o olfato;"""O ouvido é o órgão responsável pela audição e pelo equilíbrio.""";Início;https://www.youtube.com/watch?v=NdCZ5WNE5v8;Neutro;Neutro;Neutro;Neutro;Neutro
dHUAeQ-3E195EaK8;Os sentidos para as crianças - O paladar, o tato, a visão, a audição e o olfato;"""O ouvido se divide em três partes: o ouvido externo, o ouvido médio e o ouvido interno.""";Início;https://www.youtube.com/watch?v=NdCZ5WNE5v9;Neutro;Neutro;Neutro;Positivo;Neutro
dHUAeQ-3E195EaK8;Os sentidos para as crianças - O paladar, o tato, a visão, a audição e o olfato;"""O olho é o órgão do sentido da visão.""";Início;https://www.youtube.com/watch?v=NdCZ5WNE5v10;Neutro;Neutro;Neutro;Neutro;Neutro
dHUAeQ-3E195EaK8;Os sentidos para as crianças - O paladar, o tato, a visão, a audição e o olfato;"""A língua é o órgão responsável pela percepção do sabor.""";Meio;https://www.youtube.com/watch?v=NdCZ5WNE5v11;Neutro;Neutro;Neutro;Neutro;Neutro
dHUAeQ-3E195EaK8;Os sentidos para as crianças - O paladar, o tato, a visão, a audição e o olfato;"""A pele é o órgão responsável pelo tato.""";Fim;https://www.youtube.com/watch?v=NdCZ5WNE5v12;Neutro;Neutro;Neutro;Neutro;Neutro
dHUAeQ-3E195EaK8;Os sentidos para as crianças - O paladar, o tato, a visão, a audição e o olfato;"""Você sabia que o olho produz lágrimas o tempo todo, sem você perceber?""";Início;https://www.youtube.com/watch?v=NdCZ5WNE5v13;Neutro;Neutro;Neutro;Neutro;Neutro
dHUAeQ-3E195EaK8;Os sentidos para as crianças - O paladar, o tato, a visão, a audição e o olfato;"""Você sabia que a cor dos olhos é uma característica de herança genética?""";Meio;https://www.youtube.com/watch?v=NdCZ5WNE5v14;Neutro;Neutro;Neutro;Neutro;Neutro
dHUAeQ-3E195EaK8;Os sentidos para as crianças - O paladar, o tato, a visão, a audição e o olfato;"""Você sabia que tem animais que podem detectar mais cheiros que os humanos?""";Meio;https://www.youtube.com/watch?v=NdCZ5WNE5v15;Neutro;Neutro;Neutro;Neutro;Neutro
dHUAeQ-3E195EaK8;Os sentidos para as crianças - O paladar, o tato, a visão, a audição e o olfato;"""Você sabia que o olfato também participa do paladar?""";Fim;https://www.youtube.com/watch?v=NdCZ5WNE5v16;Neutro;Neutro;Neutro;Neutro;Neutro
dHUAeQ-3E195EaK8;Os sentidos para as crianças - O paladar, o tato, a visão, a audição e o olfato;"""Você sabia que a pele é o maior órgão do nosso corpo?""";Fim;https://www.youtube.com/watch?v=NdCZ5WNE5v17;Neutro;Neutro;Negativo;Neutro;Neutro
dHUAeQ-3E195EaK8;Os sentidos para as crianças - O paladar, o tato, a visão, a audição e o olfato;"""Imagine que você vê um semáforo verde.""";Início;https://www.youtube.com/watch?v=NdCZ5WNE5v18;Neutro;Neutro;Neutro;Neutro;Neutro
dHUAeQ-3E195EaK8;Os sentidos para as crianças - O paladar, o tato, a visão, a audição e o olfato;"""Interessante, né?""";Meio;https://www.youtube.com/watch?v=NdCZ5WNE5v19;Neutro;Neutro;Neutro;Neutro;Neutro
dHUAeQ-3E195EaK8;Os sentidos para as crianças - O paladar, o tato, a visão, a audição e o olfato;"""Você gostou?""";Meio;https://www.youtube.com/watch?v=NdCZ5WNE5v20;Neutro;Neutro;Neutro;Neutro;Neutro
dHUAeQ-3E195EaK8;Os sentidos para as crianças - O paladar, o tato, a visão, a audição e o olfato;"""Não é incrível?""";Fim;https://www.youtube.com/watch?v=NdCZ5WNE5v21;Neutro;Neutro;Neutro;Negativo;Neutro
dHUAeQ-3E195EaK8;Os sentidos para as crianças - O paladar, o tato, a visão, a audição e o olfato;"""Vamos dar três dicas básicas de como fazer isso.""";Fim;https://www.youtube.com/watch?v=NdCZ5WNE5v22;Neutro;Neutro;Neutro;Negativo;Neutro
Yy4D7cf0z_s;OPERAÇÕES COM FRAÇÕES para crianças - adição, subtração, multiplicação e divisão - Recopilação;"""Uma fração é um número que mostra a divisão de um número inteiro em partes iguais.""";Início;https://youtu.be/Yy4D7cf0z_s?si=9-IcVcEbQn1mx0Q5;Neutro;Neutro;Neutro;Neutro;Neutro
Yy4D7cf0z_s;OPERAÇÕES COM FRAÇÕES para crianças - adição, subtração, multiplicação e divisão - Recopilação;"""Para somar frações com o mesmo denominador, vamos deixar o mesmo denominador e somar os numeradores.""";Início;https://youtu.be/Yy4D7cf0z_s?si=9-IcVcEbQn1mx0Q6;Neutro;Neutro;Neutro;Neutro;Neutro
Yy4D7cf0z_s;OPERAÇÕES COM FRAÇÕES para crianças - adição, subtração, multiplicação e divisão - Recopilação;"""Para subtrair frações com o mesmo denominador, deixamos o mesmo denominador e subtraímos apenas os numeradores""";Meio;https://youtu.be/Yy4D7cf0z_s?si=9-IcVcEbQn1mx0Q7;Neutro;Neutro;Neutro;Neutro;Neutro
Yy4D7cf0z_s;OPERAÇÕES COM FRAÇÕES para crianças - adição, subtração, multiplicação e divisão - Recopilação;"""Para multiplicar frações, multiplicamos os numeradores entre si e os denominadores entre si.""";Fim;https://youtu.be/Yy4D7cf0z_s?si=9-IcVcEbQn1mx0Q8;Neutro;Neutro;Neutro;Neutro;Neutro
Yy4D7cf0z_s;OPERAÇÕES COM FRAÇÕES para crianças - adição, subtração, multiplicação e divisão - Recopilação;"""Para dividir frações, vamos multiplicar o denominador da primeira fração pelo numerador da segunda, ou seja.""";Fim;https://youtu.be/Yy4D7cf0z_s?si=9-IcVcEbQn1mx0Q9;Neutro;Neutro;Neutro;Neutro;Neutro
Yy4D7cf0z_s;OPERAÇÕES COM FRAÇÕES para crianças - adição, subtração, multiplicação e divisão - Recopilação;"""Vocês lembram como se faz esta operação?""";Início;https://youtu.be/Yy4D7cf0z_s?si=9-IcVcEbQn1mx0Q10;Neutro;Neutro;Neutro;Neutro;Neutro
Yy4D7cf0z_s;OPERAÇÕES COM FRAÇÕES para crianças - adição, subtração, multiplicação e divisão - Recopilação;"""Vocês lembram o que é uma fração?""";Início;https://youtu.be/Yy4D7cf0z_s?si=9-IcVcEbQn1mx0Q11;Neutro;Neutro;Neutro;Neutro;Neutro
Yy4D7cf0z_s;OPERAÇÕES COM FRAÇÕES para crianças - adição, subtração, multiplicação e divisão - Recopilação;"""Vocês se lembram de como fazer esta operação?""";Meio;https://youtu.be/Yy4D7cf0z_s?si=9-IcVcEbQn1mx0Q12;Neutro;Neutro;Neutro;Neutro;Negativo
Yy4D7cf0z_s;OPERAÇÕES COM FRAÇÕES para crianças - adição, subtração, multiplicação e divisão - Recopilação;"""Hoje vamos aprender a multiplicar frações?""";Fim;https://youtu.be/Yy4D7cf0z_s?si=9-IcVcEbQn1mx0Q13;Neutro;Neutro;Neutro;Positivo;Neutro
Yy4D7cf0z_s;OPERAÇÕES COM FRAÇÕES para crianças - adição, subtração, multiplicação e divisão - Recopilação;"""Vocês sabem multiplicar frações?""";Meio;https://youtu.be/Yy4D7cf0z_s?si=9-IcVcEbQn1mx0Q14;Neutro;Neutro;Neutro;Neutro;Neutro
Yy4D7cf0z_s;OPERAÇÕES COM FRAÇÕES para crianças - adição, subtração, multiplicação e divisão - Recopilação;"""Olá de novo, amigos da matemática!""";Início;https://youtu.be/Yy4D7cf0z_s?si=9-IcVcEbQn1mx0Q15;Neutro;Neutro;Neutro;Neutro;Neutro
Yy4D7cf0z_s;OPERAÇÕES COM FRAÇÕES para crianças - adição, subtração, multiplicação e divisão - Recopilação;"""Um planeta do universo Smile and Learn chamado Smilington é dividido em oito partes iguais.""";Meio;https://youtu.be/Yy4D7cf0z_s?si=9-IcVcEbQn1mx0Q16;Neutro;Neutro;Neutro;Positivo;Neutro
Yy4D7cf0z_s;OPERAÇÕES COM FRAÇÕES para crianças - adição, subtração, multiplicação e divisão - Recopilação;"""Olá de novo, amigos!""";Meio;https://youtu.be/Yy4D7cf0z_s?si=9-IcVcEbQn1mx0Q17;Neutro;Neutro;Neutro;Neutro;Neutro
Yy4D7cf0z_s;OPERAÇÕES COM FRAÇÕES para crianças - adição, subtração, multiplicação e divisão - Recopilação;"""Vocês acertaram?""";Fim;https://youtu.be/Yy4D7cf0z_s?si=9-IcVcEbQn1mx0Q18;Neutro;Neutro;Neutro;Neutro;Neutro
Yy4D7cf0z_s;OPERAÇÕES COM FRAÇÕES para crianças - adição, subtração, multiplicação e divisão - Recopilação;"""Vamos ver como é!""";Fim;https://youtu.be/Yy4D7cf0z_s?si=9-IcVcEbQn1mx0Q19;Neutro;Neutro;Neutro;Neutro;Neutro
lJWJvxRPQuw;O Patinho Feio | Historia completa - Desenho animado infantil com Os Amiguinhos;"""Mamãe pato chocava seus ovos à espera dos seus filhotes.""";Início;https://www.youtube.com/watch?v=lJWJvxRPQuw;Positivo;Positivo;Positivo;Positivo;Positivo
lJWJvxRPQuw;O Patinho Feio | Historia completa - Desenho animado infantil com Os Amiguinhos;"""E a mamãe pato começou a se preocupar, mas decidiu esperar um pouco mais.""";Início;https://www.youtube.com/watch?v=lJWJvxRPQuw;Positivo;Positivo;Positivo;Positivo;Positivo
lJWJvxRPQuw;O Patinho Feio | Historia completa - Desenho animado infantil com Os Amiguinhos;"""Confuso, o bebê pato começou a olhar em volta.""";Início;https://www.youtube.com/watch?v=lJWJvxRPQuw;Positivo;Positivo;Positivo;Positivo;Positivo
lJWJvxRPQuw;O Patinho Feio | Historia completa - Desenho animado infantil com Os Amiguinhos;"""Como você é feio!""";Início;https://www.youtube.com/watch?v=lJWJvxRPQuw;Positivo;Positivo;Positivo;Negativo;Positivo
lJWJvxRPQuw;O Patinho Feio | Historia completa - Desenho animado infantil com Os Amiguinhos;"""Com o tempo, além de ser o mais diferente de todos os patos, era também o mais triste.""";Início;https://www.youtube.com/watch?v=lJWJvxRPQuw;Positivo;Neutro;Positivo;Positivo;Positivo
lJWJvxRPQuw;O Patinho Feio | Historia completa - Desenho animado infantil com Os Amiguinhos;"""Nenhum dos seus irmãos queria brincar com ele.""";Meio;https://www.youtube.com/watch?v=lJWJvxRPQuw;Positivo;Positivo;Positivo;Positivo;Positivo
lJWJvxRPQuw;O Patinho Feio | Historia completa - Desenho animado infantil com Os Amiguinhos;"""Todos os animais da fazenda faziam piada com ele.""";Meio;https://www.youtube.com/watch?v=lJWJvxRPQuw;Positivo;Positivo;Neutro;Positivo;Positivo
lJWJvxRPQuw;O Patinho Feio | Historia completa - Desenho animado infantil com Os Amiguinhos;"""Ele chorava silenciosamente à noite, pensando que nunca ninguém iria gostar dele.""";Meio;https://www.youtube.com/watch?v=lJWJvxRPQuw;Positivo;Positivo;Positivo;Positivo;Positivo
lJWJvxRPQuw;O Patinho Feio | Historia completa - Desenho animado infantil com Os Amiguinhos;"""A mamãe pato, que buscava comida para os seus filhotes, foi pega.""";Meio;https://www.youtube.com/watch?v=lJWJvxRPQuw;Positivo;Positivo;Positivo;Positivo;Positivo
lJWJvxRPQuw;O Patinho Feio | Historia completa - Desenho animado infantil com Os Amiguinhos;"""Vai embora! Ninguém pode me ver conversando com um pato feio como você.""";Meio;https://www.youtube.com/watch?v=lJWJvxRPQuw;Positivo;Positivo;Positivo;Positivo;Neutro
lJWJvxRPQuw;O Patinho Feio | Historia completa - Desenho animado infantil com Os Amiguinhos;"""Mesmo estando sozinho, ele se sentia muito feliz.""";Fim;https://www.youtube.com/watch?v=lJWJvxRPQuw;Positivo;Positivo;Positivo;Positivo;Positivo
lJWJvxRPQuw;O Patinho Feio | Historia completa - Desenho animado infantil com Os Amiguinhos;"""Que lindo que eles são! Como eu queria ser igual a eles!""";Fim;https://www.youtube.com/watch?v=lJWJvxRPQuw;Positivo;Positivo;Positivo;Positivo;Positivo
lJWJvxRPQuw;O Patinho Feio | Historia completa - Desenho animado infantil com Os Amiguinhos;"""O fazendeiro fez o que disse e cuidou dele.""";Fim;https://www.youtube.com/watch?v=lJWJvxRPQuw;Positivo;Negativo;Positivo;Positivo;Positivo
lJWJvxRPQuw;O Patinho Feio | Historia completa - Desenho animado infantil com Os Amiguinhos;"""Olha como eu mudei! Eu estou como aqueles pássaros.""";Fim;https://www.youtube.com/watch?v=lJWJvxRPQuw;Positivo;Positivo;Positivo;Positivo;Positivo
lJWJvxRPQuw;O Patinho Feio | Historia completa - Desenho animado infantil com Os Amiguinhos;"""Agora, ele tinha encontrado Sua verdadeira família e com eles viveu feliz para sempre.""";Fim;https://www.youtube.com/watch?v=lJWJvxRPQuw;Positivo;Positivo;Positivo;Positivo;Positivo
A2gLOHf2glQ;A Nuvenzinha triste 😢☁️ | História Infantil | Histórias para crianças;"""Elas são tão branquinhas, parecem algodão, e quando o vento sopra, elas vão se juntando...""";Início;https://www.youtube.com/watch?v=A2gLOHf2glQ;Positivo;Positivo;Positivo;Positivo;Positivo
A2gLOHf2glQ;A Nuvenzinha triste 😢☁️ | História Infantil | Histórias para crianças;"""Mas havia uma nuvenzinha que estava muito triste, estava cansada de ser nuvem.""";Início;https://www.youtube.com/watch?v=A2gLOHf2glQ;Positivo;Positivo;Positivo;Positivo;Positivo
A2gLOHf2glQ;A Nuvenzinha triste 😢☁️ | História Infantil | Histórias para crianças;"""Ela achava a vida dela sem graça, pois ficava lá parada, sem movimento, sem cor e sem utilidade.""";Início;https://www.youtube.com/watch?v=A2gLOHf2glQ;Positivo;Positivo;Positivo;Positivo;Positivo
A2gLOHf2glQ;A Nuvenzinha triste 😢☁️ | História Infantil | Histórias para crianças;"""...desejou se transformar em um lindo pássaro também, pois assim poderia alegrar todos com o seu canto.""";Início;https://www.youtube.com/watch?v=A2gLOHf2glQ;Positivo;Positivo;Positivo;Positivo;Positivo
A2gLOHf2glQ;A Nuvenzinha triste 😢☁️ | História Infantil | Histórias para crianças;"""Mas logo percebeu que não conseguiria cantar e foi murchando, murchando até ficar uma nuvenzinha triste novamente.""";Início;https://www.youtube.com/watch?v=A2gLOHf2glQ;Positivo;Positivo;Positivo;Positivo;Positivo
A2gLOHf2glQ;A Nuvenzinha triste 😢☁️ | História Infantil | Histórias para crianças;"""É isso, eu quero ser um avião.""";Meio;https://www.youtube.com/watch?v=A2gLOHf2glQ;Positivo;Positivo;Positivo;Positivo;Positivo
A2gLOHf2glQ;A Nuvenzinha triste 😢☁️ | História Infantil | Histórias para crianças;"""Ela não podia sair do lugar e nem levar ninguém pra passear.""";Meio;https://www.youtube.com/watch?v=A2gLOHf2glQ;Positivo;Positivo;Positivo;Positivo;Positivo
A2gLOHf2glQ;A Nuvenzinha triste 😢☁️ | História Infantil | Histórias para crianças;"""...e foi ficando triste, triste, murchando, e voltou a ser a mesma nuvenzinha parada lá no céu.""";Meio;https://www.youtube.com/watch?v=A2gLOHf2glQ;Positivo;Positivo;Positivo;Positivo;Positivo
A2gLOHf2glQ;A Nuvenzinha triste 😢☁️ | História Infantil | Histórias para crianças;"""É isso que eu quero ser: uma exploradora do espaço.""";Meio;https://www.youtube.com/watch?v=A2gLOHf2glQ;Positivo;Positivo;Positivo;Positivo;Positivo
A2gLOHf2glQ;A Nuvenzinha triste 😢☁️ | História Infantil | Histórias para crianças;"""...não tinha motor pra lhe dar propulsão.""";Meio;https://www.youtube.com/watch?v=A2gLOHf2glQ;Positivo;Positivo;Positivo;Positivo;Positivo
A2gLOHf2glQ;A Nuvenzinha triste 😢☁️ | História Infantil | Histórias para crianças;"""...o vento forte [...] foi ficando cada vez mais zangado com a nuvenzinha que só sabia reclamar da vida...""";Fim;https://www.youtube.com/watch?v=A2gLOHf2glQ;Positivo;Negativo;Positivo;Positivo;Positivo
A2gLOHf2glQ;A Nuvenzinha triste 😢☁️ | História Infantil | Histórias para crianças;"""Era um lugar muito triste, sem água, sem plantas, sem crianças brincando...""";Fim;https://www.youtube.com/watch?v=A2gLOHf2glQ;Positivo;Positivo;Neutro;Positivo;Positivo
A2gLOHf2glQ;A Nuvenzinha triste 😢☁️ | História Infantil | Histórias para crianças;"""As plantas começaram a brotar e a vida voltou para aquele lugar.""";Fim;https://www.youtube.com/watch?v=A2gLOHf2glQ;Positivo;Positivo;Positivo;Positivo;Positivo
A2gLOHf2glQ;A Nuvenzinha triste 😢☁️ | História Infantil | Histórias para crianças;"""...a nuvenzinha percebeu então que tudo havia se transformado e que ela foi a responsável por tudo aquilo.""";Fim;https://www.youtube.com/watch?v=A2gLOHf2glQ;Positivo;Positivo;Positivo;Positivo;Positivo
A2gLOHf2glQ;A Nuvenzinha triste 😢☁️ | História Infantil | Histórias para crianças;"""Ela viveu feliz para sempre.""";Fim;https://www.youtube.com/watch?v=A2gLOHf2glQ;Positivo;Positivo;Positivo;Positivo;Positivo
rXXJtnytIO4;Chapeuzinho Vermelho (NOVO) | Historia completa | Desenho animado infantil com Os Amiguinhos;"""Mamãe, eu tô tão feliz! É ano novo!""";Início;https://www.youtube.com/watch?v=rXXJtnytIO4;Positivo;Positivo;Positivo;Positivo;Positivo
rXXJtnytIO4;Chapeuzinho Vermelho (NOVO) | Historia completa | Desenho animado infantil com Os Amiguinhos;"""A vovó está doente.""";Início;https://www.youtube.com/watch?v=rXXJtnytIO4;Positivo;Positivo;Positivo;Positivo;Positivo
rXXJtnytIO4;Chapeuzinho Vermelho (NOVO) | Historia completa | Desenho animado infantil com Os Amiguinhos;"""Pegou a cesta que sua mãe havia preparado e saiu.""";Início;https://www.youtube.com/watch?v=rXXJtnytIO4;Positivo;Positivo;Positivo;Positivo;Positivo
rXXJtnytIO4;Chapeuzinho Vermelho (NOVO) | Historia completa | Desenho animado infantil com Os Amiguinhos;"""Todos que moravam na floresta estavam atentos e com medo desse lobo tão malvado.""";Início;https://www.youtube.com/watch?v=rXXJtnytIO4;Positivo;Positivo;Positivo;Neutro;Positivo
rXXJtnytIO4;Chapeuzinho Vermelho (NOVO) | Historia completa | Desenho animado infantil com Os Amiguinhos;"""Tadinha de você, tá com muito frio.""";Início;https://www.youtube.com/watch?v=rXXJtnytIO4;Positivo;Positivo;Positivo;Positivo;Positivo
rXXJtnytIO4;Chapeuzinho Vermelho (NOVO) | Historia completa | Desenho animado infantil com Os Amiguinhos;"""Ela deu uma olhada ao redor e notou que agora estava longe da floresta.""";Meio;https://www.youtube.com/watch?v=rXXJtnytIO4;Positivo;Positivo;Positivo;Positivo;Positivo
rXXJtnytIO4;Chapeuzinho Vermelho (NOVO) | Historia completa | Desenho animado infantil com Os Amiguinhos;"""...a Chapeuzinho Vermelho sentiu se tão desamparada que começou a chorar.""";Meio;https://www.youtube.com/watch?v=rXXJtnytIO4;Positivo;Positivo;Positivo;Positivo;Positivo
rXXJtnytIO4;Chapeuzinho Vermelho (NOVO) | Historia completa | Desenho animado infantil com Os Amiguinhos;"""Socorro! Será que alguém consegue me ouvir?""";Meio;https://www.youtube.com/watch?v=rXXJtnytIO4;Positivo;Positivo;Positivo;Positivo;Neutro
rXXJtnytIO4;Chapeuzinho Vermelho (NOVO) | Historia completa | Desenho animado infantil com Os Amiguinhos;"""Eu ouvi você gritando e vim te ajudar.""";Meio;https://www.youtube.com/watch?v=rXXJtnytIO4;Positivo;Positivo;Positivo;Positivo;Positivo
rXXJtnytIO4;Chapeuzinho Vermelho (NOVO) | Historia completa | Desenho animado infantil com Os Amiguinhos;"""Primeiro eu vou comê-la. E então vou comer a sua vovó.""";Meio;https://www.youtube.com/watch?v=rXXJtnytIO4;Positivo;Positivo;Positivo;Positivo;Positivo
rXXJtnytIO4;Chapeuzinho Vermelho (NOVO) | Historia completa | Desenho animado infantil com Os Amiguinhos;"""Essa voz não parece a da vovó, mas eu acho que é porque ela está doente.""";Fim;https://www.youtube.com/watch?v=rXXJtnytIO4;Positivo;Positivo;Positivo;Positivo;Positivo
rXXJtnytIO4;Chapeuzinho Vermelho (NOVO) | Historia completa | Desenho animado infantil com Os Amiguinhos;"""Vovó, o que aconteceu? Por que as orelhas estão grandes?""";Fim;https://www.youtube.com/watch?v=rXXJtnytIO4;Positivo;Positivo;Positivo;Positivo;Positivo
rXXJtnytIO4;Chapeuzinho Vermelho (NOVO) | Historia completa | Desenho animado infantil com Os Amiguinhos;"""Para conseguir te comer melhor.""";Fim;https://www.youtube.com/watch?v=rXXJtnytIO4;Positivo;Positivo;Positivo;Positivo;Positivo
rXXJtnytIO4;Chapeuzinho Vermelho (NOVO) | Historia completa | Desenho animado infantil com Os Amiguinhos;"""Sua vó está bem, querida.""";Fim;https://www.youtube.com/watch?v=rXXJtnytIO4;Positivo;Positivo;Positivo;Positivo;Positivo
rXXJtnytIO4;Chapeuzinho Vermelho (NOVO) | Historia completa | Desenho animado infantil com Os Amiguinhos;"""Chapeuzinho Vermelho, sua mãe, sua avó e o caçador passaram a noite toda juntos, comendo e dançando até o Ano Novo.""";Fim;https://www.youtube.com/watch?v=rXXJtnytIO4;Positivo;Neutro;Positivo;Positivo;Positivo
f-2lf-MXcEQ;JOÃO E MARIA | Contos de Fadas em Português | Contos Infantis | História infantil para dormir;"""Devemos nos livrar dos dois pirralhos ou todos vamos morrer.""";Início;https://www.youtube.com/watch?v=f-2lf-MXcEQ;Positivo;Positivo;Positivo;Positivo;Positivo
f-2lf-MXcEQ;JOÃO E MARIA | Contos de Fadas em Português | Contos Infantis | História infantil para dormir;"""Os pobres João e Maria ouviram a conversa e ficaram chorando a noite toda.""";Início;https://www.youtube.com/watch?v=f-2lf-MXcEQ;Positivo;Positivo;Neutro;Positivo;Positivo
f-2lf-MXcEQ;JOÃO E MARIA | Contos de Fadas em Português | Contos Infantis | História infantil para dormir;"""Preparem-se, meus filhos, para um piquenique.""";Início;https://www.youtube.com/watch?v=f-2lf-MXcEQ;Positivo;Positivo;Positivo;Positivo;Positivo
f-2lf-MXcEQ;JOÃO E MARIA | Contos de Fadas em Português | Contos Infantis | História infantil para dormir;"""João era um colecionador de pedras.""";Início;https://www.youtube.com/watch?v=f-2lf-MXcEQ;Positivo;Positivo;Positivo;Positivo;Positivo
f-2lf-MXcEQ;JOÃO E MARIA | Contos de Fadas em Português | Contos Infantis | História infantil para dormir;"""O tempo passou e já era quase noite, Maria começou a ficar preocupada...""";Início;https://www.youtube.com/watch?v=f-2lf-MXcEQ;Positivo;Positivo;Positivo;Positivo;Positivo
f-2lf-MXcEQ;JOÃO E MARIA | Contos de Fadas em Português | Contos Infantis | História infantil para dormir;"""Quando a noite caiu, os sons horríveis de todos os animais selvagens começaram a ecoar ao redor deles.""";Meio;https://www.youtube.com/watch?v=f-2lf-MXcEQ;Positivo;Positivo;Positivo;Positivo;Neutro
f-2lf-MXcEQ;JOÃO E MARIA | Contos de Fadas em Português | Contos Infantis | História infantil para dormir;"""Eles ficaram surpresos ao ver que a casa era feita de chocolates, doces, pedras de bala e bolo.""";Meio;https://www.youtube.com/watch?v=f-2lf-MXcEQ;Positivo;Positivo;Positivo;Positivo;Neutro
f-2lf-MXcEQ;JOÃO E MARIA | Contos de Fadas em Português | Contos Infantis | História infantil para dormir;"""É como uma terra dos sonhos, Maria diz.""";Meio;https://www.youtube.com/watch?v=f-2lf-MXcEQ;Positivo;Positivo;Positivo;Positivo;Positivo
f-2lf-MXcEQ;JOÃO E MARIA | Contos de Fadas em Português | Contos Infantis | História infantil para dormir;"""...a Bela Dama era, na verdade, uma bruxa cruel que estava planejando e conspirando para matar as crianças e comê-las.""";Meio;https://www.youtube.com/watch?v=f-2lf-MXcEQ;Positivo;Positivo;Positivo;Positivo;Positivo
f-2lf-MXcEQ;JOÃO E MARIA | Contos de Fadas em Português | Contos Infantis | História infantil para dormir;"""Maria estava tremendo de medo e aterrorizada.""";Meio;https://www.youtube.com/watch?v=f-2lf-MXcEQ;Positivo;Positivo;Positivo;Positivo;Positivo
f-2lf-MXcEQ;JOÃO E MARIA | Contos de Fadas em Português | Contos Infantis | História infantil para dormir;"""Ele era um menino inteligente e, imediatamente, sentiu que algo estava errado.""";Fim;https://www.youtube.com/watch?v=f-2lf-MXcEQ;Positivo;Positivo;Positivo;Positivo;Positivo
f-2lf-MXcEQ;JOÃO E MARIA | Contos de Fadas em Português | Contos Infantis | História infantil para dormir;"""A bruxa percebeu o quão estúpida era Maria.""";Fim;https://www.youtube.com/watch?v=f-2lf-MXcEQ;Positivo;Positivo;Positivo;Positivo;Positivo
f-2lf-MXcEQ;JOÃO E MARIA | Contos de Fadas em Português | Contos Infantis | História infantil para dormir;"""Quando a bruxa se abaixou para verificar o forno, João correu na direção dela e a empurrou para o forno...""";Fim;https://www.youtube.com/watch?v=f-2lf-MXcEQ;Positivo;Positivo;Positivo;Positivo;Positivo
f-2lf-MXcEQ;JOÃO E MARIA | Contos de Fadas em Português | Contos Infantis | História infantil para dormir;"""Ambos não podiam acreditar no que aconteceu e que estavam a salvo agora.""";Fim;https://www.youtube.com/watch?v=f-2lf-MXcEQ;Positivo;Positivo;Positivo;Positivo;Positivo
f-2lf-MXcEQ;JOÃO E MARIA | Contos de Fadas em Português | Contos Infantis | História infantil para dormir;"""Finalmente, puderam viver uma vida despreocupada juntos e felizes.""";Fim;https://www.youtube.com/watch?v=f-2lf-MXcEQ;Positivo;Positivo;Positivo;Positivo;Positivo
32mlN52ihg0;O Lobo e os Sete Cabritinhos - Historia completa - Desenho animado infantil com Os Amiguinhos;"""Eles viviam uma vida feliz.""";Início;https://www.youtube.com/watch?v=32mlN52ihg0;Positivo;Neutro;Positivo;Positivo;Positivo
32mlN52ihg0;O Lobo e os Sete Cabritinhos - Historia completa - Desenho animado infantil com Os Amiguinhos;"""Muito cuidado com o lobo, ele é muito inteligente e tentará enganar vocês.""";Início;https://www.youtube.com/watch?v=32mlN52ihg0;Negativo;Negativo;Negativo;Negativo;Negativo
32mlN52ihg0;O Lobo e os Sete Cabritinhos - Historia completa - Desenho animado infantil com Os Amiguinhos;"""O lobo tem a voz áspera eu tenho a voz doce.""";Início;https://www.youtube.com/watch?v=32mlN52ihg0;Neutro;Neutro;Neutro;Neutro;Neutro
32mlN52ihg0;O Lobo e os Sete Cabritinhos - Historia completa - Desenho animado infantil com Os Amiguinhos;"""Você não é a nossa mãe. É a voz dela, é mais doce e mais bonita.""";Início;https://www.youtube.com/watch?v=32mlN52ihg0;Negativo;Negativo;Negativo;Negativo;Negativo
32mlN52ihg0;O Lobo e os Sete Cabritinhos - Historia completa - Desenho animado infantil com Os Amiguinhos;"""O lobo ficou muito irritado porque não podia enganar os cabritinhos.""";Início;https://www.youtube.com/watch?v=32mlN52ihg0;Negativo;Positivo;Negativo;Negativo;Negativo
32mlN52ihg0;O Lobo e os Sete Cabritinhos - Historia completa - Desenho animado infantil com Os Amiguinhos;"""Quando os cabritinhos viram os pés brancos, acreditaram que era sua mamãe e abriram a porta.""";Meio;https://www.youtube.com/watch?v=32mlN52ihg0;Neutro;Neutro;Neutro;Neutro;Neutro
32mlN52ihg0;O Lobo e os Sete Cabritinhos - Historia completa - Desenho animado infantil com Os Amiguinhos;"""O lobo estava parado ali mesmo, diante deles.""";Meio;https://www.youtube.com/watch?v=32mlN52ihg0;Negativo;Negativo;Negativo;Negativo;Negativo
32mlN52ihg0;O Lobo e os Sete Cabritinhos - Historia completa - Desenho animado infantil com Os Amiguinhos;"""Eles começaram a correr, gritando.""";Meio;https://www.youtube.com/watch?v=32mlN52ihg0;Negativo;Negativo;Negativo;Negativo;Negativo
32mlN52ihg0;O Lobo e os Sete Cabritinhos - Historia completa - Desenho animado infantil com Os Amiguinhos;"""Não percam seu tempo! Eu vou pegar todos vocês.""";Meio;https://www.youtube.com/watch?v=32mlN52ihg0;Negativo;Negativo;Negativo;Negativo;Neutro
32mlN52ihg0;O Lobo e os Sete Cabritinhos - Historia completa - Desenho animado infantil com Os Amiguinhos;"""O único que ele não conseguiu encontrar era o que estava escondido no relógio.""";Meio;https://www.youtube.com/watch?v=32mlN52ihg0;Neutro;Neutro;Neutro;Neutro;Neutro
32mlN52ihg0;O Lobo e os Sete Cabritinhos - Historia completa - Desenho animado infantil com Os Amiguinhos;"""Quando viu a porta aberta, ela soube que algo ruim tinha acontecido...""";Fim;https://www.youtube.com/watch?v=32mlN52ihg0;Negativo;Negativo;Negativo;Negativo;Negativo
32mlN52ihg0;O Lobo e os Sete Cabritinhos - Historia completa - Desenho animado infantil com Os Amiguinhos;"""O lobo comeu todos os meus irmãos.""";Fim;https://www.youtube.com/watch?v=32mlN52ihg0;Negativo;Negativo;Negativo;Negativo;Positivo
32mlN52ihg0;O Lobo e os Sete Cabritinhos - Historia completa - Desenho animado infantil com Os Amiguinhos;"""A mãe cabra não podia se conter de tanta alegria.""";Fim;https://www.youtube.com/watch?v=32mlN52ihg0;Positivo;Positivo;Positivo;Positivo;Positivo
32mlN52ihg0;O Lobo e os Sete Cabritinhos - Historia completa - Desenho animado infantil com Os Amiguinhos;"""Sinto minha barriga tão pesada e é como se todas as cabras que comi se transformassem em pedras.""";Fim;https://www.youtube.com/watch?v=32mlN52ihg0;Negativo;Negativo;Neutro;Negativo;Negativo
32mlN52ihg0;O Lobo e os Sete Cabritinhos - Historia completa - Desenho animado infantil com Os Amiguinhos;"""A partir desse dia, a Mamãe Cabra e seus sete cabritinhos tiveram uma vida tranquila e feliz em sua casa na floresta.""";Fim;https://www.youtube.com/watch?v=32mlN52ihg0;Positivo;Positivo;Positivo;Positivo;Positivo
N84TDkRoG0o;Os 3 Porquinhos | Historia completa | Desenho animado infantil com Os Amiguinhos;"""Tudo o que vocês fizerem, façam da melhor forma possível.""";Início;https://www.youtube.com/watch?v=N84TDkRoG0o;Positivo;Positivo;Positivo;Positivo;Positivo
N84TDkRoG0o;Os 3 Porquinhos | Historia completa | Desenho animado infantil com Os Amiguinhos;"""Ok, mas esta casa não parece estar firme.""";Início;https://www.youtube.com/watch?v=N84TDkRoG0o;Positivo;Positivo;Positivo;Positivo;Positivo
N84TDkRoG0o;Os 3 Porquinhos | Historia completa | Desenho animado infantil com Os Amiguinhos;"""Não se preocupe, não vai acontecer nada.""";Início;https://www.youtube.com/watch?v=N84TDkRoG0o;Positivo;Positivo;Positivo;Positivo;Positivo
N84TDkRoG0o;Os 3 Porquinhos | Historia completa | Desenho animado infantil com Os Amiguinhos;"""Meu querido irmão, você fez um excelente trabalho, mas isso não parece seguro.""";Início;https://www.youtube.com/watch?v=N84TDkRoG0o;Positivo;Neutro;Positivo;Positivo;Positivo
N84TDkRoG0o;Os 3 Porquinhos | Historia completa | Desenho animado infantil com Os Amiguinhos;"""Ele é muito medroso.""";Início;https://www.youtube.com/watch?v=N84TDkRoG0o;Positivo;Positivo;Neutro;Positivo;Positivo
N84TDkRoG0o;Os 3 Porquinhos | Historia completa | Desenho animado infantil com Os Amiguinhos;"""Ele trabalhou por uma semana inteira e conseguiu terminar sua casa feita de tijolos e pedras.""";Meio;https://www.youtube.com/watch?v=N84TDkRoG0o;Positivo;Positivo;Positivo;Neutro;Positivo
N84TDkRoG0o;Os 3 Porquinhos | Historia completa | Desenho animado infantil com Os Amiguinhos;"""Se você não fizer isso, vou soprar e explodir sua casa.""";Meio;https://www.youtube.com/watch?v=N84TDkRoG0o;Positivo;Positivo;Positivo;Positivo;Positivo
N84TDkRoG0o;Os 3 Porquinhos | Historia completa | Desenho animado infantil com Os Amiguinhos;"""Você não pode fazer nada! Minha casa está bem.""";Meio;https://www.youtube.com/watch?v=N84TDkRoG0o;Positivo;Positivo;Positivo;Positivo;Positivo
N84TDkRoG0o;Os 3 Porquinhos | Historia completa | Desenho animado infantil com Os Amiguinhos;"""E então, o lobo bufou e soprou e explodiu-a.""";Meio;https://www.youtube.com/watch?v=N84TDkRoG0o;Positivo;Positivo;Positivo;Positivo;Positivo
N84TDkRoG0o;Os 3 Porquinhos | Historia completa | Desenho animado infantil com Os Amiguinhos;"""Mas, ainda bem que o porquinho conseguiu fugir.""";Meio;https://www.youtube.com/watch?v=N84TDkRoG0o;Positivo;Positivo;Positivo;Positivo;Positivo
N84TDkRoG0o;Os 3 Porquinhos | Historia completa | Desenho animado infantil com Os Amiguinhos;"""Não se preocupe, o lobo não pode entrar nesta casa.""";Fim;https://www.youtube.com/watch?v=N84TDkRoG0o;Positivo;Positivo;Positivo;Positivo;Positivo
N84TDkRoG0o;Os 3 Porquinhos | Historia completa | Desenho animado infantil com Os Amiguinhos;"""O lobo ficou muito irritado.""";Fim;https://www.youtube.com/watch?v=N84TDkRoG0o;Positivo;Positivo;Positivo;Positivo;Positivo
N84TDkRoG0o;Os 3 Porquinhos | Historia completa | Desenho animado infantil com Os Amiguinhos;"""Ele não conseguiu mover um único tijolo.""";Fim;https://www.youtube.com/watch?v=N84TDkRoG0o;Positivo;Positivo;Positivo;Positivo;Positivo
N84TDkRoG0o;Os 3 Porquinhos | Historia completa | Desenho animado infantil com Os Amiguinhos;"""Ah, me ajude! Eu estou me queimando! Me salve!""";Fim;https://www.youtube.com/watch?v=N84TDkRoG0o;Positivo;Positivo;Positivo;Positivo;Positivo
N84TDkRoG0o;Os 3 Porquinhos | Historia completa | Desenho animado infantil com Os Amiguinhos;"""Trabalharam duro como seu irmão mais velho e viveram uma vida feliz e segura.""";Fim;https://www.youtube.com/watch?v=N84TDkRoG0o;Positivo;Positivo;Positivo;Positivo;Positivo
NUd3u6LtP1o;Rapunzel em Português - historia completa - Desenho Animado infantil;"""A jovem grávida perdeu o apetite, não tinha vontade de comer mais nada e começou a perder peso.""";Início;https://www.youtube.com/watch?v=NUd3u6LtP1o;Positivo;Positivo;Positivo;Positivo;Positivo
NUd3u6LtP1o;Rapunzel em Português - historia completa - Desenho Animado infantil;"""A casa vizinha pertencia a uma terrível feiticeira.""";Início;https://www.youtube.com/watch?v=NUd3u6LtP1o;Positivo;Positivo;Positivo;Positivo;Neutro
NUd3u6LtP1o;Rapunzel em Português - historia completa - Desenho Animado infantil;"""Sua esposa preparou uma salada e comeu tudo com muito gosto, já se sentiu muito melhor.""";Início;https://www.youtube.com/watch?v=NUd3u6LtP1o;Positivo;Positivo;Positivo;Negativo;Positivo
NUd3u6LtP1o;Rapunzel em Português - historia completa - Desenho Animado infantil;"""Como ousa você adentrar em meu jardim sem a minha permissão para roubar as minhas plantas.""";Início;https://www.youtube.com/watch?v=NUd3u6LtP1o;Positivo;Positivo;Positivo;Positivo;Positivo
NUd3u6LtP1o;Rapunzel em Português - historia completa - Desenho Animado infantil;"""Aterrorizado, o esposo aceitou imediatamente a proposta.""";Início;https://www.youtube.com/watch?v=NUd3u6LtP1o;Positivo;Positivo;Positivo;Positivo;Positivo
NUd3u6LtP1o;Rapunzel em Português - historia completa - Desenho Animado infantil;"""Nessa torre, não havia escadas e sua única abertura era uma pequena janela bem no alto.""";Meio;https://www.youtube.com/watch?v=NUd3u6LtP1o;Positivo;Positivo;Positivo;Positivo;Positivo
NUd3u6LtP1o;Rapunzel em Português - historia completa - Desenho Animado infantil;"""Que voz maravilhosa!""";Meio;https://www.youtube.com/watch?v=NUd3u6LtP1o;Positivo;Positivo;Positivo;Positivo;Negativo
NUd3u6LtP1o;Rapunzel em Português - historia completa - Desenho Animado infantil;"""Eu escutei você cantar e me apaixonei pela sua voz.""";Meio;https://www.youtube.com/watch?v=NUd3u6LtP1o;Positivo;Positivo;Positivo;Positivo;Positivo
NUd3u6LtP1o;Rapunzel em Português - historia completa - Desenho Animado infantil;"""Rapunzel, você quer se casar comigo?""";Meio;https://www.youtube.com/watch?v=NUd3u6LtP1o;Positivo;Positivo;Positivo;Positivo;Positivo
NUd3u6LtP1o;Rapunzel em Português - historia completa - Desenho Animado infantil;"""Como você pode me trair, mentirosa?""";Meio;https://www.youtube.com/watch?v=NUd3u6LtP1o;Positivo;Positivo;Positivo;Positivo;Positivo
NUd3u6LtP1o;Rapunzel em Português - historia completa - Desenho Animado infantil;"""Incapaz de conter a sua raiva, a feiticeira cortou a trança de Rapunzel.""";Fim;https://www.youtube.com/watch?v=NUd3u6LtP1o;Positivo;Positivo;Positivo;Positivo;Neutro
NUd3u6LtP1o;Rapunzel em Português - historia completa - Desenho Animado infantil;"""Mas espinhos espetaram seus olhos e o pobre rapaz perdeu a visão.""";Fim;https://www.youtube.com/watch?v=NUd3u6LtP1o;Positivo;Positivo;Negativo;Positivo;Positivo
NUd3u6LtP1o;Rapunzel em Português - historia completa - Desenho Animado infantil;"""Cego, ele vagou durante muito tempo, pela floresta, com os olhos cheios de lágrimas, procurando por Rapunzel...""";Fim;https://www.youtube.com/watch?v=NUd3u6LtP1o;Positivo;Positivo;Positivo;Positivo;Positivo
NUd3u6LtP1o;Rapunzel em Português - historia completa - Desenho Animado infantil;"""Finalmente, eles estavam juntos de novo.""";Fim;https://www.youtube.com/watch?v=NUd3u6LtP1o;Positivo;Positivo;Positivo;Positivo;Positivo
NUd3u6LtP1o;Rapunzel em Português - historia completa - Desenho Animado infantil;"""...lágrimas, da jovem, caíram sobre os olhos do príncipe e, de repente, um milagre se fez.""";Fim;https://www.youtube.com/watch?v=NUd3u6LtP1o;Positivo;Neutro;Positivo;Positivo;Positivo
w7sFkkvNF30;A Lebre e a Tartaruga (O Coelho e a Tartaruga) Fabula | Desenho animado infantil;"""...os outros animais não gostavam da forma que ele se exibia.""";Início;https://www.youtube.com/watch?v=w7sFkkvNF30;Negativo;Negativo;Negativo;Negativo;Negativo
w7sFkkvNF30;A Lebre e a Tartaruga (O Coelho e a Tartaruga) Fabula | Desenho animado infantil;"""Isso começou a incomodar os outros animais da floresta.""";Início;https://www.youtube.com/watch?v=w7sFkkvNF30;Negativo;Negativo;Negativo;Negativo;Negativo
w7sFkkvNF30;A Lebre e a Tartaruga (O Coelho e a Tartaruga) Fabula | Desenho animado infantil;"""Poderia dar uma lição nele para ele aprender.""";Início;https://www.youtube.com/watch?v=w7sFkkvNF30;Negativo;Negativo;Negativo;Negativo;Neutro
w7sFkkvNF30;A Lebre e a Tartaruga (O Coelho e a Tartaruga) Fabula | Desenho animado infantil;"""Bom dia, senhor coelho. Estava procurando por você.""";Início;https://www.youtube.com/watch?v=w7sFkkvNF30;Negativo;Negativo;Negativo;Negativo;Negativo
w7sFkkvNF30;A Lebre e a Tartaruga (O Coelho e a Tartaruga) Fabula | Desenho animado infantil;"""Gostaria de competir com você.""";Início;https://www.youtube.com/watch?v=w7sFkkvNF30;Negativo;Negativo;Negativo;Negativo;Negativo
w7sFkkvNF30;A Lebre e a Tartaruga (O Coelho e a Tartaruga) Fabula | Desenho animado infantil;"""O coelho começou a rir tão alto que a floresta inteira conseguiu ouvi-lo.""";Meio;https://www.youtube.com/watch?v=w7sFkkvNF30;Negativo;Negativo;Negativo;Negativo;Negativo
w7sFkkvNF30;A Lebre e a Tartaruga (O Coelho e a Tartaruga) Fabula | Desenho animado infantil;"""Você só pode estar de brincadeira.""";Meio;https://www.youtube.com/watch?v=w7sFkkvNF30;Negativo;Negativo;Negativo;Negativo;Negativo
w7sFkkvNF30;A Lebre e a Tartaruga (O Coelho e a Tartaruga) Fabula | Desenho animado infantil;"""Com muita confiança em si, a tartaruga sorria.""";Meio;https://www.youtube.com/watch?v=w7sFkkvNF30;Negativo;Negativo;Negativo;Negativo;Neutro
w7sFkkvNF30;A Lebre e a Tartaruga (O Coelho e a Tartaruga) Fabula | Desenho animado infantil;"""Como uma flecha, o coelho saiu voando.""";Meio;https://www.youtube.com/watch?v=w7sFkkvNF30;Negativo;Negativo;Negativo;Negativo;Negativo
w7sFkkvNF30;A Lebre e a Tartaruga (O Coelho e a Tartaruga) Fabula | Desenho animado infantil;"""Vou deitar embaixo dessa árvore e tirar uma sonequinha.""";Meio;https://www.youtube.com/watch?v=w7sFkkvNF30;Negativo;Negativo;Negativo;Negativo;Negativo
w7sFkkvNF30;A Lebre e a Tartaruga (O Coelho e a Tartaruga) Fabula | Desenho animado infantil;"""Os animais que estavam na linha de chegada ficaram extremamente felizes.""";Fim;https://www.youtube.com/watch?v=w7sFkkvNF30;Negativo;Negativo;Negativo;Negativo;Negativo
w7sFkkvNF30;A Lebre e a Tartaruga (O Coelho e a Tartaruga) Fabula | Desenho animado infantil;"""...enquanto o coelho estava extremamente triste.""";Fim;https://www.youtube.com/watch?v=w7sFkkvNF30;Negativo;Negativo;Negativo;Negativo;Negativo
w7sFkkvNF30;A Lebre e a Tartaruga (O Coelho e a Tartaruga) Fabula | Desenho animado infantil;"""Se gabar com bobagens e ser arrogante é sinal de fraqueza.""";Fim;https://www.youtube.com/watch?v=w7sFkkvNF30;Negativo;Negativo;Negativo;Negativo;Negativo
w7sFkkvNF30;A Lebre e a Tartaruga (O Coelho e a Tartaruga) Fabula | Desenho animado infantil;"""Você tem razão, de hoje em diante vou parar de me gabar por ser o mais veloz de todos.""";Fim;https://www.youtube.com/watch?v=w7sFkkvNF30;Negativo;Negativo;Negativo;Negativo;Negativo
w7sFkkvNF30;A Lebre e a Tartaruga (O Coelho e a Tartaruga) Fabula | Desenho animado infantil;"""O coelho aprendeu a lição e percebeu que estava errado com a sua atitude.""";Fim;https://www.youtube.com/watch?v=w7sFkkvNF30;Negativo;Negativo;Negativo;Negativo;Negativo
ocHOzZvdS1Y;A Cigarra e a Formiga | Fabula | Desenho animado infantil com os Amiguinhos;"""Oh, que dia mais bonito! La la la la la.""";Início;https://www.youtube.com/watch?v=ocHOzZvdS1Y;Neutro;Neutro;Neutro;Positivo;Neutro
ocHOzZvdS1Y;A Cigarra e a Formiga | Fabula | Desenho animado infantil com os Amiguinhos;"""Com grande dificuldade, as formigas carregavam sementes e frutos secos...""";Início;https://www.youtube.com/watch?v=ocHOzZvdS1Y;Neutro;Neutro;Neutro;Neutro;Neutro
ocHOzZvdS1Y;A Cigarra e a Formiga | Fabula | Desenho animado infantil com os Amiguinhos;"""Eu nunca entendi essas formigas; estão sempre trabalhando.""";Início;https://www.youtube.com/watch?v=ocHOzZvdS1Y;Neutro;Neutro;Neutro;Neutro;Positivo
ocHOzZvdS1Y;A Cigarra e a Formiga | Fabula | Desenho animado infantil com os Amiguinhos;"""Não me diga que algum desastre vai acontecer, por isso que você está fugindo.""";Início;https://www.youtube.com/watch?v=ocHOzZvdS1Y;Neutro;Neutro;Neutro;Neutro;Neutro
ocHOzZvdS1Y;A Cigarra e a Formiga | Fabula | Desenho animado infantil com os Amiguinhos;"""Levando comida para o nosso ninho.""";Início;https://www.youtube.com/watch?v=ocHOzZvdS1Y;Neutro;Neutro;Neutro;Neutro;Negativo
ocHOzZvdS1Y;A Cigarra e a Formiga | Fabula | Desenho animado infantil com os Amiguinhos;"""Divirta-se, aproveite o verão.""";Meio;https://www.youtube.com/watch?v=ocHOzZvdS1Y;Neutro;Neutro;Neutro;Neutro;Neutro
ocHOzZvdS1Y;A Cigarra e a Formiga | Fabula | Desenho animado infantil com os Amiguinhos;"""Vou me preocupar quando o inverno chegar.""";Meio;https://www.youtube.com/watch?v=ocHOzZvdS1Y;Neutro;Neutro;Neutro;Neutro;Neutro
ocHOzZvdS1Y;A Cigarra e a Formiga | Fabula | Desenho animado infantil com os Amiguinhos;"""Por favor, para! Eu não aguento mais.""";Meio;https://www.youtube.com/watch?v=ocHOzZvdS1Y;Neutro;Neutro;Neutro;Neutro;Neutro
ocHOzZvdS1Y;A Cigarra e a Formiga | Fabula | Desenho animado infantil com os Amiguinhos;"""Mas que esforço sem sentido!""";Meio;https://www.youtube.com/watch?v=ocHOzZvdS1Y;Neutro;Neutro;Neutro;Neutro;Neutro
ocHOzZvdS1Y;A Cigarra e a Formiga | Fabula | Desenho animado infantil com os Amiguinhos;"""Eles não sabem o que é arte aqui nessa floresta.""";Meio;https://www.youtube.com/watch?v=ocHOzZvdS1Y;Neutro;Neutro;Neutro;Neutro;Neutro
ocHOzZvdS1Y;A Cigarra e a Formiga | Fabula | Desenho animado infantil com os Amiguinhos;"""...a cigarra não tinha comido nada durante dias.""";Fim;https://www.youtube.com/watch?v=ocHOzZvdS1Y;Neutro;Neutro;Neutro;Neutro;Neutro
ocHOzZvdS1Y;A Cigarra e a Formiga | Fabula | Desenho animado infantil com os Amiguinhos;"""Não é hora de ter orgulho. Tenho que achar o ninho daquela formiga e pedir ajuda.""";Fim;https://www.youtube.com/watch?v=ocHOzZvdS1Y;Neutro;Positivo;Neutro;Neutro;Neutro
ocHOzZvdS1Y;A Cigarra e a Formiga | Fabula | Desenho animado infantil com os Amiguinhos;"""Foi muito injusto com você. [...] Me desculpe.""";Fim;https://www.youtube.com/watch?v=ocHOzZvdS1Y;Neutro;Neutro;Neutro;Neutro;Neutro
ocHOzZvdS1Y;A Cigarra e a Formiga | Fabula | Desenho animado infantil com os Amiguinhos;"""Qualquer um que nos venha a pedir ajuda não deve ser rejeitado.""";Fim;https://www.youtube.com/watch?v=ocHOzZvdS1Y;Neutro;Neutro;Neutro;Neutro;Neutro
ocHOzZvdS1Y;A Cigarra e a Formiga | Fabula | Desenho animado infantil com os Amiguinhos;"""Obrigado por tudo. Você salvou a minha vida e nunca vou me esquecer.""";Fim;https://www.youtube.com/watch?v=ocHOzZvdS1Y;Neutro;Neutro;Neutro;Neutro;Neutro
l_fqx6CKXJg;SARAH E ELOAH aprendem sobre as EMOÇÕES HISTÓRIA ENGRAÇADA para crianças;"""Nossa, como ela é bonita!""";Início;https://www.youtube.com/watch?v=l_fqx6CKXJg;Positivo;Positivo;Positivo;Positivo;Positivo
l_fqx6CKXJg;SARAH E ELOAH aprendem sobre as EMOÇÕES HISTÓRIA ENGRAÇADA para crianças;"""Eu fico muito brava.""";Início;https://www.youtube.com/watch?v=l_fqx6CKXJg;Positivo;Positivo;Positivo;Positivo;Positivo
l_fqx6CKXJg;SARAH E ELOAH aprendem sobre as EMOÇÕES HISTÓRIA ENGRAÇADA para crianças;"""Eu já falei para você não mexer nos meus brinquedos.""";Início;https://www.youtube.com/watch?v=l_fqx6CKXJg;Positivo;Positivo;Positivo;Positivo;Positivo
l_fqx6CKXJg;SARAH E ELOAH aprendem sobre as EMOÇÕES HISTÓRIA ENGRAÇADA para crianças;"""Hum, estou muito triste.""";Início;https://www.youtube.com/watch?v=l_fqx6CKXJg;Positivo;Positivo;Positivo;Positivo;Positivo
l_fqx6CKXJg;SARAH E ELOAH aprendem sobre as EMOÇÕES HISTÓRIA ENGRAÇADA para crianças;"""Meninas, que barulheira é essa?""";Início;https://www.youtube.com/watch?v=l_fqx6CKXJg;Positivo;Positivo;Positivo;Positivo;Positivo
l_fqx6CKXJg;SARAH E ELOAH aprendem sobre as EMOÇÕES HISTÓRIA ENGRAÇADA para crianças;"""Ai, que nojo! Ai, como essa xuxa tá feia!""";Meio;https://www.youtube.com/watch?v=l_fqx6CKXJg;Positivo;Positivo;Positivo;Positivo;Positivo
l_fqx6CKXJg;SARAH E ELOAH aprendem sobre as EMOÇÕES HISTÓRIA ENGRAÇADA para crianças;"""Que legal! Eu tô muito feliz.""";Meio;https://www.youtube.com/watch?v=l_fqx6CKXJg;Positivo;Positivo;Positivo;Positivo;Positivo
l_fqx6CKXJg;SARAH E ELOAH aprendem sobre as EMOÇÕES HISTÓRIA ENGRAÇADA para crianças;"""Que vergonha! Ninguém tá me vendo, não né?""";Meio;https://www.youtube.com/watch?v=l_fqx6CKXJg;Positivo;Positivo;Positivo;Positivo;Positivo
l_fqx6CKXJg;SARAH E ELOAH aprendem sobre as EMOÇÕES HISTÓRIA ENGRAÇADA para crianças;"""No parque aquático não falta diversão!""";Meio;https://www.youtube.com/watch?v=l_fqx6CKXJg;Positivo;Positivo;Positivo;Positivo;Positivo
l_fqx6CKXJg;SARAH E ELOAH aprendem sobre as EMOÇÕES HISTÓRIA ENGRAÇADA para crianças;"""Hoje vamos falar sobre as emoções: felicidade, raiva, medo, tristeza.""";Meio;https://www.youtube.com/watch?v=l_fqx6CKXJg;Positivo;Positivo;Positivo;Positivo;Positivo
l_fqx6CKXJg;SARAH E ELOAH aprendem sobre as EMOÇÕES HISTÓRIA ENGRAÇADA para crianças;"""Um momento triste que eu tava brincando de motinha e caí.""";Fim;https://www.youtube.com/watch?v=l_fqx6CKXJg;Positivo;Positivo;Positivo;Positivo;Positivo
l_fqx6CKXJg;SARAH E ELOAH aprendem sobre as EMOÇÕES HISTÓRIA ENGRAÇADA para crianças;"""Ai, minha filha, não fica tristinha não, não. Você não se machucou, tá bom?""";Fim;https://www.youtube.com/watch?v=l_fqx6CKXJg;Positivo;Positivo;Positivo;Positivo;Positivo
l_fqx6CKXJg;SARAH E ELOAH aprendem sobre as EMOÇÕES HISTÓRIA ENGRAÇADA para crianças;"""Foi um que meu pai fez cosquinha e eu ri tanto.""";Fim;https://www.youtube.com/watch?v=l_fqx6CKXJg;Positivo;Positivo;Positivo;Positivo;Positivo
l_fqx6CKXJg;SARAH E ELOAH aprendem sobre as EMOÇÕES HISTÓRIA ENGRAÇADA para crianças;"""Tá bom, irmã, eu te desculpo.""";Fim;https://www.youtube.com/watch?v=l_fqx6CKXJg;Positivo;Positivo;Positivo;Positivo;Positivo
l_fqx6CKXJg;SARAH E ELOAH aprendem sobre as EMOÇÕES HISTÓRIA ENGRAÇADA para crianças;"""Conhecer nossas emoções é o primeiro passo para um coração sábio.""";Fim;https://www.youtube.com/watch?v=l_fqx6CKXJg;Positivo;Positivo;Positivo;Positivo;Positivo
K8N-mZ1mvhg;Doce Pão Doce 🥖🥐🍩 | O Show da Luna! Episódio Completo 19 | Primeira Temporada | Kids | Infantil;"""Oba! Hum, que cheiro gostoso!""";Início;https://www.youtube.com/watch?v=K8N-mZ1mvhg;Positivo;Positivo;Positivo;Positivo;Positivo
K8N-mZ1mvhg;Doce Pão Doce 🥖🥐🍩 | O Show da Luna! Episódio Completo 19 | Primeira Temporada | Kids | Infantil;"""O segredo pra um pão doce fofinho é apertar bem a massa.""";Início;https://www.youtube.com/watch?v=K8N-mZ1mvhg;Positivo;Positivo;Positivo;Positivo;Positivo
K8N-mZ1mvhg;Doce Pão Doce 🥖🥐🍩 | O Show da Luna! Episódio Completo 19 | Primeira Temporada | Kids | Infantil;"""Que horas ela vai virar pão?""";Início;https://www.youtube.com/watch?v=K8N-mZ1mvhg;Positivo;Positivo;Positivo;Positivo;Positivo
K8N-mZ1mvhg;Doce Pão Doce 🥖🥐🍩 | O Show da Luna! Episódio Completo 19 | Primeira Temporada | Kids | Infantil;"""Mas como essa massa mole e pequenininha pode virar um pão grande e fofinho?""";Início;https://www.youtube.com/watch?v=K8N-mZ1mvhg;Positivo;Positivo;Positivo;Positivo;Neutro
K8N-mZ1mvhg;Doce Pão Doce 🥖🥐🍩 | O Show da Luna! Episódio Completo 19 | Primeira Temporada | Kids | Infantil;"""Eu preciso saber.""";Início;https://www.youtube.com/watch?v=K8N-mZ1mvhg;Positivo;Positivo;Positivo;Positivo;Positivo
K8N-mZ1mvhg;Doce Pão Doce 🥖🥐🍩 | O Show da Luna! Episódio Completo 19 | Primeira Temporada | Kids | Infantil;"""Primeiro, o açúcar. Júpiter, você pode jogar na garrafa.""";Meio;https://www.youtube.com/watch?v=K8N-mZ1mvhg;Positivo;Positivo;Positivo;Positivo;Positivo
K8N-mZ1mvhg;Doce Pão Doce 🥖🥐🍩 | O Show da Luna! Episódio Completo 19 | Primeira Temporada | Kids | Infantil;"""Isso é tão legal! A bexiga encheu sozinha!""";Meio;https://www.youtube.com/watch?v=K8N-mZ1mvhg;Positivo;Positivo;Positivo;Positivo;Positivo
K8N-mZ1mvhg;Doce Pão Doce 🥖🥐🍩 | O Show da Luna! Episódio Completo 19 | Primeira Temporada | Kids | Infantil;"""Parece que alguma coisa soltou ar dentro da garrafa.""";Meio;https://www.youtube.com/watch?v=K8N-mZ1mvhg;Positivo;Positivo;Positivo;Positivo;Positivo
K8N-mZ1mvhg;Doce Pão Doce 🥖🥐🍩 | O Show da Luna! Episódio Completo 19 | Primeira Temporada | Kids | Infantil;"""Não entendi nada, mas a gente vai entender.""";Meio;https://www.youtube.com/watch?v=K8N-mZ1mvhg;Positivo;Positivo;Positivo;Positivo;Positivo
K8N-mZ1mvhg;Doce Pão Doce 🥖🥐🍩 | O Show da Luna! Episódio Completo 19 | Primeira Temporada | Kids | Infantil;"""Essa é a melhor experiência de todas.""";Meio;https://www.youtube.com/watch?v=K8N-mZ1mvhg;Positivo;Positivo;Positivo;Positivo;Positivo
K8N-mZ1mvhg;Doce Pão Doce 🥖🥐🍩 | O Show da Luna! Episódio Completo 19 | Primeira Temporada | Kids | Infantil;"""O fermento biológico é o ingrediente principal da receita de qualquer pão.""";Fim;https://www.youtube.com/watch?v=K8N-mZ1mvhg;Positivo;Positivo;Positivo;Positivo;Positivo
K8N-mZ1mvhg;Doce Pão Doce 🥖🥐🍩 | O Show da Luna! Episódio Completo 19 | Primeira Temporada | Kids | Infantil;"""Na massa é que a magia acontece.""";Fim;https://www.youtube.com/watch?v=K8N-mZ1mvhg;Positivo;Positivo;Positivo;Positivo;Positivo
K8N-mZ1mvhg;Doce Pão Doce 🥖🥐🍩 | O Show da Luna! Episódio Completo 19 | Primeira Temporada | Kids | Infantil;"""E quanto mais comem, mais gás soltam.""";Fim;https://www.youtube.com/watch?v=K8N-mZ1mvhg;Positivo;Positivo;Neutro;Positivo;Positivo
K8N-mZ1mvhg;Doce Pão Doce 🥖🥐🍩 | O Show da Luna! Episódio Completo 19 | Primeira Temporada | Kids | Infantil;"""Então, foi isso que encheu a bexiga.""";Fim;https://www.youtube.com/watch?v=K8N-mZ1mvhg;Positivo;Negativo;Positivo;Positivo;Positivo
K8N-mZ1mvhg;Doce Pão Doce 🥖🥐🍩 | O Show da Luna! Episódio Completo 19 | Primeira Temporada | Kids | Infantil;"""Por que cada pessoa tem um tamanho diferente? São tantas perguntas.""";Fim;https://www.youtube.com/watch?v=K8N-mZ1mvhg;Positivo;Positivo;Positivo;Positivo;Positivo
EjhNCl-97t0;SARAH EM REGRAS DE CONDUTA PARA CRIANÇAS and Rules of Conduct;"""Alô, você vai pra onde? Pro parquinho? Vamos!""";Início;https://www.youtube.com/watch?v=EjhNCl-97t0;Neutro;Neutro;Neutro;Neutro;Neutro
EjhNCl-97t0;SARAH EM REGRAS DE CONDUTA PARA CRIANÇAS and Rules of Conduct;"""Meninas, saiam daí! É perigoso.""";Início;https://www.youtube.com/watch?v=EjhNCl-97t0;Neutro;Neutro;Neutro;Neutro;Neutro
EjhNCl-97t0;SARAH EM REGRAS DE CONDUTA PARA CRIANÇAS and Rules of Conduct;"""Não pode, meninas! O lugar de vocês é lá atrás, com segurança.""";Início;https://www.youtube.com/watch?v=EjhNCl-97t0;Neutro;Neutro;Neutro;Neutro;Neutro
EjhNCl-97t0;SARAH EM REGRAS DE CONDUTA PARA CRIANÇAS and Rules of Conduct;"""Tem que ir atrás, na cadeirinha.""";Início;https://www.youtube.com/watch?v=EjhNCl-97t0;Neutro;Neutro;Neutro;Neutro;Neutro
EjhNCl-97t0;SARAH EM REGRAS DE CONDUTA PARA CRIANÇAS and Rules of Conduct;"""Pai, bota uma música pra gente dançar.""";Início;https://www.youtube.com/watch?v=EjhNCl-97t0;Neutro;Neutro;Neutro;Neutro;Positivo
EjhNCl-97t0;SARAH EM REGRAS DE CONDUTA PARA CRIANÇAS and Rules of Conduct;"""Sara, para com essas brincadeiras, hein?""";Meio;https://www.youtube.com/watch?v=EjhNCl-97t0;Neutro;Neutro;Neutro;Neutro;Neutro
EjhNCl-97t0;SARAH EM REGRAS DE CONDUTA PARA CRIANÇAS and Rules of Conduct;"""Ih, pai, desculpa...""";Meio;https://www.youtube.com/watch?v=EjhNCl-97t0;Neutro;Positivo;Neutro;Neutro;Neutro
EjhNCl-97t0;SARAH EM REGRAS DE CONDUTA PARA CRIANÇAS and Rules of Conduct;"""Sara, você jogou lixo na rua. Não pode.""";Meio;https://www.youtube.com/watch?v=EjhNCl-97t0;Neutro;Neutro;Neutro;Negativo;Neutro
EjhNCl-97t0;SARAH EM REGRAS DE CONDUTA PARA CRIANÇAS and Rules of Conduct;"""Ah, tá. Entendi.""";Meio;https://www.youtube.com/watch?v=EjhNCl-97t0;Neutro;Neutro;Neutro;Neutro;Neutro
EjhNCl-97t0;SARAH EM REGRAS DE CONDUTA PARA CRIANÇAS and Rules of Conduct;"""É só colocar o lixo dentro do saquinho e, quando chegar em casa, joga num cesto de lixo, tá bom?""";Meio;https://www.youtube.com/watch?v=EjhNCl-97t0;Neutro;Neutro;Neutro;Neutro;Neutro
EjhNCl-97t0;SARAH EM REGRAS DE CONDUTA PARA CRIANÇAS and Rules of Conduct;"""Ê, que legal! Que vento gostoso!""";Fim;https://www.youtube.com/watch?v=EjhNCl-97t0;Neutro;Neutro;Neutro;Neutro;Neutro
EjhNCl-97t0;SARAH EM REGRAS DE CONDUTA PARA CRIANÇAS and Rules of Conduct;"""Meninas, vocês estão colocando a mão pra fora do carro. Tira essa mão agora!""";Fim;https://www.youtube.com/watch?v=EjhNCl-97t0;Neutro;Neutro;Neutro;Neutro;Neutro
EjhNCl-97t0;SARAH EM REGRAS DE CONDUTA PARA CRIANÇAS and Rules of Conduct;"""É perigoso!""";Fim;https://www.youtube.com/watch?v=EjhNCl-97t0;Neutro;Neutro;Neutro;Neutro;Neutro
EjhNCl-97t0;SARAH EM REGRAS DE CONDUTA PARA CRIANÇAS and Rules of Conduct;"""Ah, papai, aprendi. Me desculpa.""";Fim;https://www.youtube.com/watch?v=EjhNCl-97t0;Neutro;Neutro;Neutro;Neutro;Neutro
EjhNCl-97t0;SARAH EM REGRAS DE CONDUTA PARA CRIANÇAS and Rules of Conduct;"""Pronto, meninas! Já chegamos no parquinho.""";Fim;https://www.youtube.com/watch?v=EjhNCl-97t0;Neutro;Neutro;Neutro;Neutro;Neutro
EPEI4RMNB9w;A minhoca encantada | Turma da Mônica;"""Era uma vez, num belo dia de sol, a luz despertava as borboletas e passarinhos...""";Início;https://www.youtube.com/watch?v=EPEI4RMNB9w;Positivo;Negativo;Positivo;Positivo;Positivo
EPEI4RMNB9w;A minhoca encantada | Turma da Mônica;"""Não tenha medo de mim... eu sou um príncipe encantado.""";Início;https://www.youtube.com/watch?v=EPEI4RMNB9w;Positivo;Positivo;Positivo;Positivo;Positivo
EPEI4RMNB9w;A minhoca encantada | Turma da Mônica;"""Meio nojentinho você como príncipe, né?""";Início;https://www.youtube.com/watch?v=EPEI4RMNB9w;Positivo;Positivo;Positivo;Positivo;Positivo
EPEI4RMNB9w;A minhoca encantada | Turma da Mônica;"""Puxa! Isso é o que eu chamo de bruxa malvada.""";Início;https://www.youtube.com/watch?v=EPEI4RMNB9w;Positivo;Positivo;Positivo;Positivo;Positivo
EPEI4RMNB9w;A minhoca encantada | Turma da Mônica;"""Tá maluco? É minhocão. Tá achando que eu vou encostar o meu biquinho em você?""";Início;https://www.youtube.com/watch?v=EPEI4RMNB9w;Positivo;Positivo;Positivo;Positivo;Positivo
EPEI4RMNB9w;A minhoca encantada | Turma da Mônica;"""...onde viveremos felizes para sempre, montados em pôneis cor de rosa.""";Meio;https://www.youtube.com/watch?v=EPEI4RMNB9w;Positivo;Positivo;Positivo;Positivo;Positivo
EPEI4RMNB9w;A minhoca encantada | Turma da Mônica;"""Elas iam morrer de inveja quando me vissem com um príncipe lindo, simpático, saradão.""";Meio;https://www.youtube.com/watch?v=EPEI4RMNB9w;Positivo;Positivo;Positivo;Positivo;Positivo
EPEI4RMNB9w;A minhoca encantada | Turma da Mônica;"""Pois hoje você se parece mais com o Fred Krueger do Limoeiro.""";Meio;https://www.youtube.com/watch?v=EPEI4RMNB9w;Positivo;Positivo;Positivo;Positivo;Positivo
EPEI4RMNB9w;A minhoca encantada | Turma da Mônica;"""Meu único irmão foi transformado numa lesma.""";Meio;https://www.youtube.com/watch?v=EPEI4RMNB9w;Positivo;Positivo;Positivo;Positivo;Positivo
EPEI4RMNB9w;A minhoca encantada | Turma da Mônica;"""Eu é que tenho que provar o gosto da minhoca e você ainda reclama.""";Meio;https://www.youtube.com/watch?v=EPEI4RMNB9w;Positivo;Positivo;Positivo;Positivo;Positivo
EPEI4RMNB9w;A minhoca encantada | Turma da Mônica;"""Adeus, mundo! Vou passar por aquele galinheiro da esquina, vou encontrar o meu fim.""";Fim;https://www.youtube.com/watch?v=EPEI4RMNB9w;Positivo;Positivo;Positivo;Positivo;Positivo
EPEI4RMNB9w;A minhoca encantada | Turma da Mônica;"""Não, minhocão! Espera! Eu beijo você.""";Fim;https://www.youtube.com/watch?v=EPEI4RMNB9w;Positivo;Positivo;Positivo;Negativo;Positivo
EPEI4RMNB9w;A minhoca encantada | Turma da Mônica;"""Ui, mas que raiva! Por que eu?""";Fim;https://www.youtube.com/watch?v=EPEI4RMNB9w;Positivo;Positivo;Positivo;Positivo;Positivo
EPEI4RMNB9w;A minhoca encantada | Turma da Mônica;"""Aham, Cebolinha e Cascão. Eu pego vocês.""";Fim;https://www.youtube.com/watch?v=EPEI4RMNB9w;Positivo;Positivo;Positivo;Positivo;Neutro
EPEI4RMNB9w;A minhoca encantada | Turma da Mônica;"""Eles ainda não sabiam, mas foram todos felizes para sempre.""";Fim;https://www.youtube.com/watch?v=EPEI4RMNB9w;Positivo;Positivo;Positivo;Positivo;Positivo
H0Kx7IW7-Rc;Peppa Pig Poças de Lama Em Portugues do Brasil S1E01 Completo;"""Hoje está chovendo, por isso a Peppa e o George não podem brincar lá fora.""";Início;https://www.youtube.com/watch?v=H0Kx7IW7-Rc;Positivo;Positivo;Positivo;Positivo;Positivo
H0Kx7IW7-Rc;Peppa Pig Poças de Lama Em Portugues do Brasil S1E01 Completo;"""A Peppa adora pular em poças de lama.""";Início;https://www.youtube.com/watch?v=H0Kx7IW7-Rc;Positivo;Positivo;Positivo;Positivo;Positivo
H0Kx7IW7-Rc;Peppa Pig Poças de Lama Em Portugues do Brasil S1E01 Completo;"""Peppa, se você pular em poças de lama, tem que calçar a sua bota.""";Início;https://www.youtube.com/watch?v=H0Kx7IW7-Rc;Positivo;Positivo;Negativo;Positivo;Positivo
H0Kx7IW7-Rc;Peppa Pig Poças de Lama Em Portugues do Brasil S1E01 Completo;"""Desculpe, mamãe!""";Início;https://www.youtube.com/watch?v=H0Kx7IW7-Rc;Positivo;Positivo;Positivo;Positivo;Neutro
H0Kx7IW7-Rc;Peppa Pig Poças de Lama Em Portugues do Brasil S1E01 Completo;"""A Peppa gosta de cuidar do seu irmãozinho, George.""";Início;https://www.youtube.com/watch?v=H0Kx7IW7-Rc;Positivo;Positivo;Positivo;Positivo;Positivo
H0Kx7IW7-Rc;Peppa Pig Poças de Lama Em Portugues do Brasil S1E01 Completo;"""George, vamos procurar outras poças!""";Meio;https://www.youtube.com/watch?v=H0Kx7IW7-Rc;Positivo;Positivo;Positivo;Positivo;Positivo
H0Kx7IW7-Rc;Peppa Pig Poças de Lama Em Portugues do Brasil S1E01 Completo;"""A Peppa e o George estão se divertindo muito.""";Meio;https://www.youtube.com/watch?v=H0Kx7IW7-Rc;Positivo;Positivo;Positivo;Positivo;Positivo
H0Kx7IW7-Rc;Peppa Pig Poças de Lama Em Portugues do Brasil S1E01 Completo;"""O George achou uma poça grande.""";Meio;https://www.youtube.com/watch?v=H0Kx7IW7-Rc;Positivo;Positivo;Positivo;Positivo;Positivo
H0Kx7IW7-Rc;Peppa Pig Poças de Lama Em Portugues do Brasil S1E01 Completo;"""George, tem que ver se é seguro para você.""";Meio;https://www.youtube.com/watch?v=H0Kx7IW7-Rc;Positivo;Positivo;Positivo;Positivo;Positivo
H0Kx7IW7-Rc;Peppa Pig Poças de Lama Em Portugues do Brasil S1E01 Completo;"""Desculpe, George, é apenas lama.""";Meio;https://www.youtube.com/watch?v=H0Kx7IW7-Rc;Positivo;Positivo;Positivo;Neutro;Positivo
H0Kx7IW7-Rc;Peppa Pig Poças de Lama Em Portugues do Brasil S1E01 Completo;"""Papai, papai, adivinha o que estávamos fazendo?""";Fim;https://www.youtube.com/watch?v=H0Kx7IW7-Rc;Positivo;Positivo;Positivo;Negativo;Positivo
H0Kx7IW7-Rc;Peppa Pig Poças de Lama Em Portugues do Brasil S1E01 Completo;"""E veja a bagunça que fizeram!""";Fim;https://www.youtube.com/watch?v=H0Kx7IW7-Rc;Positivo;Positivo;Positivo;Positivo;Positivo
H0Kx7IW7-Rc;Peppa Pig Poças de Lama Em Portugues do Brasil S1E01 Completo;"""E tudo bem, é apenas lama.""";Fim;https://www.youtube.com/watch?v=H0Kx7IW7-Rc;Positivo;Positivo;Positivo;Positivo;Positivo
H0Kx7IW7-Rc;Peppa Pig Poças de Lama Em Portugues do Brasil S1E01 Completo;"""Sim, todos nós podemos ir brincar.""";Fim;https://www.youtube.com/watch?v=H0Kx7IW7-Rc;Positivo;Positivo;Positivo;Positivo;Positivo
H0Kx7IW7-Rc;Peppa Pig Poças de Lama Em Portugues do Brasil S1E01 Completo;"""Todos gostam de ficar pulando em poças de lama.""";Fim;https://www.youtube.com/watch?v=H0Kx7IW7-Rc;Positivo;Positivo;Positivo;Negativo;Positivo
v1KbZrsdj-E;As 5 melhores músicas infantis! Cante com Léo, o caminhão curioso! Desenho animado para crianças;"""O gatinho está contente e sorrindo a viajar.""";Início;https://www.youtube.com/watch?v=v1KbZrsdj-E;Neutro;Neutro;Neutro;Neutro;Neutro
v1KbZrsdj-E;As 5 melhores músicas infantis! Cante com Léo, o caminhão curioso! Desenho animado para crianças;"""O trem faz tchu tchu tchu e o vagão balança.""";Início;https://www.youtube.com/watch?v=v1KbZrsdj-E;Neutro;Neutro;Neutro;Neutro;Neutro
v1KbZrsdj-E;As 5 melhores músicas infantis! Cante com Léo, o caminhão curioso! Desenho animado para crianças;"""Léo está dirigindo e cantando Iá Iá Iô.""";Início;https://www.youtube.com/watch?v=v1KbZrsdj-E;Neutro;Neutro;Neutro;Neutro;Neutro
v1KbZrsdj-E;As 5 melhores músicas infantis! Cante com Léo, o caminhão curioso! Desenho animado para crianças;"""E ela faz Bé Bé com alegria.""";Início;https://www.youtube.com/watch?v=v1KbZrsdj-E;Neutro;Neutro;Neutro;Neutro;Neutro
v1KbZrsdj-E;As 5 melhores músicas infantis! Cante com Léo, o caminhão curioso! Desenho animado para crianças;"""E quem ele encontra na fazenda?""";Início;https://www.youtube.com/watch?v=v1KbZrsdj-E;Neutro;Neutro;Neutro;Neutro;Neutro
v1KbZrsdj-E;As 5 melhores músicas infantis! Cante com Léo, o caminhão curioso! Desenho animado para crianças;"""Cinco sapinhos fofinhos no tronco estão sentadinhos.""";Meio;https://www.youtube.com/watch?v=v1KbZrsdj-E;Neutro;Neutro;Neutro;Neutro;Neutro
v1KbZrsdj-E;As 5 melhores músicas infantis! Cante com Léo, o caminhão curioso! Desenho animado para crianças;"""Comem mosquito sem parar.""";Meio;https://www.youtube.com/watch?v=v1KbZrsdj-E;Neutro;Neutro;Neutro;Neutro;Neutro
v1KbZrsdj-E;As 5 melhores músicas infantis! Cante com Léo, o caminhão curioso! Desenho animado para crianças;"""Assim se refrescou e ficou feliz.""";Meio;https://www.youtube.com/watch?v=v1KbZrsdj-E;Neutro;Neutro;Neutro;Neutro;Neutro
v1KbZrsdj-E;As 5 melhores músicas infantis! Cante com Léo, o caminhão curioso! Desenho animado para crianças;"""Quantos sapinhos voltam a pular?""";Meio;https://www.youtube.com/watch?v=v1KbZrsdj-E;Neutro;Negativo;Neutro;Neutro;Neutro
v1KbZrsdj-E;As 5 melhores músicas infantis! Cante com Léo, o caminhão curioso! Desenho animado para crianças;"""Um, Dois, Três, Quatro.""";Meio;https://www.youtube.com/watch?v=v1KbZrsdj-E;Neutro;Neutro;Neutro;Neutro;Neutro
v1KbZrsdj-E;As 5 melhores músicas infantis! Cante com Léo, o caminhão curioso! Desenho animado para crianças;"""Os peixinhos estão cansados e dão boa noite pra nanar.""";Fim;https://www.youtube.com/watch?v=v1KbZrsdj-E;Neutro;Neutro;Neutro;Neutro;Neutro
v1KbZrsdj-E;As 5 melhores músicas infantis! Cante com Léo, o caminhão curioso! Desenho animado para crianças;"""Veio a chuva forte e a derrubou.""";Fim;https://www.youtube.com/watch?v=v1KbZrsdj-E;Neutro;Neutro;Neutro;Neutro;Neutro
v1KbZrsdj-E;As 5 melhores músicas infantis! Cante com Léo, o caminhão curioso! Desenho animado para crianças;"""Já passou a chuva e o sol já vai surgindo.""";Fim;https://www.youtube.com/watch?v=v1KbZrsdj-E;Neutro;Neutro;Neutro;Neutro;Neutro
kZgu6qewdMg;SOUTH PARK Cartman descobre a Síndrome de TOURETTE 360P;"""filha da puta""";Início;https://www.youtube.com/watch?v=kZgu6qewdMg;Negativo;Negativo;Negativo;Negativo;Neutro
kZgu6qewdMg;SOUTH PARK Cartman descobre a Síndrome de TOURETTE 360P;"""chupa pau""";Início;https://www.youtube.com/watch?v=kZgu6qewdMg;Negativo;Positivo;Negativo;Negativo;Negativo
kZgu6qewdMg;SOUTH PARK Cartman descobre a Síndrome de TOURETTE 360P;"""viado""";Início;https://www.youtube.com/watch?v=kZgu6qewdMg;Negativo;Negativo;Negativo;Negativo;Negativo
kZgu6qewdMg;SOUTH PARK Cartman descobre a Síndrome de TOURETTE 360P;"""bosta""";Início;https://www.youtube.com/watch?v=kZgu6qewdMg;Negativo;Negativo;Negativo;Neutro;Negativo
kZgu6qewdMg;SOUTH PARK Cartman descobre a Síndrome de TOURETTE 360P;"""bosta!""";Meio;https://www.youtube.com/watch?v=kZgu6qewdMg;Negativo;Negativo;Negativo;Negativo;Negativo
kZgu6qewdMg;SOUTH PARK Cartman descobre a Síndrome de TOURETTE 360P;"""cuzão""";Meio;https://www.youtube.com/watch?v=kZgu6qewdMg;Negativo;Negativo;Negativo;Negativo;Negativo
kZgu6qewdMg;SOUTH PARK Cartman descobre a Síndrome de TOURETTE 360P;"""nariz de pinto""";Meio;https://www.youtube.com/watch?v=kZgu6qewdMg;Negativo;Negativo;Negativo;Negativo;Negativo
kZgu6qewdMg;SOUTH PARK Cartman descobre a Síndrome de TOURETTE 360P;"""imbecil""";Meio;https://www.youtube.com/watch?v=kZgu6qewdMg;Negativo;Negativo;Negativo;Negativo;Negativo
kZgu6qewdMg;SOUTH PARK Cartman descobre a Síndrome de TOURETTE 360P;"""Peitão""";Meio;https://www.youtube.com/watch?v=kZgu6qewdMg;Negativo;Negativo;Negativo;Negativo;Negativo
kZgu6qewdMg;SOUTH PARK Cartman descobre a Síndrome de TOURETTE 360P;"""Escroto""";Fim;https://www.youtube.com/watch?v=kZgu6qewdMg;Negativo;Negativo;Negativo;Positivo;Negativo
kZgu6qewdMg;SOUTH PARK Cartman descobre a Síndrome de TOURETTE 360P;"""Cabeça de merda""";Fim;https://www.youtube.com/watch?v=kZgu6qewdMg;Negativo;Negativo;Negativo;Negativo;Negativo
kZgu6qewdMg;SOUTH PARK Cartman descobre a Síndrome de TOURETTE 360P;"""mexicano""";Fim;https://www.youtube.com/watch?v=kZgu6qewdMg;Negativo;Negativo;Negativo;Negativo;Negativo
fn0vMWDYMV4;Looney Tunes em Português | Brasil | Laranja é o novo Pernalonga | WB Kids;"""aparece la bobo""";Início;https://www.youtube.com/watch?v=fn0vMWDYMV4;Negativo;Negativo;Negativo;Negativo;Neutro
fn0vMWDYMV4;Looney Tunes em Português | Brasil | Laranja é o novo Pernalonga | WB Kids;"""seu grosso""";Inicio;https://www.youtube.com/watch?v=fn0vMWDYMV4;Negativo;Negativo;Negativo;Negativo;Negativo
fn0vMWDYMV4;Looney Tunes em Português | Brasil | Laranja é o novo Pernalonga | WB Kids;"""gostei do seu cabelo voce que estragou?""";Inicio;https://www.youtube.com/watch?v=fn0vMWDYMV4;Negativo;Negativo;Negativo;Negativo;Negativo
fn0vMWDYMV4;Looney Tunes em Português | Brasil | Laranja é o novo Pernalonga | WB Kids;"""Desse cara ai?""";Inicio;https://www.youtube.com/watch?v=fn0vMWDYMV4;Negativo;Negativo;Negativo;Negativo;Negativo
fn0vMWDYMV4;Looney Tunes em Português | Brasil | Laranja é o novo Pernalonga | WB Kids;"""Bobo""";Inicio;https://www.youtube.com/watch?v=fn0vMWDYMV4;Negativo;Negativo;Negativo;Negativo;Negativo
fn0vMWDYMV4;Looney Tunes em Português | Brasil | Laranja é o novo Pernalonga | WB Kids;"""eu vou estragar voce""";Meio;https://www.youtube.com/watch?v=fn0vMWDYMV4;Negativo;Negativo;Neutro;Negativo;Negativo
fn0vMWDYMV4;Looney Tunes em Português | Brasil | Laranja é o novo Pernalonga | WB Kids;"""me emprestar seu cerebro voce não ta usando""";Meio;https://www.youtube.com/watch?v=fn0vMWDYMV4;Negativo;Negativo;Neutro;Negativo;Negativo
fn0vMWDYMV4;Looney Tunes em Português | Brasil | Laranja é o novo Pernalonga | WB Kids;"""aquele danado""";Meio;https://www.youtube.com/watch?v=fn0vMWDYMV4;Negativo;Negativo;Neutro;Negativo;Negativo
fn0vMWDYMV4;Looney Tunes em Português | Brasil | Laranja é o novo Pernalonga | WB Kids;"""voce e idiota""";Meio;https://www.youtube.com/watch?v=fn0vMWDYMV4;Negativo;Negativo;Positivo;Negativo;Negativo
fn0vMWDYMV4;Looney Tunes em Português | Brasil | Laranja é o novo Pernalonga | WB Kids;"""voce tem cara de idiota""";Meio;https://www.youtube.com/watch?v=fn0vMWDYMV4;Negativo;Positivo;Negativo;Negativo;Negativo
fn0vMWDYMV4;Looney Tunes em Português | Brasil | Laranja é o novo Pernalonga | WB Kids;"""que carro idiota""";Fim;https://www.youtube.com/watch?v=fn0vMWDYMV4;Negativo;Negativo;Neutro;Negativo;Negativo
fn0vMWDYMV4;Looney Tunes em Português | Brasil | Laranja é o novo Pernalonga | WB Kids;"""voce tem um apartamento idiota""";Fim;https://www.youtube.com/watch?v=fn0vMWDYMV4;Negativo;Negativo;Negativo;Negativo;Negativo
fn0vMWDYMV4;Looney Tunes em Português | Brasil | Laranja é o novo Pernalonga | WB Kids;"""voce deve ser muito idiota pra saber o que e""";Fim;https://www.youtube.com/watch?v=fn0vMWDYMV4;Negativo;Neutro;Negativo;Negativo;Negativo
fn0vMWDYMV4;Looney Tunes em Português | Brasil | Laranja é o novo Pernalonga | WB Kids;"""ele nao e um criminoso cruel como voce""";Fim;https://www.youtube.com/watch?v=fn0vMWDYMV4;Negativo;Negativo;Negativo;Negativo;Negativo
fn0vMWDYMV4;Looney Tunes em Português | Brasil | Laranja é o novo Pernalonga | WB Kids;"""voce tem uma cabeça em formato neadertal""";Fim;https://www.youtube.com/watch?v=fn0vMWDYMV4;Negativo;Negativo;Negativo;Negativo;Negativo
9xki-DazaRE;South Park - Senhor Escravo e Sr Garrinson;"""seu negão""";Início;https://www.youtube.com/watch?v=9xki-DazaRE;Negativo;Negativo;Negativo;Neutro;Negativo
9xki-DazaRE;South Park - Senhor Escravo e Sr Garrinson;"""bicha """;Início;https://www.youtube.com/watch?v=9xki-DazaRE;Negativo;Negativo;Negativo;Negativo;Negativo
9xki-DazaRE;South Park - Senhor Escravo e Sr Garrinson;"""os dois são muito gays""";Início;https://www.youtube.com/watch?v=9xki-DazaRE;Negativo;Negativo;Negativo;Negativo;Negativo
9xki-DazaRE;South Park - Senhor Escravo e Sr Garrinson;"""tuberculoso""";Início;https://www.youtube.com/watch?v=9xki-DazaRE;Negativo;Negativo;Negativo;Negativo;Negativo
9xki-DazaRE;South Park - Senhor Escravo e Sr Garrinson;"""bundão""";Meio;https://www.youtube.com/watch?v=9xki-DazaRE;Negativo;Negativo;Negativo;Negativo;Negativo
9xki-DazaRE;South Park - Senhor Escravo e Sr Garrinson;"""balofo""";Meio;https://www.youtube.com/watch?v=9xki-DazaRE;Negativo;Negativo;Negativo;Negativo;Negativo
9xki-DazaRE;South Park - Senhor Escravo e Sr Garrinson;"""bafo de cinsero""";Meio;https://www.youtube.com/watch?v=9xki-DazaRE;Negativo;Negativo;Negativo;Negativo;Negativo
9xki-DazaRE;South Park - Senhor Escravo e Sr Garrinson;"""fora daqui fumante filha da puta""";Meio;https://www.youtube.com/watch?v=9xki-DazaRE;Negativo;Positivo;Negativo;Negativo;Negativo
9xki-DazaRE;South Park - Senhor Escravo e Sr Garrinson;"""o tipo de bixa louca que você é""";Meio;https://www.youtube.com/watch?v=9xki-DazaRE;Negativo;Negativo;Negativo;Negativo;Negativo
9xki-DazaRE;South Park - Senhor Escravo e Sr Garrinson;"""esse babaca""";Fim;https://www.youtube.com/watch?v=9xki-DazaRE;Negativo;Positivo;Negativo;Negativo;Negativo
9xki-DazaRE;South Park - Senhor Escravo e Sr Garrinson;"""cale a boca""";Fim;https://www.youtube.com/watch?v=9xki-DazaRE;Negativo;Negativo;Negativo;Negativo;Negativo
9xki-DazaRE;South Park - Senhor Escravo e Sr Garrinson;"""ele é uma bicha louca""";Fim;https://www.youtube.com/watch?v=9xki-DazaRE;Negativo;Positivo;Negativo;Negativo;Negativo
9xki-DazaRE;South Park - Senhor Escravo e Sr Garrinson;"""ta louca""";Fim;https://www.youtube.com/watch?v=9xki-DazaRE;Negativo;Negativo;Negativo;Negativo;Neutro
9xki-DazaRE;South Park - Senhor Escravo e Sr Garrinson;"""vai toma no seu cú""";Fim;https://www.youtube.com/watch?v=9xki-DazaRE;Negativo;Negativo;Negativo;Negativo;Negativo
DCRL45UguFk;Aqua Teen - Ignacio tendo a melhor dublagem brasileira por 04:22 minutos;"""cala boca""";Início;https://www.youtube.com/watch?v=DCRL45UguFk&t=12s;Negativo;Neutro;Negativo;Negativo;Negativo
DCRL45UguFk;Aqua Teen - Ignacio tendo a melhor dublagem brasileira por 04:22 minutos;"""vão se catar""";Início;https://www.youtube.com/watch?v=DCRL45UguFk&t=12s;Negativo;Negativo;Negativo;Negativo;Negativo
DCRL45UguFk;Aqua Teen - Ignacio tendo a melhor dublagem brasileira por 04:22 minutos;"""tu ta ferrado""";Início;https://www.youtube.com/watch?v=DCRL45UguFk&t=12s;Negativo;Negativo;Negativo;Negativo;Negativo
DCRL45UguFk;Aqua Teen - Ignacio tendo a melhor dublagem brasileira por 04:22 minutos;"""tu vai morrer""";Início;https://www.youtube.com/watch?v=DCRL45UguFk&t=12s;Negativo;Negativo;Negativo;Negativo;Negativo
DCRL45UguFk;Aqua Teen - Ignacio tendo a melhor dublagem brasileira por 04:22 minutos;"""olha o fogo ai vagabundo""";Início;https://www.youtube.com/watch?v=DCRL45UguFk&t=12s;Negativo;Negativo;Negativo;Negativo;Negativo
DCRL45UguFk;Aqua Teen - Ignacio tendo a melhor dublagem brasileira por 04:22 minutos;"""você é uma almodega safada""";Meio;https://www.youtube.com/watch?v=DCRL45UguFk&t=12s;Negativo;Negativo;Negativo;Negativo;Negativo
DCRL45UguFk;Aqua Teen - Ignacio tendo a melhor dublagem brasileira por 04:22 minutos;"""voce me enche o saco""";Meio;https://www.youtube.com/watch?v=DCRL45UguFk&t=12s;Negativo;Negativo;Negativo;Negativo;Negativo
DCRL45UguFk;Aqua Teen - Ignacio tendo a melhor dublagem brasileira por 04:22 minutos;"""Não quero voces aqui""";Meio;https://www.youtube.com/watch?v=DCRL45UguFk&t=12s;Negativo;Negativo;Negativo;Negativo;Negativo
DCRL45UguFk;Aqua Teen - Ignacio tendo a melhor dublagem brasileira por 04:22 minutos;"""voce e infatil""";Meio;https://www.youtube.com/watch?v=DCRL45UguFk&t=12s;Negativo;Negativo;Negativo;Negativo;Negativo
DCRL45UguFk;Aqua Teen - Ignacio tendo a melhor dublagem brasileira por 04:22 minutos;"""vai se ferrar""";Meio;https://www.youtube.com/watch?v=DCRL45UguFk&t=12s;Negativo;Negativo;Negativo;Negativo;Negativo
DCRL45UguFk;Aqua Teen - Ignacio tendo a melhor dublagem brasileira por 04:22 minutos;"""cala essa boquinha""";Fim;https://www.youtube.com/watch?v=DCRL45UguFk&t=12s;Negativo;Negativo;Negativo;Negativo;Negativo
DCRL45UguFk;Aqua Teen - Ignacio tendo a melhor dublagem brasileira por 04:22 minutos;"""cambada de viado""";Fim;https://www.youtube.com/watch?v=DCRL45UguFk&t=12s;Negativo;Negativo;Negativo;Negativo;Negativo
DCRL45UguFk;Aqua Teen - Ignacio tendo a melhor dublagem brasileira por 04:22 minutos;"""você alem de viado e burro""";Fim;https://www.youtube.com/watch?v=DCRL45UguFk&t=12s;Negativo;Neutro;Negativo;Negativo;Negativo
DCRL45UguFk;Aqua Teen - Ignacio tendo a melhor dublagem brasileira por 04:22 minutos;"""seus trogloditas""";Fim;https://www.youtube.com/watch?v=DCRL45UguFk&t=12s;Negativo;Negativo;Negativo;Negativo;Negativo
DCRL45UguFk;Aqua Teen - Ignacio tendo a melhor dublagem brasileira por 04:22 minutos;"""vão se ferra""";Fim;https://www.youtube.com/watch?v=DCRL45UguFk&t=12s;Negativo;Negativo;Negativo;Negativo;Positivo
k7sLBxSnQ88;Pica Pau 168 Traição no Deserto;"""mais que miseravel""";Início;https://www.youtube.com/watch?v=k7sLBxSnQ88;Negativo;Negativo;Negativo;Negativo;Positivo
k7sLBxSnQ88;Pica Pau 168 Traição no Deserto;"""traiçoeiro""";Início;https://www.youtube.com/watch?v=k7sLBxSnQ88;Negativo;Negativo;Negativo;Negativo;Negativo
k7sLBxSnQ88;Pica Pau 168 Traição no Deserto;"""trapaceiro""";Início;https://www.youtube.com/watch?v=k7sLBxSnQ88;Negativo;Negativo;Negativo;Negativo;Negativo
k7sLBxSnQ88;Pica Pau 168 Traição no Deserto;"""ate loguinho, otario""";Início;https://www.youtube.com/watch?v=k7sLBxSnQ88;Negativo;Negativo;Negativo;Negativo;Negativo
k7sLBxSnQ88;Pica Pau 168 Traição no Deserto;"""sem vergonha""";Início;https://www.youtube.com/watch?v=k7sLBxSnQ88;Negativo;Negativo;Negativo;Negativo;Negativo
k7sLBxSnQ88;Pica Pau 168 Traição no Deserto;"""sujeito baixo""";Meio;https://www.youtube.com/watch?v=k7sLBxSnQ88;Negativo;Negativo;Negativo;Negativo;Neutro
k7sLBxSnQ88;Pica Pau 168 Traição no Deserto;"""Ta parendo atropelado""";Meio;https://www.youtube.com/watch?v=k7sLBxSnQ88;Negativo;Negativo;Negativo;Negativo;Negativo
k7sLBxSnQ88;Pica Pau 168 Traição no Deserto;"""Acabando com esse pica-pau""";Meio;https://www.youtube.com/watch?v=k7sLBxSnQ88;Negativo;Negativo;Negativo;Negativo;Negativo
k7sLBxSnQ88;Pica Pau 168 Traição no Deserto;"""Otario""";Meio;https://www.youtube.com/watch?v=k7sLBxSnQ88;Negativo;Negativo;Negativo;Negativo;Negativo
k7sLBxSnQ88;Pica Pau 168 Traição no Deserto;"""Vou atirar em você""";Meio;https://www.youtube.com/watch?v=k7sLBxSnQ88;Negativo;Negativo;Negativo;Negativo;Negativo
k7sLBxSnQ88;Pica Pau 168 Traição no Deserto;"""acabando com esse pica pau""";Fim;https://www.youtube.com/watch?v=k7sLBxSnQ88;Negativo;Negativo;Negativo;Negativo;Negativo
k7sLBxSnQ88;Pica Pau 168 Traição no Deserto;"""seu pica-pau metidinho""";Fim;https://www.youtube.com/watch?v=k7sLBxSnQ88;Negativo;Negativo;Negativo;Negativo;Negativo
k7sLBxSnQ88;Pica Pau 168 Traição no Deserto;"""mãos pro alto""";Fim;https://www.youtube.com/watch?v=k7sLBxSnQ88;Negativo;Negativo;Negativo;Negativo;Negativo
MkJXCZFYI30;Viciados em bola vs Tigres - The boondocks dublado;"""sua vadia""";Início;https://www.youtube.com/watch?v=MkJXCZFYI30;Negativo;Negativo;Negativo;Neutro;Negativo
MkJXCZFYI30;Viciados em bola vs Tigres - The boondocks dublado;"""neguinho""";Início;https://www.youtube.com/watch?v=L9ODpjeZE9E;Negativo;Negativo;Negativo;Negativo;Negativo
MkJXCZFYI30;Viciados em bola vs Tigres - The boondocks dublado;"""vaclião""";Início;https://www.youtube.com/watch?v=L9ODpjeZE9E;Negativo;Negativo;Negativo;Negativo;Neutro
MkJXCZFYI30;Viciados em bola vs Tigres - The boondocks dublado;"""feio""";Início;https://www.youtube.com/watch?v=L9ODpjeZE9E;Negativo;Negativo;Negativo;Positivo;Negativo
MkJXCZFYI30;Viciados em bola vs Tigres - The boondocks dublado;"""Tá bravinho""";Início;https://www.youtube.com/watch?v=L9ODpjeZE9E;Negativo;Negativo;Negativo;Negativo;Negativo
MkJXCZFYI30;Viciados em bola vs Tigres - The boondocks dublado;"""filho de quenga""";Meio;https://www.youtube.com/watch?v=MkJXCZFYI30;Negativo;Negativo;Negativo;Negativo;Negativo
MkJXCZFYI30;Viciados em bola vs Tigres - The boondocks dublado;"""idiotice""";Meio;https://www.youtube.com/watch?v=MkJXCZFYI30;Negativo;Negativo;Negativo;Negativo;Negativo
MkJXCZFYI30;Viciados em bola vs Tigres - The boondocks dublado;"""Voce é cego?""";Meio;https://www.youtube.com/watch?v=MkJXCZFYI30;Negativo;Negativo;Negativo;Negativo;Negativo
MkJXCZFYI30;Viciados em bola vs Tigres - The boondocks dublado;"""Ela tem mau halito""";Meio;https://www.youtube.com/watch?v=MkJXCZFYI30;Negativo;Negativo;Negativo;Positivo;Negativo
MkJXCZFYI30;Viciados em bola vs Tigres - The boondocks dublado;"""Parece um lixo podre""";Meio;https://www.youtube.com/watch?v=MkJXCZFYI30;Negativo;Negativo;Negativo;Negativo;Negativo
MkJXCZFYI30;Viciados em bola vs Tigres - The boondocks dublado;"""sua mãe ta na zona""";Fim;https://www.youtube.com/watch?v=MkJXCZFYI30;Negativo;Negativo;Negativo;Negativo;Negativo
MkJXCZFYI30;Viciados em bola vs Tigres - The boondocks dublado;"lazarento""";Fim;https://www.youtube.com/watch?v=MkJXCZFYI30;Negativo;Negativo;Negativo;Negativo;Negativo
MkJXCZFYI30;Viciados em bola vs Tigres - The boondocks dublado;"""vai toma no olho do seu cu""";Fim;https://www.youtube.com/watch?v=MkJXCZFYI30;Negativo;Negativo;Negativo;Negativo;Negativo
MkJXCZFYI30;Viciados em bola vs Tigres - The boondocks dublado;"""seu corno""";Fim;https://www.youtube.com/watch?v=MkJXCZFYI30;Negativo;Negativo;Negativo;Negativo;Negativo
t15K8NF0tzw;Aquateen - Conversa civilizada;"""aquele arrombado""";Início;https://www.youtube.com/watch?v=t15K8NF0tzw;Negativo;Positivo;Negativo;Negativo;Negativo
t15K8NF0tzw;Aquateen - Conversa civilizada;"""seu ze buceta""";Início;https://www.youtube.com/watch?v=t15K8NF0tzw;Negativo;Negativo;Negativo;Negativo;Negativo
t15K8NF0tzw;Aquateen - Conversa civilizada;"""fica acobertando aquele robo filha da puta não em""";Início;https://www.youtube.com/watch?v=t15K8NF0tzw;Negativo;Negativo;Negativo;Negativo;Negativo
t15K8NF0tzw;Aquateen - Conversa civilizada;"""cala essa boca""";Início;https://www.youtube.com/watch?v=t15K8NF0tzw;Negativo;Negativo;Negativo;Positivo;Negativo
t15K8NF0tzw;Aquateen - Conversa civilizada;"""tá, tá o descartavel""";Início;https://www.youtube.com/watch?v=t15K8NF0tzw;Negativo;Negativo;Negativo;Negativo;Negativo
t15K8NF0tzw;Aquateen - Conversa civilizada;"""sua pitch bixa""";Meio;https://www.youtube.com/watch?v=t15K8NF0tzw;Negativo;Negativo;Negativo;Negativo;Neutro
t15K8NF0tzw;Aquateen - Conversa civilizada;"""aquele filha da puta""";Meio;https://www.youtube.com/watch?v=t15K8NF0tzw;Negativo;Negativo;Negativo;Negativo;Negativo
t15K8NF0tzw;Aquateen - Conversa civilizada;"""ele e muito irritante""";Meio;https://www.youtube.com/watch?v=t15K8NF0tzw;Negativo;Negativo;Negativo;Negativo;Negativo
t15K8NF0tzw;Aquateen - Conversa civilizada;"""esse arrombado""";Meio;https://www.youtube.com/watch?v=t15K8NF0tzw;Negativo;Negativo;Negativo;Negativo;Negativo
t15K8NF0tzw;Aquateen - Conversa civilizada;"""Tu ta fudido comigo em""";Meio;https://www.youtube.com/watch?v=t15K8NF0tzw;Negativo;Negativo;Negativo;Negativo;Negativo
t15K8NF0tzw;Aquateen - Conversa civilizada;"""e debaixo daquele suvaco sai uma catinga""";Fim;https://www.youtube.com/watch?v=t15K8NF0tzw;Negativo;Negativo;Negativo;Negativo;Negativo
t15K8NF0tzw;Aquateen - Conversa civilizada;"""Eu vou fude meio mundo""";Fim;https://www.youtube.com/watch?v=t15K8NF0tzw;Negativo;Negativo;Negativo;Negativo;Negativo
t15K8NF0tzw;Aquateen - Conversa civilizada;"""Enfio canudo no teu cu""";Fim;https://www.youtube.com/watch?v=t15K8NF0tzw;Negativo;Negativo;Negativo;Negativo;Negativo
t15K8NF0tzw;Aquateen - Conversa civilizada;"""Eu vou cume aquele cu de lata""";Fim;https://www.youtube.com/watch?v=t15K8NF0tzw;Negativo;Negativo;Negativo;Negativo;Negativo
t15K8NF0tzw;Aquateen - Conversa civilizada;"""Cabeludo""";Fim;https://www.youtube.com/watch?v=t15K8NF0tzw;Negativo;Negativo;Negativo;Negativo;Negativo
ec4Yi6NS18Y;Rick e Morty enfrentam seu pior pesadelo: transformados em toxinas! | Rick & Morty;"""vai se fode seu mini sociopata""";Início;https://www.youtube.com/watch?v=YQRFzJPULxI;Negativo;Neutro;Negativo;Negativo;Negativo
ec4Yi6NS18Y;Rick e Morty enfrentam seu pior pesadelo: transformados em toxinas! | Rick & Morty;"""a gente vai pra casa otario""";Início;https://www.youtube.com/watch?v=YQRFzJPULxI;Negativo;Negativo;Negativo;Negativo;Negativo
ec4Yi6NS18Y;Rick e Morty enfrentam seu pior pesadelo: transformados em toxinas! | Rick & Morty;"""isso, porque voce e um inutil""";Início;https://www.youtube.com/watch?v=ec4Yi6NS18Y;Negativo;Neutro;Negativo;Negativo;Negativo
ec4Yi6NS18Y;Rick e Morty enfrentam seu pior pesadelo: transformados em toxinas! | Rick & Morty;"""Você e tão burro morty""";Início;https://www.youtube.com/watch?v=ec4Yi6NS18Y;Negativo;Negativo;Negativo;Negativo;Negativo
ec4Yi6NS18Y;Rick e Morty enfrentam seu pior pesadelo: transformados em toxinas! | Rick & Morty;"""Voce e o mesmo fracassado patetico""";Meio;https://www.youtube.com/watch?v=ec4Yi6NS18Y;Negativo;Negativo;Negativo;Negativo;Negativo
ec4Yi6NS18Y;Rick e Morty enfrentam seu pior pesadelo: transformados em toxinas! | Rick & Morty;"""seu corno, lazarento""";Meio;https://www.youtube.com/watch?v=ec4Yi6NS18Y;Negativo;Negativo;Negativo;Negativo;Negativo
ec4Yi6NS18Y;Rick e Morty enfrentam seu pior pesadelo: transformados em toxinas! | Rick & Morty;"""Enfia no meu do seu cú""";Meio;https://www.youtube.com/watch?v=ec4Yi6NS18Y;Negativo;Negativo;Negativo;Negativo;Negativo
ec4Yi6NS18Y;Rick e Morty enfrentam seu pior pesadelo: transformados em toxinas! | Rick & Morty;"""É filho da puta, toma""";Meio;https://www.youtube.com/watch?v=ec4Yi6NS18Y;Negativo;Negativo;Negativo;Negativo;Negativo
ec4Yi6NS18Y;Rick e Morty enfrentam seu pior pesadelo: transformados em toxinas! | Rick & Morty;"""um baitola como voce""";Meio;https://www.youtube.com/watch?v=YQRFzJPULxI;Negativo;Positivo;Negativo;Negativo;Negativo
ec4Yi6NS18Y;Rick e Morty enfrentam seu pior pesadelo: transformados em toxinas! | Rick & Morty;"""aquele idiota acredito""";Fim;https://www.youtube.com/watch?v=YQRFzJPULxI;Negativo;Negativo;Negativo;Negativo;Negativo
ec4Yi6NS18Y;Rick e Morty enfrentam seu pior pesadelo: transformados em toxinas! | Rick & Morty;"""não negocinha com esse concozinho""";Fim;https://www.youtube.com/watch?v=YQRFzJPULxI;Negativo;Negativo;Negativo;Negativo;Negativo
ec4Yi6NS18Y;Rick e Morty enfrentam seu pior pesadelo: transformados em toxinas! | Rick & Morty;"""Ai bundão""";Fim;https://www.youtube.com/watch?v=ec4Yi6NS18Y;Negativo;Negativo;Negativo;Negativo;Negativo
ec4Yi6NS18Y;Rick e Morty enfrentam seu pior pesadelo: transformados em toxinas! | Rick & Morty;"""seu velho escroto inutil""";Fim;https://www.youtube.com/watch?v=YQRFzJPULxI;Negativo;Negativo;Negativo;Negativo;Negativo
ec4Yi6NS18Y;Rick e Morty enfrentam seu pior pesadelo: transformados em toxinas! | Rick & Morty;"""seus sacos de bostas""";Fim;https://www.youtube.com/watch?v=ec4Yi6NS18Y;Negativo;Negativo;Negativo;Negativo;Negativo
2S0qCwdpW78;Pica-Pau | Os superpoderes do Pica-Pau | 3 Episódios Completos;"""leva esse vale aqui, baixinho""";Início;https://www.youtube.com/watch?v=2S0qCwdpW78;Negativo;Negativo;Negativo;Negativo;Negativo
2S0qCwdpW78;Pica-Pau | Os superpoderes do Pica-Pau | 3 Episódios Completos;"""seu mala sem alça""";Início;https://www.youtube.com/watch?v=2S0qCwdpW78;Negativo;Negativo;Negativo;Negativo;Negativo
2S0qCwdpW78;Pica-Pau | Os superpoderes do Pica-Pau | 3 Episódios Completos;"""urubu malandro""";Início;https://www.youtube.com/watch?v=2S0qCwdpW78;Negativo;Negativo;Negativo;Negativo;Negativo
2S0qCwdpW78;Pica-Pau | Os superpoderes do Pica-Pau | 3 Episódios Completos;"""isso mesmo, otario""";Início;https://www.youtube.com/watch?v=2S0qCwdpW78;Negativo;Negativo;Negativo;Negativo;Negativo
2S0qCwdpW78;Pica-Pau | Os superpoderes do Pica-Pau | 3 Episódios Completos;"""otario!""";Início;https://www.youtube.com/watch?v=2S0qCwdpW78;Negativo;Negativo;Negativo;Negativo;Negativo
2S0qCwdpW78;Pica-Pau | Os superpoderes do Pica-Pau | 3 Episódios Completos;"""Não seja bobo""";Meio;https://www.youtube.com/watch?v=2S0qCwdpW78;Negativo;Negativo;Negativo;Negativo;Negativo
2S0qCwdpW78;Pica-Pau | Os superpoderes do Pica-Pau | 3 Episódios Completos;"""cara, que boba""";Meio;https://www.youtube.com/watch?v=2S0qCwdpW78;Negativo;Negativo;Negativo;Negativo;Negativo
2S0qCwdpW78;Pica-Pau | Os superpoderes do Pica-Pau | 3 Episódios Completos;"""ela que é e louca""";Meio;https://www.youtube.com/watch?v=2S0qCwdpW78;Negativo;Negativo;Negativo;Negativo;Negativo
2S0qCwdpW78;Pica-Pau | Os superpoderes do Pica-Pau | 3 Episódios Completos;"""elá e louca""";Meio;https://www.youtube.com/watch?v=2S0qCwdpW78;Negativo;Negativo;Negativo;Negativo;Negativo
2S0qCwdpW78;Pica-Pau | Os superpoderes do Pica-Pau | 3 Episódios Completos;"""Aquela pica-pau maluca""";Meio;https://www.youtube.com/watch?v=2S0qCwdpW78;Negativo;Negativo;Negativo;Negativo;Negativo
2S0qCwdpW78;Pica-Pau | Os superpoderes do Pica-Pau | 3 Episódios Completos;"""maquina malvada""";Fim;https://www.youtube.com/watch?v=2S0qCwdpW78;Negativo;Negativo;Negativo;Negativo;Negativo
2S0qCwdpW78;Pica-Pau | Os superpoderes do Pica-Pau | 3 Episódios Completos;"""Cara que boba""";Fim;https://www.youtube.com/watch?v=2S0qCwdpW78;Negativo;Negativo;Negativo;Negativo;Negativo
2S0qCwdpW78;Pica-Pau | Os superpoderes do Pica-Pau | 3 Episódios Completos;"""Fique longe""";Fim;https://www.youtube.com/watch?v=2S0qCwdpW78;Negativo;Negativo;Negativo;Negativo;Negativo
2S0qCwdpW78;Pica-Pau | Os superpoderes do Pica-Pau | 3 Episódios Completos;"""Voce so sabe destruir""";Fim;https://www.youtube.com/watch?v=2S0qCwdpW78;Negativo;Negativo;Negativo;Negativo;Negativo
2S0qCwdpW78;Pica-Pau | Os superpoderes do Pica-Pau | 3 Episódios Completos;"""Você nao sabe nada""";Fim;https://www.youtube.com/watch?v=2S0qCwdpW78;Negativo;Negativo;Negativo;Negativo;Negativo
ZhY7mplib68;Os Flintstones O Desenho Que Marcou Gerações  Você Ainda Lembra;"""Não quero conhece-los""";Início;https://www.youtube.com/watch?v=ZhY7mplib68;Negativo;Negativo;Negativo;Neutro;Negativo
ZhY7mplib68;Os Flintstones O Desenho Que Marcou Gerações  Você Ainda Lembra;"""Naninco""";Início;https://www.youtube.com/watch?v=ZhY7mplib68;Negativo;Negativo;Negativo;Negativo;Negativo
ZhY7mplib68;Os Flintstones O Desenho Que Marcou Gerações  Você Ainda Lembra;"""Que coisa esquisita """;Início;https://www.youtube.com/watch?v=ZhY7mplib68;Negativo;Negativo;Negativo;Negativo;Negativo
ZhY7mplib68;Os Flintstones O Desenho Que Marcou Gerações  Você Ainda Lembra;"""Eu faço voce voar pela janela""";Início;https://www.youtube.com/watch?v=ZhY7mplib68;Negativo;Negativo;Negativo;Negativo;Negativo
ZhY7mplib68;Os Flintstones O Desenho Que Marcou Gerações  Você Ainda Lembra;"""Terrivel""";Início;https://www.youtube.com/watch?v=ZhY7mplib68;Negativo;Negativo;Negativo;Negativo;Negativo
ZhY7mplib68;Os Flintstones O Desenho Que Marcou Gerações  Você Ainda Lembra;"""Loucos""";Meio;https://www.youtube.com/watch?v=ZhY7mplib68;Negativo;Negativo;Negativo;Negativo;Negativo
ZhY7mplib68;Os Flintstones O Desenho Que Marcou Gerações  Você Ainda Lembra;"""Você está sendo ridiculo""";Meio;https://www.youtube.com/watch?v=ZhY7mplib68;Negativo;Negativo;Negativo;Negativo;Negativo
ZhY7mplib68;Os Flintstones O Desenho Que Marcou Gerações  Você Ainda Lembra;"""Mau caráter""";Meio;https://www.youtube.com/watch?v=ZhY7mplib68;Negativo;Negativo;Negativo;Negativo;Negativo
ZhY7mplib68;Os Flintstones O Desenho Que Marcou Gerações  Você Ainda Lembra;"""Eles são monstros""";Meio;https://www.youtube.com/watch?v=ZhY7mplib68;Negativo;Negativo;Negativo;Negativo;Negativo
ZhY7mplib68;Os Flintstones O Desenho Que Marcou Gerações  Você Ainda Lembra;"""Nunca mais fale comigo denovo""";Meio;https://www.youtube.com/watch?v=ZhY7mplib68;Negativo;Negativo;Negativo;Negativo;Negativo
ZhY7mplib68;Os Flintstones O Desenho Que Marcou Gerações  Você Ainda Lembra;"""Amigos da onça""";Fim;https://www.youtube.com/watch?v=ZhY7mplib68;Negativo;Negativo;Negativo;Negativo;Negativo
ZhY7mplib68;Os Flintstones O Desenho Que Marcou Gerações  Você Ainda Lembra;"""Está bancando o ridículo""";Fim;https://www.youtube.com/watch?v=ZhY7mplib68;Negativo;Negativo;Negativo;Negativo;Negativo
ZhY7mplib68;Os Flintstones O Desenho Que Marcou Gerações  Você Ainda Lembra;"""Tolice""";Fim;https://www.youtube.com/watch?v=ZhY7mplib68;Negativo;Negativo;Positivo;Negativo;Negativo
ZhY7mplib68;Os Flintstones O Desenho Que Marcou Gerações  Você Ainda Lembra;"""Estupido""";Fim;https://www.youtube.com/watch?v=ZhY7mplib68;Negativo;Negativo;Negativo;Neutro;Negativo
ZhY7mplib68;Os Flintstones O Desenho Que Marcou Gerações  Você Ainda Lembra;"""Baixinho""";Fim;https://www.youtube.com/watch?v=ZhY7mplib68;Negativo;Negativo;Negativo;Negativo;Negativo
uYipZ9Hwi_4;Aqua Teen - Romulox;"""ai cacete, cala a boca""";Início;https://www.youtube.com/watch?v=uYipZ9Hwi_4;Negativo;Negativo;Negativo;Negativo;Negativo
uYipZ9Hwi_4;Aqua Teen - Romulox;"""Me pentelhando""";Início;https://www.youtube.com/watch?v=uYipZ9Hwi_4;Negativo;Negativo;Negativo;Negativo;Negativo
uYipZ9Hwi_4;Aqua Teen - Romulox;"""Ta na merda""";Início;https://www.youtube.com/watch?v=uYipZ9Hwi_4;Negativo;Negativo;Negativo;Negativo;Negativo
uYipZ9Hwi_4;Aqua Teen - Romulox;"""Eu sou tão tadinho""";Início;https://www.youtube.com/watch?v=uYipZ9Hwi_4;Negativo;Negativo;Negativo;Negativo;Negativo
uYipZ9Hwi_4;Aqua Teen - Romulox;"""Voce nao tem grana""";Início;https://www.youtube.com/watch?v=uYipZ9Hwi_4;Negativo;Negativo;Negativo;Neutro;Negativo
uYipZ9Hwi_4;Aqua Teen - Romulox;"""Bate não seu sub-urbano""";Meio;https://www.youtube.com/watch?v=uYipZ9Hwi_4;Negativo;Negativo;Negativo;Negativo;Negativo
uYipZ9Hwi_4;Aqua Teen - Romulox;"""e leva, pobre""";Meio;https://www.youtube.com/watch?v=uYipZ9Hwi_4;Negativo;Negativo;Negativo;Negativo;Negativo
uYipZ9Hwi_4;Aqua Teen - Romulox;"""Cala a boca""";Meio;https://www.youtube.com/watch?v=uYipZ9Hwi_4;Negativo;Negativo;Negativo;Negativo;Negativo
uYipZ9Hwi_4;Aqua Teen - Romulox;"""Me depenar""";Meio;https://www.youtube.com/watch?v=uYipZ9Hwi_4;Negativo;Negativo;Negativo;Negativo;Negativo
uYipZ9Hwi_4;Aqua Teen - Romulox;"""Estupradores""";Meio;https://www.youtube.com/watch?v=uYipZ9Hwi_4;Negativo;Negativo;Negativo;Negativo;Negativo
uYipZ9Hwi_4;Aqua Teen - Romulox;"""eu to no telefone, bicha burra""";Fim;https://www.youtube.com/watch?v=uYipZ9Hwi_4;Negativo;Negativo;Negativo;Positivo;Negativo
uYipZ9Hwi_4;Aqua Teen - Romulox;"""o cacete, bicha louca""";Fim;https://www.youtube.com/watch?v=uYipZ9Hwi_4;Negativo;Negativo;Negativo;Negativo;Negativo
uYipZ9Hwi_4;Aqua Teen - Romulox;"""Voce tem cara de sub-urbano""";Fim;https://www.youtube.com/watch?v=uYipZ9Hwi_4;Negativo;Negativo;Neutro;Negativo;Negativo
uYipZ9Hwi_4;Aqua Teen - Romulox;"""Ho bixa burra""";Fim;https://www.youtube.com/watch?v=uYipZ9Hwi_4;Negativo;Negativo;Negativo;Negativo;Negativo
uYipZ9Hwi_4;Aqua Teen - Romulox;"""Bixa louca""";Fim;https://www.youtube.com/watch?v=uYipZ9Hwi_4;Negativo;Negativo;Negativo;Negativo;Negativo
hsvqnr4r-3U;Pernalonga e Eufrazino À Espera de Satã;"""Velinho""";Início;https://www.youtube.com/watch?v=hsvqnr4r-3U;Negativo;Negativo;Negativo;Negativo;Negativo
hsvqnr4r-3U;Pernalonga e Eufrazino À Espera de Satã;"""Seu despresivel""";Início;https://www.youtube.com/watch?v=hsvqnr4r-3U;Negativo;Negativo;Negativo;Negativo;Negativo
hsvqnr4r-3U;Pernalonga e Eufrazino À Espera de Satã;"""Você é um menino mau""";Início;https://www.youtube.com/watch?v=hsvqnr4r-3U;Negativo;Neutro;Negativo;Negativo;Negativo
hsvqnr4r-3U;Pernalonga e Eufrazino À Espera de Satã;"""Ataca o coelho""";Início;https://www.youtube.com/watch?v=hsvqnr4r-3U;Negativo;Negativo;Negativo;Negativo;Positivo
hsvqnr4r-3U;Pernalonga e Eufrazino À Espera de Satã;"""Aquela criatura""";Início;https://www.youtube.com/watch?v=hsvqnr4r-3U;Negativo;Negativo;Negativo;Negativo;Positivo
hsvqnr4r-3U;Pernalonga e Eufrazino À Espera de Satã;"""sua mula corcunda""";Meio;https://www.youtube.com/watch?v=hsvqnr4r-3U;Negativo;Negativo;Negativo;Neutro;Negativo
hsvqnr4r-3U;Pernalonga e Eufrazino À Espera de Satã;"""vou manda-lo ao inferno""";Meio;https://www.youtube.com/watch?v=hsvqnr4r-3U;Negativo;Negativo;Negativo;Negativo;Negativo
hsvqnr4r-3U;Pernalonga e Eufrazino À Espera de Satã;"""seu verme""";Meio;https://www.youtube.com/watch?v=hsvqnr4r-3U;Negativo;Negativo;Negativo;Negativo;Negativo
hsvqnr4r-3U;Pernalonga e Eufrazino À Espera de Satã;"""nojento""";Fim;https://www.youtube.com/watch?v=hsvqnr4r-3U;Negativo;Negativo;Negativo;Negativo;Negativo
hsvqnr4r-3U;Pernalonga e Eufrazino À Espera de Satã;"""eu vou estourar você""";Fim;https://www.youtube.com/watch?v=hsvqnr4r-3U;Negativo;Positivo;Negativo;Negativo;Negativo
hsvqnr4r-3U;Pernalonga e Eufrazino À Espera de Satã;"""Vai mula""";Fim;https://www.youtube.com/watch?v=hsvqnr4r-3U;Negativo;Negativo;Negativo;Negativo;Negativo
hsvqnr4r-3U;Pernalonga e Eufrazino À Espera de Satã;"""Perverso""";Fim;https://www.youtube.com/watch?v=hsvqnr4r-3U;Negativo;Negativo;Negativo;Negativo;Negativo
ewkCk35Z1Sg;Aqua Teen - Ame Múmia;"""Vai a merda""";Início;https://www.youtube.com/watch?v=ewkCk35Z1Sg;Negativo;Negativo;Negativo;Negativo;Negativo
ewkCk35Z1Sg;Aqua Teen - Ame Múmia;"""Seus truques baratos""";Início;https://www.youtube.com/watch?v=ewkCk35Z1Sg;Negativo;Negativo;Negativo;Negativo;Negativo
ewkCk35Z1Sg;Aqua Teen - Ame Múmia;"""Malandragem""";Início;https://www.youtube.com/watch?v=ewkCk35Z1Sg;Negativo;Neutro;Negativo;Negativo;Negativo
ewkCk35Z1Sg;Aqua Teen - Ame Múmia;"""Maldição""";Início;https://www.youtube.com/watch?v=ewkCk35Z1Sg;Negativo;Negativo;Negativo;Negativo;Negativo
ewkCk35Z1Sg;Aqua Teen - Ame Múmia;"""pra cima de mim nao, fenhoso""";Início;https://www.youtube.com/watch?v=ewkCk35Z1Sg;Negativo;Negativo;Negativo;Negativo;Negativo
ewkCk35Z1Sg;Aqua Teen - Ame Múmia;"""ah, seu viadinho""";Meio;https://www.youtube.com/watch?v=ewkCk35Z1Sg;Negativo;Negativo;Negativo;Negativo;Negativo
ewkCk35Z1Sg;Aqua Teen - Ame Múmia;"""Bundão, bundão""";Meio;https://www.youtube.com/watch?v=ewkCk35Z1Sg;Negativo;Negativo;Negativo;Negativo;Negativo
ewkCk35Z1Sg;Aqua Teen - Ame Múmia;"""Seu pederasta""";Meio;https://www.youtube.com/watch?v=ewkCk35Z1Sg;Negativo;Positivo;Negativo;Negativo;Negativo
ewkCk35Z1Sg;Aqua Teen - Ame Múmia;"""Come essa merda""";Meio;https://www.youtube.com/watch?v=ewkCk35Z1Sg;Negativo;Negativo;Positivo;Negativo;Negativo
ewkCk35Z1Sg;Aqua Teen - Ame Múmia;"""Cala a boca, porra""";Meio;https://www.youtube.com/watch?v=ewkCk35Z1Sg;Negativo;Negativo;Negativo;Negativo;Negativo
ewkCk35Z1Sg;Aqua Teen - Ame Múmia;"""Esta porra está torrada, Viado""";Fim;https://www.youtube.com/watch?v=ewkCk35Z1Sg;Negativo;Negativo;Negativo;Negativo;Negativo
ewkCk35Z1Sg;Aqua Teen - Ame Múmia;"""Tá querendo sacanear""";Fim;https://www.youtube.com/watch?v=ewkCk35Z1Sg;Negativo;Negativo;Negativo;Negativo;Neutro
ewkCk35Z1Sg;Aqua Teen - Ame Múmia;"""Seu merda""";Fim;https://www.youtube.com/watch?v=ewkCk35Z1Sg;Negativo;Negativo;Negativo;Neutro;Negativo
ewkCk35Z1Sg;Aqua Teen - Ame Múmia;"""Nego""";Fim;https://www.youtube.com/watch?v=ewkCk35Z1Sg;Negativo;Negativo;Negativo;Negativo;Negativo
ewkCk35Z1Sg;Aqua Teen - Ame Múmia;"""Gorduroso""";Fim;https://www.youtube.com/watch?v=ewkCk35Z1Sg;Negativo;Negativo;Negativo;Negativo;Negativo
2fBO74Ez0_Q;Patolino e ligeirinho episódio clássico milho apimentado dublado em português;"""esse ligerinho e maluco da cabeça""";Início;https://www.youtube.com/watch?v=2fBO74Ez0_Q;Negativo;Negativo;Negativo;Negativo;Negativo
2fBO74Ez0_Q;Patolino e ligeirinho episódio clássico milho apimentado dublado em português;"""Voce deve estar louco""";Início;https://www.youtube.com/watch?v=2fBO74Ez0_Q;Negativo;Negativo;Negativo;Negativo;Negativo
2fBO74Ez0_Q;Patolino e ligeirinho episódio clássico milho apimentado dublado em português;"""seus ladrões""";Início;https://www.youtube.com/watch?v=2fBO74Ez0_Q;Negativo;Negativo;Negativo;Negativo;Negativo
2fBO74Ez0_Q;Patolino e ligeirinho episódio clássico milho apimentado dublado em português;"""Levaram tiro""";Início;https://www.youtube.com/watch?v=2fBO74Ez0_Q;Negativo;Negativo;Negativo;Negativo;Negativo
2fBO74Ez0_Q;Patolino e ligeirinho episódio clássico milho apimentado dublado em português;"""Está tão tristonho""";Início;https://www.youtube.com/watch?v=2fBO74Ez0_Q;Negativo;Negativo;Negativo;Negativo;Negativo
2fBO74Ez0_Q;Patolino e ligeirinho episódio clássico milho apimentado dublado em português;"""seus ladrões de milho""";Meio;https://www.youtube.com/watch?v=2fBO74Ez0_Q;Negativo;Negativo;Negativo;Negativo;Negativo
2fBO74Ez0_Q;Patolino e ligeirinho episódio clássico milho apimentado dublado em português;"""aquele pato sujo""";Meio;https://www.youtube.com/watch?v=2fBO74Ez0_Q;Negativo;Negativo;Negativo;Negativo;Negativo
2fBO74Ez0_Q;Patolino e ligeirinho episódio clássico milho apimentado dublado em português;"""sem vergonhas""";Meio;https://www.youtube.com/watch?v=2fBO74Ez0_Q;Negativo;Negativo;Negativo;Negativo;Negativo
2fBO74Ez0_Q;Patolino e ligeirinho episódio clássico milho apimentado dublado em português;"""Ele me espanta""";Meio;https://www.youtube.com/watch?v=2fBO74Ez0_Q;Negativo;Negativo;Negativo;Negativo;Negativo
2fBO74Ez0_Q;Patolino e ligeirinho episódio clássico milho apimentado dublado em português;"""Não seja medroso""";Meio;https://www.youtube.com/watch?v=2fBO74Ez0_Q;Negativo;Negativo;Negativo;Negativo;Negativo
2fBO74Ez0_Q;Patolino e ligeirinho episódio clássico milho apimentado dublado em português;"""chega pra la estupido""";Fim;https://www.youtube.com/watch?v=2fBO74Ez0_Q;Negativo;Negativo;Negativo;Neutro;Negativo
2fBO74Ez0_Q;Patolino e ligeirinho episódio clássico milho apimentado dublado em português;"""Fica ai fora""";Fim;https://www.youtube.com/watch?v=2fBO74Ez0_Q;Negativo;Negativo;Negativo;Negativo;Negativo
2fBO74Ez0_Q;Patolino e ligeirinho episódio clássico milho apimentado dublado em português;"""Esse pato espantalho""";Fim;https://www.youtube.com/watch?v=2fBO74Ez0_Q;Negativo;Negativo;Negativo;Negativo;Negativo
2fBO74Ez0_Q;Patolino e ligeirinho episódio clássico milho apimentado dublado em português;"""Maluco da cabeça""";Fim;https://www.youtube.com/watch?v=2fBO74Ez0_Q;Negativo;Negativo;Negativo;Negativo;Negativo
2fBO74Ez0_Q;Patolino e ligeirinho episódio clássico milho apimentado dublado em português;"""Tenho que me livra de você""";Fim;https://www.youtube.com/watch?v=2fBO74Ez0_Q;Negativo;Negativo;Negativo;Negativo;Negativo
L8aG7V11CHI;O caos temporal | Rick & Morty | Adult Swim Brasil;"""seu bostinha""";Início;https://www.youtube.com/watch?v=L8aG7V11CHI;Negativo;Negativo;Positivo;Negativo;Negativo
L8aG7V11CHI;O caos temporal | Rick & Morty | Adult Swim Brasil;"""sua garota cuzona""";Início;https://www.youtube.com/watch?v=L8aG7V11CHI;Negativo;Negativo;Negativo;Negativo;Negativo
L8aG7V11CHI;O caos temporal | Rick & Morty | Adult Swim Brasil;"""bestinha""";Início;https://www.youtube.com/watch?v=L8aG7V11CHI;Negativo;Negativo;Negativo;Negativo;Negativo
L8aG7V11CHI;O caos temporal | Rick & Morty | Adult Swim Brasil;"""Na sua cara""";Início;https://www.youtube.com/watch?v=L8aG7V11CHI;Negativo;Negativo;Negativo;Positivo;Negativo
L8aG7V11CHI;O caos temporal | Rick & Morty | Adult Swim Brasil;"""seu idiota""";Meio;https://www.youtube.com/watch?v=L8aG7V11CHI;Negativo;Negativo;Negativo;Negativo;Negativo
L8aG7V11CHI;O caos temporal | Rick & Morty | Adult Swim Brasil;"""Vingativo""";Meio;https://www.youtube.com/watch?v=L8aG7V11CHI;Negativo;Negativo;Negativo;Negativo;Negativo
L8aG7V11CHI;O caos temporal | Rick & Morty | Adult Swim Brasil;"""Qual seu problema?""";Meio;https://www.youtube.com/watch?v=L8aG7V11CHI;Negativo;Negativo;Negativo;Negativo;Negativo
L8aG7V11CHI;O caos temporal | Rick & Morty | Adult Swim Brasil;"""Cala você""";Meio;https://www.youtube.com/watch?v=L8aG7V11CHI;Negativo;Negativo;Negativo;Negativo;Negativo
L8aG7V11CHI;O caos temporal | Rick & Morty | Adult Swim Brasil;"""A merda dos seus pais""";Fim;https://www.youtube.com/watch?v=L8aG7V11CHI;Negativo;Negativo;Negativo;Negativo;Negativo
L8aG7V11CHI;O caos temporal | Rick & Morty | Adult Swim Brasil;"""Voces merecem""";Fim;https://www.youtube.com/watch?v=L8aG7V11CHI;Negativo;Negativo;Negativo;Negativo;Negativo
L8aG7V11CHI;O caos temporal | Rick & Morty | Adult Swim Brasil;"""Fico feliz que machuca""";Fim;https://www.youtube.com/watch?v=L8aG7V11CHI;Negativo;Negativo;Negativo;Negativo;Negativo
L8aG7V11CHI;O caos temporal | Rick & Morty | Adult Swim Brasil;"""Você nao facilita""";Fim;https://www.youtube.com/watch?v=L8aG7V11CHI;Negativo;Negativo;Negativo;Negativo;Negativo
rhwLCJz5kmY;ALIMENTAÇÃO SAUDÁVEL: Porque devemos comer frutas e vegetais? ♻️🌏 Playlist Sustentabilidade;"""Esse é o show da Luna Luna Luna Esse é o show da Luna tudo que a pergunta Luna faz...""";Início;https://youtu.be/rhwLCJz5kmY?si=MpKpSUHGZpT3krDL;Positivo;Neutro;Positivo;Positivo;Positivo
rhwLCJz5kmY;ALIMENTAÇÃO SAUDÁVEL: Porque devemos comer frutas e vegetais? ♻️🌏 Playlist Sustentabilidade;"""comida colorida aceita uma fruta Júpiter não valeu nemhuma Mazinha Não hoje eu vou querer comer só bão""";Início;https://youtu.be/rhwLCJz5kmY?si=MpKpSUHGZpT3krDL;Positivo;Positivo;Positivo;Positivo;Positivo
rhwLCJz5kmY;ALIMENTAÇÃO SAUDÁVEL: Porque devemos comer frutas e vegetais? ♻️🌏 Playlist Sustentabilidade;"""Uma careta maratona é uma corrida Júpiter legal eu quero correr também eu também""";Início;https://youtu.be/rhwLCJz5kmY?si=MpKpSUHGZpT3krDL;Positivo;Positivo;Positivo;Positivo;Positivo
rhwLCJz5kmY;ALIMENTAÇÃO SAUDÁVEL: Porque devemos comer frutas e vegetais? ♻️🌏 Playlist Sustentabilidade;"""sugiro que você varie mais os ingredientes do seu prato uma refeição saudável deve ser colorida""";Início;https://youtu.be/rhwLCJz5kmY?si=MpKpSUHGZpT3krDL;Positivo;Positivo;Positivo;Positivo;Positivo
rhwLCJz5kmY;ALIMENTAÇÃO SAUDÁVEL: Porque devemos comer frutas e vegetais? ♻️🌏 Playlist Sustentabilidade;"""É verdade a mamãe sempre fala isso aqui""";Início;https://youtu.be/rhwLCJz5kmY?si=MpKpSUHGZpT3krDL;Positivo;Positivo;Positivo;Neutro;Positivo
rhwLCJz5kmY;ALIMENTAÇÃO SAUDÁVEL: Porque devemos comer frutas e vegetais? ♻️🌏 Playlist Sustentabilidade;"""aqui estão algumas sugestões uau tem muitas cores aqui verde vermelha Amarelo parece bem saudável mas por quê""";Meio;https://youtu.be/rhwLCJz5kmY?si=MpKpSUHGZpT3krDL;Positivo;Positivo;Positivo;Positivo;Positivo
rhwLCJz5kmY;ALIMENTAÇÃO SAUDÁVEL: Porque devemos comer frutas e vegetais? ♻️🌏 Playlist Sustentabilidade;"""Luna a gente ficou mais forte por causa da comida Colorida não sei dizer é meio difícil de saber""";Meio;https://youtu.be/rhwLCJz5kmY?si=MpKpSUHGZpT3krDL;Positivo;Positivo;Negativo;Positivo;Positivo
rhwLCJz5kmY;ALIMENTAÇÃO SAUDÁVEL: Porque devemos comer frutas e vegetais? ♻️🌏 Playlist Sustentabilidade;"""vamos fazer de conta que a gente era vegetais da horta somos vegetais quer dizer acho que eu sou um fruto""
";Meio;https://youtu.be/rhwLCJz5kmY?si=MpKpSUHGZpT3krDL;Positivo;Positivo;Positivo;Positivo;Positivo
rhwLCJz5kmY;ALIMENTAÇÃO SAUDÁVEL: Porque devemos comer frutas e vegetais? ♻️🌏 Playlist Sustentabilidade;"""tem um tipo de nutriente que é importante para a gente var bem alimentação para ter uma boa nutrição""";Meio;https://youtu.be/rhwLCJz5kmY?si=MpKpSUHGZpT3krDL;Positivo;Neutro;Positivo;Positivo;Positivo
rhwLCJz5kmY;ALIMENTAÇÃO SAUDÁVEL: Porque devemos comer frutas e vegetais? ♻️🌏 Playlist Sustentabilidade;"""as vitaminas de cada alimento são importantes para dar sustent""";Meio;https://youtu.be/rhwLCJz5kmY?si=MpKpSUHGZpT3krDL;Positivo;Positivo;Neutro;Positivo;Positivo
rhwLCJz5kmY;ALIMENTAÇÃO SAUDÁVEL: Porque devemos comer frutas e vegetais? ♻️🌏 Playlist Sustentabilidade;"""cores da natureza vitaminas Com certeza rimor meninos""";Fim;https://youtu.be/rhwLCJz5kmY?si=MpKpSUHGZpT3krDL;Positivo;Positivo;Positivo;Positivo;Positivo
rhwLCJz5kmY;ALIMENTAÇÃO SAUDÁVEL: Porque devemos comer frutas e vegetais? ♻️🌏 Playlist Sustentabilidade;"""uma refeição saudável Dev Dev ser muito muito colorida""";Fim;https://youtu.be/rhwLCJz5kmY?si=MpKpSUHGZpT3krDL;Positivo;Positivo;Positivo;Positivo;Positivo
rhwLCJz5kmY;ALIMENTAÇÃO SAUDÁVEL: Porque devemos comer frutas e vegetais? ♻️🌏 Playlist Sustentabilidade;"""come come comida come comida colorida come cada fruta raiz ou vegetal legume e folha mineral""";Fim;https://youtu.be/rhwLCJz5kmY?si=MpKpSUHGZpT3krDL;Positivo;Positivo;Positivo;Positivo;Positivo
rhwLCJz5kmY;ALIMENTAÇÃO SAUDÁVEL: Porque devemos comer frutas e vegetais? ♻️🌏 Playlist Sustentabilidade;"""Vocês estão prontos para começar a maratona já já vai começar hein pronto super pronto""";Fim;https://youtu.be/rhwLCJz5kmY?si=MpKpSUHGZpT3krDL;Positivo;Positivo;Positivo;Positivo;Positivo
rhwLCJz5kmY;ALIMENTAÇÃO SAUDÁVEL: Porque devemos comer frutas e vegetais? ♻️🌏 Playlist Sustentabilidade;"""Será que as pessoas correm mais rápido do que os animais tipo cachorros ou furões será que dá para correr mais rápido que um carro""";Fim;https://youtu.be/rhwLCJz5kmY?si=MpKpSUHGZpT3krDL;Positivo;Positivo;Positivo;Positivo;Negativo
WpOkQ7ayUxQ;Como a Água Vira Chuva - O Show da Luna! Episódio Completo 08 | Primeira Temporada | Kids;"""mas se vocês continuarem bebendo tanta água assim não vai sobrar nenhuma para virar chuva em virar chuva""";Início;https://youtu.be/WpOkQ7ayUxQ?si=4RYpjKD1hyayq_Q9;Neutro;Neutro;Neutro;Neutro;Neutro
WpOkQ7ayUxQ;Como a Água Vira Chuva - O Show da Luna! Episódio Completo 08 | Primeira Temporada | Kids;"""não entendi nada como algo que a gente dá devido à chuva""";Início;https://youtu.be/WpOkQ7ayUxQ?si=4RYpjKD1hyayq_Q9;Neutro;Neutro;Neutro;Neutro;Neutro
WpOkQ7ayUxQ;Como a Água Vira Chuva - O Show da Luna! Episódio Completo 08 | Primeira Temporada | Kids;"""será que agora a gente não bebe vira nuvem e mais protegeu chuva precisa de nuvem""";Início;https://youtu.be/WpOkQ7ayUxQ?si=4RYpjKD1hyayq_Q9;Neutro;Neutro;Neutro;Neutro;Neutro
WpOkQ7ayUxQ;Como a Água Vira Chuva - O Show da Luna! Episódio Completo 08 | Primeira Temporada | Kids;"""eu quero saber porque eu cato mesmo fora da janela quem não é a guerra assim eu quero saber""";Início;https://youtu.be/WpOkQ7ayUxQ?si=4RYpjKD1hyayq_Q9;Neutro;Neutro;Neutro;Neutro;Neutro
WpOkQ7ayUxQ;Como a Água Vira Chuva - O Show da Luna! Episódio Completo 08 | Primeira Temporada | Kids;"""a água cai lá do céu quando ela volta para lá""";Início;https://youtu.be/WpOkQ7ayUxQ?si=4RYpjKD1hyayq_Q9;Neutro;Neutro;Neutro;Neutro;Neutro
WpOkQ7ayUxQ;Como a Água Vira Chuva - O Show da Luna! Episódio Completo 08 | Primeira Temporada | Kids;"""a acciona alarme falso nada de chuva mas não vamos desistir ou é porque a chuva não veio""";Meio;https://youtu.be/WpOkQ7ayUxQ?si=4RYpjKD1hyayq_Q9;Negativo;Negativo;Negativo;Negativo;Neutro
WpOkQ7ayUxQ;Como a Água Vira Chuva - O Show da Luna! Episódio Completo 08 | Primeira Temporada | Kids;"""parece que a água do copo passos unindo então precisamos ver isso de perto""";Meio;https://youtu.be/WpOkQ7ayUxQ?si=4RYpjKD1hyayq_Q9;Neutro;Neutro;Neutro;Neutro;Neutro
WpOkQ7ayUxQ;Como a Água Vira Chuva - O Show da Luna! Episódio Completo 08 | Primeira Temporada | Kids;"""a gente vira nuvem e sei que meu primeiro água e paz gotículas subimos e agora a gente não vem""";Meio;https://youtu.be/WpOkQ7ayUxQ?si=4RYpjKD1hyayq_Q9;Neutro;Neutro;Neutro;Neutro;Neutro
WpOkQ7ayUxQ;Como a Água Vira Chuva - O Show da Luna! Episódio Completo 08 | Primeira Temporada | Kids;"""as gotinhas de balfour de falta nuvem às vezes a gente não vê quem vem o temos uma na outra e a chuva a cair""";Meio;https://youtu.be/WpOkQ7ayUxQ?si=4RYpjKD1hyayq_Q9;Neutro;Neutro;Neutro;Neutro;Negativo
WpOkQ7ayUxQ;Como a Água Vira Chuva - O Show da Luna! Episódio Completo 08 | Primeira Temporada | Kids;"""a gente quer descobrir como água vira fila""";Meio;https://youtu.be/WpOkQ7ayUxQ?si=4RYpjKD1hyayq_Q9;Neutro;Neutro;Neutro;Neutro;Neutro
WpOkQ7ayUxQ;Como a Água Vira Chuva - O Show da Luna! Episódio Completo 08 | Primeira Temporada | Kids;"""eu sou o sol que eu faço a água evaporar parece que ela desaparece mas só esquenta a frutinha que futuro para o céu e subindo para o céu""";Fim;https://youtu.be/WpOkQ7ayUxQ?si=4RYpjKD1hyayq_Q9;Neutro;Neutro;Neutro;Neutro;Positivo
WpOkQ7ayUxQ;Como a Água Vira Chuva - O Show da Luna! Episódio Completo 08 | Primeira Temporada | Kids;"""a companhia nasce mas que nada chove chuva""";Fim;https://youtu.be/WpOkQ7ayUxQ?si=4RYpjKD1hyayq_Q9;Neutro;Neutro;Neutro;Neutro;Positivo
WpOkQ7ayUxQ;Como a Água Vira Chuva - O Show da Luna! Episódio Completo 08 | Primeira Temporada | Kids;"""parabéns eu sol eu sei que você é bem quente mas agora é melhor se secar""";Fim;https://youtu.be/WpOkQ7ayUxQ?si=4RYpjKD1hyayq_Q9;Neutro;Neutro;Negativo;Neutro;Neutro
WpOkQ7ayUxQ;Como a Água Vira Chuva - O Show da Luna! Episódio Completo 08 | Primeira Temporada | Kids;"""Será que a gente pode guardar água pra nunca faltar""";Fim;https://youtu.be/WpOkQ7ayUxQ?si=4RYpjKD1hyayq_Q9;Neutro;Positivo;Neutro;Neutro;Neutro
WpOkQ7ayUxQ;Como a Água Vira Chuva - O Show da Luna! Episódio Completo 08 | Primeira Temporada | Kids;"""tudo que a pergunta lula fará porque a lusa assim o carro aquela cabeça e puxa a gente perde tem que ser a que este doente""";Fim;https://youtu.be/WpOkQ7ayUxQ?si=4RYpjKD1hyayq_Q9;Neutro;Negativo;Neutro;Neutro;Neutro
HCC2fxD4Uq0;EXISTE VIDA EM MARTE? - Episódio Completo l O Show da Luna!;"""eu sou Júpiter do planeta Júpiter eu sou a Luna e esse aqui no meio o Sol""";Início;https://youtu.be/HCC2fxD4Uq0?si=c6fg1hOOMuGdnBJE;Positivo;Positivo;Positivo;Positivo;Positivo
HCC2fxD4Uq0;EXISTE VIDA EM MARTE? - Episódio Completo l O Show da Luna!;"""fala que o sol não é um planeta Júpiter e lá deve ser muito quente com certeza""";Início;https://youtu.be/HCC2fxD4Uq0?si=c6fg1hOOMuGdnBJE;Positivo;Positivo;Positivo;Neutro;Positivo
HCC2fxD4Uq0;EXISTE VIDA EM MARTE? - Episódio Completo l O Show da Luna!;"""porque aonde tem água tem vida e se existe vida é porque dá para morar lá""";Início;https://youtu.be/HCC2fxD4Uq0?si=c6fg1hOOMuGdnBJE;Positivo;Positivo;Neutro;Positivo;Positivo
HCC2fxD4Uq0;EXISTE VIDA EM MARTE? - Episódio Completo l O Show da Luna!;"""E agora como a gente vai fazer para descobrir se tem água em Marte observando Marte bem de pertinho""";Início;https://youtu.be/HCC2fxD4Uq0?si=c6fg1hOOMuGdnBJE;Positivo;Positivo;Positivo;Positivo;Positivo
HCC2fxD4Uq0;EXISTE VIDA EM MARTE? - Episódio Completo l O Show da Luna!;"""essas manchas em Marte São de água Será que são Rios ou será que é um mar""";Início;https://youtu.be/HCC2fxD4Uq0?si=c6fg1hOOMuGdnBJE;Positivo;Positivo;Positivo;Positivo;Neutro
HCC2fxD4Uq0;EXISTE VIDA EM MARTE? - Episódio Completo l O Show da Luna!;"""a nossa missão é descobrir se é quem nasce sem água tá congelando a temperatura de menos 140 graus centígrados na frio""";Meio;https://youtu.be/HCC2fxD4Uq0?si=c6fg1hOOMuGdnBJE;Positivo;Positivo;Positivo;Positivo;Negativo
HCC2fxD4Uq0;EXISTE VIDA EM MARTE? - Episódio Completo l O Show da Luna!;"""a água deve estar congelada como os lagos no inverno de água congelada em Marte oba seria legal ter uma casa de praia aqui""";Meio;https://youtu.be/HCC2fxD4Uq0?si=c6fg1hOOMuGdnBJE;Positivo;Positivo;Positivo;Positivo;Positivo
HCC2fxD4Uq0;EXISTE VIDA EM MARTE? - Episódio Completo l O Show da Luna!;"""a vida em marte Seria bem diferente para começar nada quente em vez de Caminha tutuar""";Meio;https://youtu.be/HCC2fxD4Uq0?si=c6fg1hOOMuGdnBJE;Positivo;Positivo;Positivo;Positivo;Positivo
HCC2fxD4Uq0;EXISTE VIDA EM MARTE? - Episódio Completo l O Show da Luna!;"""explorar uma tia missão espacial passear em Marte pode ser muito legal""";Meio;https://youtu.be/HCC2fxD4Uq0?si=c6fg1hOOMuGdnBJE;Positivo;Positivo;Positivo;Positivo;Positivo
HCC2fxD4Uq0;EXISTE VIDA EM MARTE? - Episódio Completo l O Show da Luna!;"""eu vou contar para vocês como é a vida em Marte""";Meio;https://youtu.be/HCC2fxD4Uq0?si=c6fg1hOOMuGdnBJE;Positivo;Positivo;Positivo;Positivo;Positivo
HCC2fxD4Uq0;EXISTE VIDA EM MARTE? - Episódio Completo l O Show da Luna!;"""martelo obrigado minha barriga tá roncando Eu acho que eu tô com fome vou preparar um lanche para gente de novo""";Fim;https://youtu.be/HCC2fxD4Uq0?si=c6fg1hOOMuGdnBJE;Positivo;Positivo;Positivo;Positivo;Positivo
HCC2fxD4Uq0;EXISTE VIDA EM MARTE? - Episódio Completo l O Show da Luna!;"""Será que outra parte do corpo também ronca e a barriga do Cláudio""";Fim;https://youtu.be/HCC2fxD4Uq0?si=c6fg1hOOMuGdnBJE;Positivo;Positivo;Positivo;Positivo;Positivo
HCC2fxD4Uq0;EXISTE VIDA EM MARTE? - Episódio Completo l O Show da Luna!;"""São Tantas perguntas""";Fim;https://youtu.be/HCC2fxD4Uq0?si=c6fg1hOOMuGdnBJE;Positivo;Positivo;Positivo;Positivo;Positivo
HCC2fxD4Uq0;EXISTE VIDA EM MARTE? - Episódio Completo l O Show da Luna!;"""Muito bom Show sobre martelo""";Fim;https://youtu.be/HCC2fxD4Uq0?si=c6fg1hOOMuGdnBJE;Positivo;Positivo;Positivo;Positivo;Positivo
HCC2fxD4Uq0;EXISTE VIDA EM MARTE? - Episódio Completo l O Show da Luna!;"""minha barriga tá roncando Eu acho que eu tô com fome""";Fim;https://youtu.be/HCC2fxD4Uq0?si=c6fg1hOOMuGdnBJE;Positivo;Positivo;Positivo;Positivo;Positivo
4zSsZNVakzk;O QUE SÃO ALAVANCAS E POLIAS? - Episódio Completo l O Show da Luna!;"""Esse é o show da Luna Luna Esse é o show da Luna tudo que a pergunta Luna faz...""";Início;https://youtu.be/4zSsZNVakzk?si=JoNm1mwBEIDI1lFk;Positivo;Positivo;Positivo;Positivo;Positivo
4zSsZNVakzk;O QUE SÃO ALAVANCAS E POLIAS? - Episódio Completo l O Show da Luna!;"""a gangorra é uma alavanca alavanca vovô""";Início;https://youtu.be/4zSsZNVakzk?si=JoNm1mwBEIDI1lFk;Positivo;Positivo;Positivo;Positivo;Positivo
4zSsZNVakzk;O QUE SÃO ALAVANCAS E POLIAS? - Episódio Completo l O Show da Luna!;"""essa caixa está bem pesada assim claro vamos em frente""";Início;https://youtu.be/4zSsZNVakzk?si=JoNm1mwBEIDI1lFk;Positivo;Positivo;Positivo;Positivo;Negativo
4zSsZNVakzk;O QUE SÃO ALAVANCAS E POLIAS? - Episódio Completo l O Show da Luna!;"""Nossa olha a caixa gigante que eu vou botar levantando sozinho""";Início;https://youtu.be/4zSsZNVakzk?si=JoNm1mwBEIDI1lFk;Positivo;Positivo;Positivo;Positivo;Neutro
4zSsZNVakzk;O QUE SÃO ALAVANCAS E POLIAS? - Episódio Completo l O Show da Luna!;"""o vovô consegue puxar a caixa sozinho por causa das folias Golias polias""";Início;https://youtu.be/4zSsZNVakzk?si=JoNm1mwBEIDI1lFk;Positivo;Positivo;Positivo;Positivo;Positivo
4zSsZNVakzk;O QUE SÃO ALAVANCAS E POLIAS? - Episódio Completo l O Show da Luna!;"""vamos começar primeiro eu vou tentar levantar a caixa sem nada dentro parece bem leve""";Meio;https://youtu.be/4zSsZNVakzk?si=JoNm1mwBEIDI1lFk;Positivo;Neutro;Positivo;Positivo;Positivo
4zSsZNVakzk;O QUE SÃO ALAVANCAS E POLIAS? - Episódio Completo l O Show da Luna!;"""agora a caixa ficou bem pesada a gente não vai conseguir tirar ela daí agora ela vai ter que ficar aí para sempre""";Meio;https://youtu.be/4zSsZNVakzk?si=JoNm1mwBEIDI1lFk;Positivo;Positivo;Positivo;Positivo;Positivo
4zSsZNVakzk;O QUE SÃO ALAVANCAS E POLIAS? - Episódio Completo l O Show da Luna!;"""olha só polias e coisas que o vovô estava usando para na caixa da surpresa""";Meio;https://youtu.be/4zSsZNVakzk?si=JoNm1mwBEIDI1lFk;Positivo;Positivo;Positivo;Positivo;Positivo
4zSsZNVakzk;O QUE SÃO ALAVANCAS E POLIAS? - Episódio Completo l O Show da Luna!;"""uau essa foi fácil Luna A casa ficou bem leve agora""";Meio;https://youtu.be/4zSsZNVakzk?si=JoNm1mwBEIDI1lFk;Positivo;Positivo;Positivo;Positivo;Negativo
4zSsZNVakzk;O QUE SÃO ALAVANCAS E POLIAS? - Episódio Completo l O Show da Luna!;"""vamos fazer de conta que a gente era polia e alavanca e descobrir como elas aumentam a nossa força""";Meio;https://youtu.be/4zSsZNVakzk?si=JoNm1mwBEIDI1lFk;Positivo;Positivo;Neutro;Positivo;Positivo
4zSsZNVakzk;O QUE SÃO ALAVANCAS E POLIAS? - Episódio Completo l O Show da Luna!;"""Martelo Prateado martelo Prateado salvo o dia ninguém fica chateado""";Fim;https://youtu.be/4zSsZNVakzk?si=JoNm1mwBEIDI1lFk;Positivo;Positivo;Positivo;Positivo;Positivo
4zSsZNVakzk;O QUE SÃO ALAVANCAS E POLIAS? - Episódio Completo l O Show da Luna!;"""Esse é um trabalho para a liga das alavancas ela é a menina polia""";Fim;https://youtu.be/4zSsZNVakzk?si=JoNm1mwBEIDI1lFk;Positivo;Positivo;Positivo;Positivo;Positivo
4zSsZNVakzk;O QUE SÃO ALAVANCAS E POLIAS? - Episódio Completo l O Show da Luna!;"""menina polia transfere a força em energia menina polia menina polia seu poder é uma maravilha""";Fim;https://youtu.be/4zSsZNVakzk?si=JoNm1mwBEIDI1lFk;Positivo;Positivo;Positivo;Positivo;Positivo
4zSsZNVakzk;O QUE SÃO ALAVANCAS E POLIAS? - Episódio Completo l O Show da Luna!;"""Capacete surpresa que vai levar vocês daqui até perto do lago super rápido""";Fim;https://youtu.be/4zSsZNVakzk?si=JoNm1mwBEIDI1lFk;Positivo;Positivo;Positivo;Positivo;Positivo
4zSsZNVakzk;O QUE SÃO ALAVANCAS E POLIAS? - Episódio Completo l O Show da Luna!;"""Olha só quantas vem aqui quantos tipos de árvores existem no mundo""";Fim;https://youtu.be/4zSsZNVakzk?si=JoNm1mwBEIDI1lFk;Positivo;Positivo;Positivo;Positivo;Positivo
WpkCXc5TNnc;O QUE É O ARCO-ÍRIS 🌈 Episódio Completo l O Show da Luna!;"""pingo na minha cabeça mas Está sol ai G1 e foi chuva ao mesmo tempo""";Início;https://youtu.be/WpkCXc5TNnc?si=THmlcoiLEFWjg8mg;Positivo;Positivo;Positivo;Positivo;Negativo
WpkCXc5TNnc;O QUE É O ARCO-ÍRIS 🌈 Episódio Completo l O Show da Luna!;"""logo mais vamos poder ver o arco-íris o arco-íris vem aqui em casa hoje""";Início;https://youtu.be/WpkCXc5TNnc?si=THmlcoiLEFWjg8mg;Positivo;Positivo;Positivo;Positivo;Positivo
WpkCXc5TNnc;O QUE É O ARCO-ÍRIS 🌈 Episódio Completo l O Show da Luna!;"""eu vou tentar pegar o amarelo Será que precisamos de uma sacola maior""";Início;https://youtu.be/WpkCXc5TNnc?si=THmlcoiLEFWjg8mg;Positivo;Positivo;Positivo;Positivo;Positivo
WpkCXc5TNnc;O QUE É O ARCO-ÍRIS 🌈 Episódio Completo l O Show da Luna!;"""acho que não dá para pegar o arco-íris ele fica no céu e o céu é muito alto muito longe""";Início;https://youtu.be/WpkCXc5TNnc?si=THmlcoiLEFWjg8mg;Positivo;Positivo;Positivo;Positivo;Positivo
WpkCXc5TNnc;O QUE É O ARCO-ÍRIS 🌈 Episódio Completo l O Show da Luna!;"""Quem colocou o arco-íris no céu a chuva e o sol mas o que ele é""";Início;https://youtu.be/WpkCXc5TNnc?si=THmlcoiLEFWjg8mg;Positivo;Positivo;Positivo;Positivo;Positivo
WpkCXc5TNnc;O QUE É O ARCO-ÍRIS 🌈 Episódio Completo l O Show da Luna!;"""eu quero saber porque o gato mia Verde por fora vermelha por dentro é a melancia""";Meio;https://youtu.be/WpkCXc5TNnc?si=THmlcoiLEFWjg8mg;Positivo;Positivo;Positivo;Positivo;Positivo
WpkCXc5TNnc;O QUE É O ARCO-ÍRIS 🌈 Episódio Completo l O Show da Luna!;"""vamos fazer o nosso próprio arco-íris dá para fazer arco íris Aham ok pode ligar Júpiter""";Meio;https://youtu.be/WpkCXc5TNnc?si=THmlcoiLEFWjg8mg;Positivo;Positivo;Positivo;Positivo;Positivo
WpkCXc5TNnc;O QUE É O ARCO-ÍRIS 🌈 Episódio Completo l O Show da Luna!;"""arco-íris feito de gotinhas de água parece um chuveiro de gotinhas coloridas""";Meio;https://youtu.be/WpkCXc5TNnc?si=THmlcoiLEFWjg8mg;Positivo;Positivo;Positivo;Positivo;Positivo
WpkCXc5TNnc;O QUE É O ARCO-ÍRIS 🌈 Episódio Completo l O Show da Luna!;"""as gotinhas de formatura com isso o lago tinha como assim são vocês que formam um arco-íris""";Meio;https://youtu.be/WpkCXc5TNnc?si=THmlcoiLEFWjg8mg;Positivo;Positivo;Positivo;Positivo;Positivo
WpkCXc5TNnc;O QUE É O ARCO-ÍRIS 🌈 Episódio Completo l O Show da Luna!;"""o raio de luz do sol por favor essas gotinhas e formas cores e é isso medo por isso que tem que chover antes""";Meio;https://youtu.be/WpkCXc5TNnc?si=THmlcoiLEFWjg8mg;Positivo;Positivo;Positivo;Positivo;Positivo
WpkCXc5TNnc;O QUE É O ARCO-ÍRIS 🌈 Episódio Completo l O Show da Luna!;"""esse foi o banho mais legal de todos Júpiter""";Fim;https://youtu.be/WpkCXc5TNnc?si=THmlcoiLEFWjg8mg;Positivo;Positivo;Positivo;Positivo;Positivo
WpkCXc5TNnc;O QUE É O ARCO-ÍRIS 🌈 Episódio Completo l O Show da Luna!;"""vermelho laranja amarelo verde azul anil e Violeta com essas cores um arco-íris CCB hino planetas""";Fim;https://youtu.be/WpkCXc5TNnc?si=THmlcoiLEFWjg8mg;Positivo;Positivo;Positivo;Positivo;Positivo
WpkCXc5TNnc;O QUE É O ARCO-ÍRIS 🌈 Episódio Completo l O Show da Luna!;"""o som do telefone é tão legal Tom quantas músicas você acha que existem no mundo inteiro será""";Fim;https://youtu.be/WpkCXc5TNnc?si=THmlcoiLEFWjg8mg;Positivo;Neutro;Positivo;Positivo;Positivo
WpkCXc5TNnc;O QUE É O ARCO-ÍRIS 🌈 Episódio Completo l O Show da Luna!;"""Será que os animais gostam de música e as plantas será São Tantas perguntas""";Fim;https://youtu.be/WpkCXc5TNnc?si=THmlcoiLEFWjg8mg;Positivo;Neutro;Positivo;Positivo;Positivo
WpkCXc5TNnc;O QUE É O ARCO-ÍRIS 🌈 Episódio Completo l O Show da Luna!;"""eu decidi não querer um Oi gatinha Luna Por favor posso te perguntar de novo""";Fim;https://youtu.be/WpkCXc5TNnc?si=THmlcoiLEFWjg8mg;Positivo;Positivo;Positivo;Negativo;Positivo
pJgx8Bc-ZwY;O QUE É VIA LÁCTEA? - Episódio Completo l O Show da Luna!;"""aquela é a constelação macarrão à bolonhesa""";Início;https://youtu.be/pJgx8Bc-ZwY?si=qogJ2S2tz-f_rKJS;Positivo;Positivo;Positivo;Positivo;Positivo
pJgx8Bc-ZwY;O QUE É VIA LÁCTEA? - Episódio Completo l O Show da Luna!;"""não quer aquela coisa branca no céu eu nunca percebi antes parece que alguém derramou leite no céu""";Início;https://youtu.be/pJgx8Bc-ZwY?si=qogJ2S2tz-f_rKJS;Positivo;Positivo;Positivo;Positivo;Positivo
pJgx8Bc-ZwY;O QUE É VIA LÁCTEA? - Episódio Completo l O Show da Luna!;"""vai ver que foi aquele gato bagunceiro""";Início;https://youtu.be/pJgx8Bc-ZwY?si=qogJ2S2tz-f_rKJS;Positivo;Positivo;Positivo;Positivo;Positivo
pJgx8Bc-ZwY;O QUE É VIA LÁCTEA? - Episódio Completo l O Show da Luna!;"""o que será que é o que tá acontecendo aqui eu quero saber eu quero muito saber""";Início;https://youtu.be/pJgx8Bc-ZwY?si=qogJ2S2tz-f_rKJS;Positivo;Positivo;Positivo;Positivo;Positivo
pJgx8Bc-ZwY;O QUE É VIA LÁCTEA? - Episódio Completo l O Show da Luna!;"""podemos ir na casa do galileu rapidinho a gente quer muito investigar uma coisa""";Início;https://youtu.be/pJgx8Bc-ZwY?si=qogJ2S2tz-f_rKJS;Positivo;Positivo;Positivo;Positivo;Positivo
pJgx8Bc-ZwY;O QUE É VIA LÁCTEA? - Episódio Completo l O Show da Luna!;"""eu acho que ninguém vai limpar uma coisa que tá tão longe daqui""";Meio;https://youtu.be/pJgx8Bc-ZwY?si=qogJ2S2tz-f_rKJS;Positivo;Positivo;Positivo;Positivo;Positivo
pJgx8Bc-ZwY;O QUE É VIA LÁCTEA? - Episódio Completo l O Show da Luna!;"""o céu está perfeito para ver a Via Láctea hoje eu estava olhando ela mais cedo""";Meio;https://youtu.be/pJgx8Bc-ZwY?si=qogJ2S2tz-f_rKJS;Positivo;Positivo;Negativo;Positivo;Positivo
pJgx8Bc-ZwY;O QUE É VIA LÁCTEA? - Episódio Completo l O Show da Luna!;"""eu só tô vendo estrelas muitas e muitas estrelas posso ver também""";Meio;https://youtu.be/pJgx8Bc-ZwY?si=qogJ2S2tz-f_rKJS;Positivo;Positivo;Positivo;Positivo;Positivo
pJgx8Bc-ZwY;O QUE É VIA LÁCTEA? - Episódio Completo l O Show da Luna!;"""Uau só que nessa foto a bagunça do leite está bem maior você viu olha só Quanto leite derramado tem aqui""";Meio;https://youtu.be/pJgx8Bc-ZwY?si=qogJ2S2tz-f_rKJS;Positivo;Positivo;Positivo;Positivo;Positivo
pJgx8Bc-ZwY;O QUE É VIA LÁCTEA? - Episódio Completo l O Show da Luna!;"""é uma galáxia uma galáxia quem falou isso a gente quem o que é uma galáxia""";Meio;https://youtu.be/pJgx8Bc-ZwY?si=qogJ2S2tz-f_rKJS;Positivo;Positivo;Positivo;Positivo;Positivo
pJgx8Bc-ZwY;O QUE É VIA LÁCTEA? - Episódio Completo l O Show da Luna!;"""a nossa galáxia tem outras coisas também como planetas e eu não sou planeta a terra legal""";Fim;https://youtu.be/pJgx8Bc-ZwY?si=qogJ2S2tz-f_rKJS;Positivo;Positivo;Positivo;Positivo;Neutro
pJgx8Bc-ZwY;O QUE É VIA LÁCTEA? - Episódio Completo l O Show da Luna!;"""a Via Láctea ela é muito larga e comprida com pedras planetas estrelas ela está preenchida""";Fim;https://youtu.be/pJgx8Bc-ZwY?si=qogJ2S2tz-f_rKJS;Positivo;Positivo;Positivo;Positivo;Positivo
pJgx8Bc-ZwY;O QUE É VIA LÁCTEA? - Episódio Completo l O Show da Luna!;"""o espaço é bem maior que você imagina Pode crer meu bem a Via Láctea não é uma única galáxia""";Fim;https://youtu.be/pJgx8Bc-ZwY?si=qogJ2S2tz-f_rKJS;Positivo;Neutro;Positivo;Positivo;Positivo
pJgx8Bc-ZwY;O QUE É VIA LÁCTEA? - Episódio Completo l O Show da Luna!;"""senhoras e senhores Galáxia o melhor show de todas as galáxias""";Fim;https://youtu.be/pJgx8Bc-ZwY?si=qogJ2S2tz-f_rKJS;Positivo;Positivo;Positivo;Positivo;Positivo
pJgx8Bc-ZwY;O QUE É VIA LÁCTEA? - Episódio Completo l O Show da Luna!;"""parece que tá na hora de cortar suas unhas Cláudio Porque será que elas crescem e para que servem as unhas Afinal""";Fim;https://youtu.be/pJgx8Bc-ZwY?si=qogJ2S2tz-f_rKJS;Positivo;Positivo;Positivo;Positivo;Positivo
phL2MQqPgwI;O que houve com a couve? 🥬🥗🥬🫒🧂 - O Show da Luna! Episódio Completo 06 | Primeira Temporada | Kids;"""Obrigado a cloud é melhor passar mais protetor e só está muito quente""";Início;https://youtu.be/phL2MQqPgwI?si=C7B6rju37t4Gu9cI;Neutro;Positivo;Neutro;Neutro;Neutro
phL2MQqPgwI;O que houve com a couve? 🥬🥗🥬🫒🧂 - O Show da Luna! Episódio Completo 06 | Primeira Temporada | Kids;"""almoço pai tem arroz lentilha torta de queijo e também couve refogada com a fama de bicho""";Início;https://youtu.be/phL2MQqPgwI?si=C7B6rju37t4Gu9cI;Neutro;Neutro;Neutro;Neutro;Positivo
phL2MQqPgwI;O que houve com a couve? 🥬🥗🥬🫒🧂 - O Show da Luna! Episódio Completo 06 | Primeira Temporada | Kids;"""eu vou querer comer só bão Claro Cláudio aqui um pouco de água para você""";Início;https://youtu.be/phL2MQqPgwI?si=C7B6rju37t4Gu9cI;Neutro;Neutro;Neutro;Neutro;Neutro
phL2MQqPgwI;O que houve com a couve? 🥬🥗🥬🫒🧂 - O Show da Luna! Episódio Completo 06 | Primeira Temporada | Kids;"""o resto suminho sul do rio vocês viram quanta corri o pai pegou""";Início;https://youtu.be/phL2MQqPgwI?si=C7B6rju37t4Gu9cI;Neutro;Neutro;Positivo;Neutro;Neutro
phL2MQqPgwI;O que houve com a couve? 🥬🥗🥬🫒🧂 - O Show da Luna! Episódio Completo 06 | Primeira Temporada | Kids;"""parece que ela assumiu volta o papai 2 alguma coisa para ela escolher será o que houve com a couve""";Início;https://youtu.be/phL2MQqPgwI?si=C7B6rju37t4Gu9cI;Neutro;Neutro;Neutro;Neutro;Neutro
phL2MQqPgwI;O que houve com a couve? 🥬🥗🥬🫒🧂 - O Show da Luna! Episódio Completo 06 | Primeira Temporada | Kids;"""eu acho que a ser mais divertido e vocês me ajudarem a fazer um boa tarde""";Meio;https://youtu.be/phL2MQqPgwI?si=C7B6rju37t4Gu9cI;Neutro;Neutro;Neutro;Positivo;Neutro
phL2MQqPgwI;O que houve com a couve? 🥬🥗🥬🫒🧂 - O Show da Luna! Episódio Completo 06 | Primeira Temporada | Kids;"""e agora como vão descobrir para onde foi a couve não podemos ficar perto dela mesma panela""";Meio;https://youtu.be/phL2MQqPgwI?si=C7B6rju37t4Gu9cI;Neutro;Neutro;Neutro;Neutro;Neutro
phL2MQqPgwI;O que houve com a couve? 🥬🥗🥬🫒🧂 - O Show da Luna! Episódio Completo 06 | Primeira Temporada | Kids;"""uau queijo sal azeite e pimenta inteiro da cozinha do papai ser graves nos temperos""";Meio;https://youtu.be/phL2MQqPgwI?si=C7B6rju37t4Gu9cI;Neutro;Neutro;Neutro;Neutro;Neutro
phL2MQqPgwI;O que houve com a couve? 🥬🥗🥬🫒🧂 - O Show da Luna! Episódio Completo 06 | Primeira Temporada | Kids;"""vamos colocar a nossa comités dentro da panelinha quem deixar aqui no nosso lugar ao natural""";Meio;https://youtu.be/phL2MQqPgwI?si=C7B6rju37t4Gu9cI;Neutro;Neutro;Neutro;Neutro;Positivo
phL2MQqPgwI;O que houve com a couve? 🥬🥗🥬🫒🧂 - O Show da Luna! Episódio Completo 06 | Primeira Temporada | Kids;"""será que a gente era o tempero e descobrir quem é o qual mágico que faz as coisas umirim é legal""";Meio;https://youtu.be/phL2MQqPgwI?si=C7B6rju37t4Gu9cI;Neutro;Neutro;Neutro;Neutro;Neutro
phL2MQqPgwI;O que houve com a couve? 🥬🥗🥬🫒🧂 - O Show da Luna! Episódio Completo 06 | Primeira Temporada | Kids;"""as couves não desaparecem ela simulação porque só aquelas luxo por causa da reserva de água""";Fim;https://youtu.be/phL2MQqPgwI?si=C7B6rju37t4Gu9cI;Neutro;Neutro;Neutro;Neutro;Neutro
phL2MQqPgwI;O que houve com a couve? 🥬🥗🥬🫒🧂 - O Show da Luna! Episódio Completo 06 | Primeira Temporada | Kids;"""tudo que é vivo precisa de água para sobreviver""";Fim;https://youtu.be/phL2MQqPgwI?si=C7B6rju37t4Gu9cI;Neutro;Neutro;Neutro;Neutro;Neutro
phL2MQqPgwI;O que houve com a couve? 🥬🥗🥬🫒🧂 - O Show da Luna! Episódio Completo 06 | Primeira Temporada | Kids;"""quando as folhas das couves ou perdem água e quando perdem água mas no chão por isso que parece que ela assumiu""";Fim;https://youtu.be/phL2MQqPgwI?si=C7B6rju37t4Gu9cI;Neutro;Neutro;Neutro;Neutro;Neutro
phL2MQqPgwI;O que houve com a couve? 🥬🥗🥬🫒🧂 - O Show da Luna! Episódio Completo 06 | Primeira Temporada | Kids;"""o almoço está pronto para atacar é chamado pra voce a criança ainda está na mesa""";Fim;https://youtu.be/phL2MQqPgwI?si=C7B6rju37t4Gu9cI;Neutro;Neutro;Neutro;Negativo;Neutro
phL2MQqPgwI;O que houve com a couve? 🥬🥗🥬🫒🧂 - O Show da Luna! Episódio Completo 06 | Primeira Temporada | Kids;"""esquecendo a panelinha jorginho ainda porque será que não cozinha ou não ficou claro que tem produção""";Fim;https://youtu.be/phL2MQqPgwI?si=C7B6rju37t4Gu9cI;Neutro;Neutro;Neutro;Neutro;Neutro
wM7-dUDvuUI;POR QUE O ESPELHO EMBAÇA? 💨 Episódio Completo l O Show da Luna!;"""Espelho Espelho Meu anjo E aí E aí Oi tio cadê o sol""";Início;https://youtu.be/wM7-dUDvuUI?si=d85gT3TvoTKDQXdf;Positivo;Positivo;Positivo;Positivo;Positivo
wM7-dUDvuUI;POR QUE O ESPELHO EMBAÇA? 💨 Episódio Completo l O Show da Luna!;"""porque ficou tudo embaçado a Oba também quero desenhar""";Início;https://youtu.be/wM7-dUDvuUI?si=d85gT3TvoTKDQXdf;Positivo;Positivo;Positivo;Positivo;Positivo
wM7-dUDvuUI;POR QUE O ESPELHO EMBAÇA? 💨 Episódio Completo l O Show da Luna!;"""existe alguém mais mais mais embaçado do que eu o que será que isso é""";Início;https://youtu.be/wM7-dUDvuUI?si=d85gT3TvoTKDQXdf;Positivo;Positivo;Positivo;Neutro;Positivo
wM7-dUDvuUI;POR QUE O ESPELHO EMBAÇA? 💨 Episódio Completo l O Show da Luna!;"""seu desenho foi única coisa que não embaçou no espelho legal legal desenhar com sabão""";Início;https://youtu.be/wM7-dUDvuUI?si=d85gT3TvoTKDQXdf;Positivo;Positivo;Positivo;Positivo;Positivo
wM7-dUDvuUI;POR QUE O ESPELHO EMBAÇA? 💨 Episódio Completo l O Show da Luna!;"""Vamos brincar de fazer mais desenhos Luna a gente o desenho depois antes temos um experimento""";Início;https://youtu.be/wM7-dUDvuUI?si=d85gT3TvoTKDQXdf;Positivo;Positivo;Positivo;Positivo;Positivo
wM7-dUDvuUI;POR QUE O ESPELHO EMBAÇA? 💨 Episódio Completo l O Show da Luna!;"""a gente vai imitar o que acabou de acontecer no banheiro entendido""";Meio;https://youtu.be/wM7-dUDvuUI?si=d85gT3TvoTKDQXdf;Positivo;Positivo;Positivo;Positivo;Positivo
wM7-dUDvuUI;POR QUE O ESPELHO EMBAÇA? 💨 Episódio Completo l O Show da Luna!;"""vou passar sabão desse lado aqui do vidro e desse outro não""";Meio;https://youtu.be/wM7-dUDvuUI?si=d85gT3TvoTKDQXdf;Positivo;Positivo;Positivo;Positivo;Positivo
wM7-dUDvuUI;POR QUE O ESPELHO EMBAÇA? 💨 Episódio Completo l O Show da Luna!;"""o lado que a gente passou sabão não embaçou e o meu embaçou Precisamos descobrir porque""";Meio;https://youtu.be/wM7-dUDvuUI?si=d85gT3TvoTKDQXdf;Positivo;Positivo;Positivo;Positivo;Positivo
wM7-dUDvuUI;POR QUE O ESPELHO EMBAÇA? 💨 Episódio Completo l O Show da Luna!;"""engraçado e pelo jeito elas não gostam do espelho gelado gelado""";Meio;https://youtu.be/wM7-dUDvuUI?si=d85gT3TvoTKDQXdf;Positivo;Positivo;Positivo;Positivo;Positivo
wM7-dUDvuUI;POR QUE O ESPELHO EMBAÇA? 💨 Episódio Completo l O Show da Luna!;"""eu acho que esse espelho é meio maluco eu achei ele legal""";Meio;https://youtu.be/wM7-dUDvuUI?si=d85gT3TvoTKDQXdf;Positivo;Positivo;Positivo;Positivo;Positivo
wM7-dUDvuUI;POR QUE O ESPELHO EMBAÇA? 💨 Episódio Completo l O Show da Luna!;"""a nuvem quentinha encosta no espelho ela volta a ser água e olha quantos gotinhas""";Fim;https://youtu.be/wM7-dUDvuUI?si=d85gT3TvoTKDQXdf;Positivo;Positivo;Positivo;Positivo;Positivo
wM7-dUDvuUI;POR QUE O ESPELHO EMBAÇA? 💨 Episódio Completo l O Show da Luna!;"""então foi isso que aconteceu hoje de manhã no ônibus quem também no vidro da sala""";Fim;https://youtu.be/wM7-dUDvuUI?si=d85gT3TvoTKDQXdf;Positivo;Positivo;Positivo;Positivo;Positivo
wM7-dUDvuUI;POR QUE O ESPELHO EMBAÇA? 💨 Episódio Completo l O Show da Luna!;"""eu embaço elenco força eu faço a nossa Sofia mente rede você não pode o calor do ambiente escolhas""";Fim;https://youtu.be/wM7-dUDvuUI?si=d85gT3TvoTKDQXdf;Positivo;Positivo;Positivo;Positivo;Neutro
wM7-dUDvuUI;POR QUE O ESPELHO EMBAÇA? 💨 Episódio Completo l O Show da Luna!;"""Porque será que as bolhas estouram quando encostam na gente Será que dá para fazer uma bolinha que não estoure nunca""";Fim;https://youtu.be/wM7-dUDvuUI?si=d85gT3TvoTKDQXdf;Positivo;Positivo;Positivo;Positivo;Positivo
wM7-dUDvuUI;POR QUE O ESPELHO EMBAÇA? 💨 Episódio Completo l O Show da Luna!;"""Será que dá para fazer uma bolinha que não estoure nunca será São Tantas perguntas""";Fim;https://youtu.be/wM7-dUDvuUI?si=d85gT3TvoTKDQXdf;Positivo;Negativo;Positivo;Positivo;Positivo
e7SF0opk274;Quatro Luas para Luna 🌑🌒🌓🌕 - O Show da Luna! Episódio Completo 09 | Primeira Temporada | Kids;"""a lua é uma só mas ela muda muda guillot a estrela negativo júpiter""";Início;https://youtu.be/e7SF0opk274?list=TLGGBs-mrL2i4jIyMDA5MjAyNQ;Neutro;Neutro;Neutro;Neutro;Neutro
e7SF0opk274;Quatro Luas para Luna 🌑🌒🌓🌕 - O Show da Luna! Episódio Completo 09 | Primeira Temporada | Kids;"""o edson me disse que a lua tem quatro fases""";Início;https://youtu.be/e7SF0opk274?list=TLGGBs-mrL2i4jIyMDA5MjAyNQ;Neutro;Neutro;Neutro;Neutro;Neutro
e7SF0opk274;Quatro Luas para Luna 🌑🌒🌓🌕 - O Show da Luna! Episódio Completo 09 | Primeira Temporada | Kids;"""quem será que foram à lua que tem também uma luta e se esconde e ninguém vê""";Início;https://youtu.be/e7SF0opk274?list=TLGGBs-mrL2i4jIyMDA5MjAyNQ;Neutro;Neutro;Neutro;Neutro;Neutro
e7SF0opk274;Quatro Luas para Luna 🌑🌒🌓🌕 - O Show da Luna! Episódio Completo 09 | Primeira Temporada | Kids;"""não acredito eu não sei dizer porque esse é um desastre por uma cientista chamada aluna luna""";Início;https://youtu.be/e7SF0opk274?list=TLGGBs-mrL2i4jIyMDA5MjAyNQ;Neutro;Neutro;Negativo;Neutro;Neutro
e7SF0opk274;Quatro Luas para Luna 🌑🌒🌓🌕 - O Show da Luna! Episódio Completo 09 | Primeira Temporada | Kids;"""claro que você paga o inimigo júpiter o avisão levei leite de lua cheia""";Início;https://youtu.be/e7SF0opk274?list=TLGGBs-mrL2i4jIyMDA5MjAyNQ;Neutro;Neutro;Neutro;Neutro;Neutro
e7SF0opk274;Quatro Luas para Luna 🌑🌒🌓🌕 - O Show da Luna! Episódio Completo 09 | Primeira Temporada | Kids;"""nossa parece que ele quer disse cheio de buraco que a mama e colo com azeitona""";Meio;https://youtu.be/e7SF0opk274?list=TLGGBs-mrL2i4jIyMDA5MjAyNQ;Neutro;Neutro;Neutro;Neutro;Neutro
e7SF0opk274;Quatro Luas para Luna 🌑🌒🌓🌕 - O Show da Luna! Episódio Completo 09 | Primeira Temporada | Kids;"""eu quero saber pra que serve à lua eu tô porque eu quero sair""";Meio;https://youtu.be/e7SF0opk274?list=TLGGBs-mrL2i4jIyMDA5MjAyNQ;Neutro;Negativo;Neutro;Neutro;Neutro
e7SF0opk274;Quatro Luas para Luna 🌑🌒🌓🌕 - O Show da Luna! Episódio Completo 09 | Primeira Temporada | Kids;"""o experimento da caixa da bola e da lanterna o efeito do jeitinho que o edson ensinou""";Meio;https://youtu.be/e7SF0opk274?list=TLGGBs-mrL2i4jIyMDA5MjAyNQ;Neutro;Neutro;Neutro;Neutro;Neutro
e7SF0opk274;Quatro Luas para Luna 🌑🌒🌓🌕 - O Show da Luna! Episódio Completo 09 | Primeira Temporada | Kids;"""essa é a fase que a nota crescendo legal dilema da lua""";Meio;https://youtu.be/e7SF0opk274?list=TLGGBs-mrL2i4jIyMDA5MjAyNQ;Neutro;Neutro;Neutro;Positivo;Neutro
e7SF0opk274;Quatro Luas para Luna 🌑🌒🌓🌕 - O Show da Luna! Episódio Completo 09 | Primeira Temporada | Kids;"""o sol tá sempre brilhando mas pensando bem como sozinha a gente não vê""";Meio;https://youtu.be/e7SF0opk274?list=TLGGBs-mrL2i4jIyMDA5MjAyNQ;Neutro;Neutro;Neutro;Neutro;Neutro
e7SF0opk274;Quatro Luas para Luna 🌑🌒🌓🌕 - O Show da Luna! Episódio Completo 09 | Primeira Temporada | Kids;"""essa é a melhor experiência de cada maestro sol maior vingança à recente nova lua cheia""";Fim;https://youtu.be/e7SF0opk274?list=TLGGBs-mrL2i4jIyMDA5MjAyNQ;Neutro;Neutro;Neutro;Neutro;Neutro
e7SF0opk274;Quatro Luas para Luna 🌑🌒🌓🌕 - O Show da Luna! Episódio Completo 09 | Primeira Temporada | Kids;"""a lua é a mesma lua ela gira eu voltar da guerra ea cada dia a luz do sol ilumina de um jeito um pouco diferente""";Fim;https://youtu.be/e7SF0opk274?list=TLGGBs-mrL2i4jIyMDA5MjAyNQ;Neutro;Neutro;Neutro;Neutro;Neutro
e7SF0opk274;Quatro Luas para Luna 🌑🌒🌓🌕 - O Show da Luna! Episódio Completo 09 | Primeira Temporada | Kids;"""não tinha que falar só aguenta poró e você dem nem center""";Fim;https://youtu.be/e7SF0opk274?list=TLGGBs-mrL2i4jIyMDA5MjAyNQ;Neutro;Neutro;Neutro;Neutro;Neutro
e7SF0opk274;Quatro Luas para Luna 🌑🌒🌓🌕 - O Show da Luna! Episódio Completo 09 | Primeira Temporada | Kids;"""eu sou o sol e o cláudio marcos olga ó ceia linguagem que sentia na hora do rush""";Fim;https://youtu.be/e7SF0opk274?list=TLGGBs-mrL2i4jIyMDA5MjAyNQ;Neutro;Neutro;Neutro;Positivo;Neutro
e7SF0opk274;Quatro Luas para Luna 🌑🌒🌓🌕 - O Show da Luna! Episódio Completo 09 | Primeira Temporada | Kids;"""Será que existe uma língua de cachorros como será que eles se comunicam ai São Tantas pegou casa""";Fim;https://youtu.be/e7SF0opk274?list=TLGGBs-mrL2i4jIyMDA5MjAyNQ;Neutro;Neutro;Positivo;Neutro;Neutro
nnbCMqnvvy8;Sol vai, noite vem! 🌞🌛 | O Show da Luna! Episódio Completo 24 | Primeira Temporada | Kids | Infantil;"""esse tudo que a pergunta por que a luz acende cadê aquela cabeça porque a gente perde dentro""";Início;https://youtu.be/nnbCMqnvvy8?si=CvApOJxcpn_uat04;Neutro;Neutro;Neutro;Neutro;Neutro
nnbCMqnvvy8;Sol vai, noite vem! 🌞🌛 | O Show da Luna! Episódio Completo 24 | Primeira Temporada | Kids | Infantil;"""o sol desce desce e se esconde aí você chega bom e aonde o sol se esconde""";Início;https://youtu.be/nnbCMqnvvy8?si=CvApOJxcpn_uat04;Neutro;Neutro;Neutro;Neutro;Neutro
nnbCMqnvvy8;Sol vai, noite vem! 🌞🌛 | O Show da Luna! Episódio Completo 24 | Primeira Temporada | Kids | Infantil;"""eu quero saber para onde vai o sol quando a noite vem eu quero muito saber""";Início;https://youtu.be/nnbCMqnvvy8?si=CvApOJxcpn_uat04;Neutro;Neutro;Neutro;Neutro;Neutro
nnbCMqnvvy8;Sol vai, noite vem! 🌞🌛 | O Show da Luna! Episódio Completo 24 | Primeira Temporada | Kids | Infantil;"""o sol foi embora e nem falou com a gente e o dia virou noite""";Início;https://youtu.be/nnbCMqnvvy8?si=CvApOJxcpn_uat04;Neutro;Neutro;Neutro;Neutro;Neutro
nnbCMqnvvy8;Sol vai, noite vem! 🌞🌛 | O Show da Luna! Episódio Completo 24 | Primeira Temporada | Kids | Infantil;"""sol deve estar escondido aqui por perto é nem deu tempo de ele ir para longe""";Início;https://youtu.be/nnbCMqnvvy8?si=CvApOJxcpn_uat04;Neutro;Neutro;Neutro;Neutro;Neutro
nnbCMqnvvy8;Sol vai, noite vem! 🌞🌛 | O Show da Luna! Episódio Completo 24 | Primeira Temporada | Kids | Infantil;"""negativo júpiter o sol fica no céu disso eu tenho certeza se tiver alguma pista ela está lá em cima""";Meio;https://youtu.be/nnbCMqnvvy8?si=CvApOJxcpn_uat04;Neutro;Neutro;Neutro;Neutro;Neutro
nnbCMqnvvy8;Sol vai, noite vem! 🌞🌛 | O Show da Luna! Episódio Completo 24 | Primeira Temporada | Kids | Infantil;"""o vagalume acende e apaga será que o sol também apaga lunar""";Meio;https://youtu.be/nnbCMqnvvy8?si=CvApOJxcpn_uat04;Neutro;Neutro;Neutro;Neutro;Neutro
nnbCMqnvvy8;Sol vai, noite vem! 🌞🌛 | O Show da Luna! Episódio Completo 24 | Primeira Temporada | Kids | Infantil;"""a luz da lanterna na bola O que você vai fazer com a bola lunar um experimento""";Meio;https://youtu.be/nnbCMqnvvy8?si=CvApOJxcpn_uat04;Neutro;Neutro;Neutro;Neutro;Neutro
nnbCMqnvvy8;Sol vai, noite vem! 🌞🌛 | O Show da Luna! Episódio Completo 24 | Primeira Temporada | Kids | Infantil;"""você acendeu a lanterna e acendeu o seu lado da bola mas aqui do meu lado uma escura eu não entendi nada me explica""";Meio;https://youtu.be/nnbCMqnvvy8?si=CvApOJxcpn_uat04;Neutro;Neutro;Neutro;Neutro;Neutro
nnbCMqnvvy8;Sol vai, noite vem! 🌞🌛 | O Show da Luna! Episódio Completo 24 | Primeira Temporada | Kids | Infantil;"""será que um dos lados simplesmente fica na sombra inteira vamos descobrir""";Meio;https://youtu.be/nnbCMqnvvy8?si=CvApOJxcpn_uat04;Neutro;Neutro;Neutro;Neutro;Neutro
nnbCMqnvvy8;Sol vai, noite vem! 🌞🌛 | O Show da Luna! Episódio Completo 24 | Primeira Temporada | Kids | Infantil;"""a terra boa noite apresentar para vocês essa é a terra""";Fim;https://youtu.be/nnbCMqnvvy8?si=CvApOJxcpn_uat04;Neutro;Neutro;Neutro;Neutro;Neutro
nnbCMqnvvy8;Sol vai, noite vem! 🌞🌛 | O Show da Luna! Episódio Completo 24 | Primeira Temporada | Kids | Infantil;"""o sol ilumina um lado da terra de cada vez que nem no nosso experimento com a bola""";Fim;https://youtu.be/nnbCMqnvvy8?si=CvApOJxcpn_uat04;Neutro;Neutro;Neutro;Positivo;Neutro
nnbCMqnvvy8;Sol vai, noite vem! 🌞🌛 | O Show da Luna! Episódio Completo 24 | Primeira Temporada | Kids | Infantil;"""o sol não tem esconderijo ele nunca nem se messi é e olha tá girando igual a terra""";Fim;https://youtu.be/nnbCMqnvvy8?si=CvApOJxcpn_uat04;Neutro;Neutro;Neutro;Neutro;Neutro
nnbCMqnvvy8;Sol vai, noite vem! 🌞🌛 | O Show da Luna! Episódio Completo 24 | Primeira Temporada | Kids | Infantil;"""o nosso movimento é tão perfeito aqui vem cultura dó sua é mesmo a gente nem percebe que está girando""";Fim;https://youtu.be/nnbCMqnvvy8?si=CvApOJxcpn_uat04;Positivo;Positivo;Positivo;Positivo;Positivo
nnbCMqnvvy8;Sol vai, noite vem! 🌞🌛 | O Show da Luna! Episódio Completo 24 | Primeira Temporada | Kids | Infantil;"""Por que será que a gente tem sono todas as coisas dormem o plantas também dormem então tantas perguntas""";Fim;https://youtu.be/nnbCMqnvvy8?si=CvApOJxcpn_uat04;Neutro;Neutro;Neutro;Neutro;Neutro
TbYjwAnngOk;🌎 MOVIMENTO DE ROTAÇÃO DA TERRA 👩‍🏫 l Aprenda com Luna - O Show da Luna!;"""tudo que a pergunta Luna faz porque elas assim de cadeia estrela cadente porque a gente pede dente""";Início;https://youtu.be/TbYjwAnngOk?si=grHlMLjfo6leUET-;Neutro;Neutro;Neutro;Neutro;Neutro
TbYjwAnngOk;🌎 MOVIMENTO DE ROTAÇÃO DA TERRA 👩‍🏫 l Aprenda com Luna - O Show da Luna!;"""o sol desce desce e onde o sol se esconde eu não tenho ideia""";Início;https://youtu.be/TbYjwAnngOk?si=grHlMLjfo6leUET-;Neutro;Neutro;Neutro;Neutro;Neutro
TbYjwAnngOk;🌎 MOVIMENTO DE ROTAÇÃO DA TERRA 👩‍🏫 l Aprenda com Luna - O Show da Luna!;"""o som fica no céu disse eu tenho certeza se tiver alguma pista ela está lá em cima""";Início;https://youtu.be/TbYjwAnngOk?si=grHlMLjfo6leUET-;Neutro;Neutro;Neutro;Positivo;Neutro
TbYjwAnngOk;🌎 MOVIMENTO DE ROTAÇÃO DA TERRA 👩‍🏫 l Aprenda com Luna - O Show da Luna!;"""a luz da lanterna na bola O que você vai fazer com a bola Luna um experimento""";Meio;https://youtu.be/TbYjwAnngOk?si=grHlMLjfo6leUET-;Neutro;Neutro;Neutro;Neutro;Neutro
TbYjwAnngOk;🌎 MOVIMENTO DE ROTAÇÃO DA TERRA 👩‍🏫 l Aprenda com Luna - O Show da Luna!;"""você acendeu a lanterna e acender o seu lado da bola mas aqui do meu lado continua escura não entendi nada me explica""";Meio;https://youtu.be/TbYjwAnngOk?si=grHlMLjfo6leUET-;Neutro;Neutro;Neutro;Neutro;Neutro
TbYjwAnngOk;🌎 MOVIMENTO DE ROTAÇÃO DA TERRA 👩‍🏫 l Aprenda com Luna - O Show da Luna!;"""vamos fazer de conta que era foguete e a gente vai voar até o Espaço encontrar alguém que nos diga""";Meio;https://youtu.be/TbYjwAnngOk?si=grHlMLjfo6leUET-;Neutro;Neutro;Neutro;Neutro;Neutro
TbYjwAnngOk;🌎 MOVIMENTO DE ROTAÇÃO DA TERRA 👩‍🏫 l Aprenda com Luna - O Show da Luna!;"""eu escondido eu nunca me escondo estou sempre aqui aliás faz mais de 4 bilhões de anos que eu estou aqui""";Meio;https://youtu.be/TbYjwAnngOk?si=grHlMLjfo6leUET-;Neutro;Neutro;Neutro;Neutro;Neutro
TbYjwAnngOk;🌎 MOVIMENTO DE ROTAÇÃO DA TERRA 👩‍🏫 l Aprenda com Luna - O Show da Luna!;"""eu achando que eu só subir e descer imagina só não não imagina quem mexe aqui sou eu""";Meio;https://youtu.be/TbYjwAnngOk?si=grHlMLjfo6leUET-;Neutro;Neutro;Neutro;Neutro;Neutro
TbYjwAnngOk;🌎 MOVIMENTO DE ROTAÇÃO DA TERRA 👩‍🏫 l Aprenda com Luna - O Show da Luna!;"""o sol só ilumina um lado da terra de cada vez que nem no nosso experimento com a bola""";Fim;https://youtu.be/TbYjwAnngOk?si=grHlMLjfo6leUET-;Neutro;Neutro;Neutro;Neutro;Neutro
TbYjwAnngOk;🌎 MOVIMENTO DE ROTAÇÃO DA TERRA 👩‍🏫 l Aprenda com Luna - O Show da Luna!;"""a gente nem percebe que tá girando o seu giro é perfeito terra""";Fim;https://youtu.be/TbYjwAnngOk?si=grHlMLjfo6leUET-;Positivo;Positivo;Positivo;Positivo;Positivo
TbYjwAnngOk;🌎 MOVIMENTO DE ROTAÇÃO DA TERRA 👩‍🏫 l Aprenda com Luna - O Show da Luna!;"""o sol parabéns a gente vai mudando vai mudando de lugar""";Fim;https://youtu.be/TbYjwAnngOk?si=grHlMLjfo6leUET-;Positivo;Positivo;Positivo;Positivo;Positivo
TbYjwAnngOk;🌎 MOVIMENTO DE ROTAÇÃO DA TERRA 👩‍🏫 l Aprenda com Luna - O Show da Luna!;"""eu não sei se eu tô mais faminto ou cansado hein Júpiter""";Fim;https://youtu.be/TbYjwAnngOk?si=grHlMLjfo6leUET-;Neutro;Neutro;Neutro;Neutro;Neutro
TbYjwAnngOk;🌎 MOVIMENTO DE ROTAÇÃO DA TERRA 👩‍🏫 l Aprenda com Luna - O Show da Luna!;"""Por que será que a gente tem sono todas as coisas dormem será que as plantas também dormem São Tantas perguntas";Fim;https://youtu.be/TbYjwAnngOk?si=grHlMLjfo6leUET-;Neutro;Neutro;Neutro;Neutro;Neutro
s7jBY9zhDSg;🍉 DENSIDADE: AFUNDA OU FLUTUA? 👩‍🏫 l Aprenda com Luna - O Show da Luna!;"""afunda ou flutua legal perto do mar esse aí não é o mágico é um lago""";Início;https://youtu.be/s7jBY9zhDSg?si=qKmV1PsTW6qVOipg;Neutro;Neutro;Negativo;Neutro;Neutro
s7jBY9zhDSg;🍉 DENSIDADE: AFUNDA OU FLUTUA? 👩‍🏫 l Aprenda com Luna - O Show da Luna!;"""a minha laranja não afundou e a uva do Júpiter afundou Como pode uma coisa tão grande boiar e outra tão pequenininha afundar""";Início;https://youtu.be/s7jBY9zhDSg?si=qKmV1PsTW6qVOipg;Neutro;Positivo;Neutro;Neutro;Neutro
s7jBY9zhDSg;🍉 DENSIDADE: AFUNDA OU FLUTUA? 👩‍🏫 l Aprenda com Luna - O Show da Luna!;"""a uva é bem mais leve que a laranja Mas ela é mais leve que a laranja ela tinha que boiar e a laranja quer mais pesada tinha que afundar""";Início;https://youtu.be/s7jBY9zhDSg?si=qKmV1PsTW6qVOipg;Neutro;Neutro;Neutro;Neutro;Neutro
s7jBY9zhDSg;🍉 DENSIDADE: AFUNDA OU FLUTUA? 👩‍🏫 l Aprenda com Luna - O Show da Luna!;"""e uma laranjona uma flutua outra afunda Como pode isso eu tenho que descobrir""";Início;https://youtu.be/s7jBY9zhDSg?si=qKmV1PsTW6qVOipg;Neutro;Neutro;Neutro;Neutro;Neutro
s7jBY9zhDSg;🍉 DENSIDADE: AFUNDA OU FLUTUA? 👩‍🏫 l Aprenda com Luna - O Show da Luna!;"""já sei vamos fazer um experimento e descobrir o que flutua e o que afunda""";Início;https://youtu.be/s7jBY9zhDSg?si=qKmV1PsTW6qVOipg;Neutro;Neutro;Negativo;Neutro;Neutro
s7jBY9zhDSg;🍉 DENSIDADE: AFUNDA OU FLUTUA? 👩‍🏫 l Aprenda com Luna - O Show da Luna!;"""A melancia Aposto que essa vai afundar muito afundado será vai sim porque é redonda é grande e é verde também""";Meio;https://youtu.be/s7jBY9zhDSg?si=qKmV1PsTW6qVOipg;Neutro;Neutro;Neutro;Neutro;Neutro
s7jBY9zhDSg;🍉 DENSIDADE: AFUNDA OU FLUTUA? 👩‍🏫 l Aprenda com Luna - O Show da Luna!;"""a maçã a melancia e a laranja flutuam muito interessante""";Meio;https://youtu.be/s7jBY9zhDSg?si=qKmV1PsTW6qVOipg;Neutro;Neutro;Neutro;Neutro;Neutro
s7jBY9zhDSg;🍉 DENSIDADE: AFUNDA OU FLUTUA? 👩‍🏫 l Aprenda com Luna - O Show da Luna!;"""frutas pequenas afundam e as grandes bóiam será vamos perguntar para laranja ou para melancia""";Meio;https://youtu.be/s7jBY9zhDSg?si=qKmV1PsTW6qVOipg;Neutro;Neutro;Neutro;Neutro;Neutro
s7jBY9zhDSg;🍉 DENSIDADE: AFUNDA OU FLUTUA? 👩‍🏫 l Aprenda com Luna - O Show da Luna!;"""o que importa é a densidade e o que conta a densidade esse objeto for mais denso que a água não dá ele a bunda""";Meio;https://youtu.be/s7jBY9zhDSg?si=qKmV1PsTW6qVOipg;Neutro;Neutro;Neutro;Neutro;Neutro
s7jBY9zhDSg;🍉 DENSIDADE: AFUNDA OU FLUTUA? 👩‍🏫 l Aprenda com Luna - O Show da Luna!;"""o que importa é a densidade e o que conta a densidade""";Meio;https://youtu.be/s7jBY9zhDSg?si=qKmV1PsTW6qVOipg;Neutro;Neutro;Neutro;Neutro;Neutro
s7jBY9zhDSg;🍉 DENSIDADE: AFUNDA OU FLUTUA? 👩‍🏫 l Aprenda com Luna - O Show da Luna!;"""a laranja A maçã e a melancia flutuam porque elas têm menos densidade mas o que é a densidade""";Fim;https://youtu.be/s7jBY9zhDSg?si=qKmV1PsTW6qVOipg;Neutro;Neutro;Neutro;Neutro;Neutro
s7jBY9zhDSg;🍉 DENSIDADE: AFUNDA OU FLUTUA? 👩‍🏫 l Aprenda com Luna - O Show da Luna!;"""Porque nós temos bastante ar dentro da gente é o ar que nos faz flutuar""";Fim;https://youtu.be/s7jBY9zhDSg?si=qKmV1PsTW6qVOipg;Neutro;Neutro;Neutro;Neutro;Neutro
s7jBY9zhDSg;🍉 DENSIDADE: AFUNDA OU FLUTUA? 👩‍🏫 l Aprenda com Luna - O Show da Luna!;"""flutuar ou afundar depende da densidade nada a ver com peso ou tamanho e nem cor bem sabor""";Fim;https://youtu.be/s7jBY9zhDSg?si=qKmV1PsTW6qVOipg;Neutro;Neutro;Neutro;Neutro;Neutro
s7jBY9zhDSg;🍉 DENSIDADE: AFUNDA OU FLUTUA? 👩‍🏫 l Aprenda com Luna - O Show da Luna!;"""o submarino que flutua o que afunda agora eu vou explicar e para não ficar boiando é melhor me acompanhar""";Fim;https://youtu.be/s7jBY9zhDSg?si=qKmV1PsTW6qVOipg;Neutro;Neutro;Neutro;Neutro;Neutro
s7jBY9zhDSg;🍉 DENSIDADE: AFUNDA OU FLUTUA? 👩‍🏫 l Aprenda com Luna - O Show da Luna!;"""porque a gente soluça O que é um soluço um tempo uma pessoa pode soluçar minutos horas ai São Tantas perguntas""";Fim;https://youtu.be/s7jBY9zhDSg?si=qKmV1PsTW6qVOipg;Neutro;Neutro;Neutro;Neutro;Neutro
cMzyXjqARrs;🍞 PROCESSO DE FERMENTAÇÃO 👩‍🏫 l Aprenda com Luna - O Show da Luna!;"""o segredo para um pão doce Fofinho é apertar bem a massa apertar a massa""";Início;https://youtu.be/cMzyXjqARrs?si=TJY7h5ZqL37uuUTx;Positivo;Positivo;Positivo;Positivo;Positivo
cMzyXjqARrs;🍞 PROCESSO DE FERMENTAÇÃO 👩‍🏫 l Aprenda com Luna - O Show da Luna!;"""Que horas ela vai virar pão não é assim tão rápido acontece um monte de coisas com a massa antes dela virar pão""";Início;https://youtu.be/cMzyXjqARrs?si=TJY7h5ZqL37uuUTx;Positivo;Positivo;Positivo;Positivo;Positivo
cMzyXjqARrs;🍞 PROCESSO DE FERMENTAÇÃO 👩‍🏫 l Aprenda com Luna - O Show da Luna!;"""como essa massa mole e pequenininha pode virar um pão grande e fofinho""";Início;https://youtu.be/cMzyXjqARrs?si=TJY7h5ZqL37uuUTx;Positivo;Positivo;Positivo;Positivo;Positivo
cMzyXjqARrs;🍞 PROCESSO DE FERMENTAÇÃO 👩‍🏫 l Aprenda com Luna - O Show da Luna!;"""eu fui pedir para o Nilton ajudar com o nosso experimento tudo que temos que fazer Está Aqui Neste papel""";Início;https://youtu.be/cMzyXjqARrs?si=TJY7h5ZqL37uuUTx;Positivo;Positivo;Negativo;Positivo;Positivo
cMzyXjqARrs;🍞 PROCESSO DE FERMENTAÇÃO 👩‍🏫 l Aprenda com Luna - O Show da Luna!;"""fermento biológico fermento biológico não é como é mesmo biológico Júpiter""";Início;https://youtu.be/cMzyXjqARrs?si=TJY7h5ZqL37uuUTx;Positivo;Positivo;Positivo;Positivo;Positivo
cMzyXjqARrs;🍞 PROCESSO DE FERMENTAÇÃO 👩‍🏫 l Aprenda com Luna - O Show da Luna!;"""são as coisas que a gente misturou Júpiter não é incrível foi você Cláudio que alguma coisa soltou a dentro da garrafa";Meio;https://youtu.be/cMzyXjqARrs?si=TJY7h5ZqL37uuUTx;Positivo;Negativo;Positivo;Positivo;Positivo
cMzyXjqARrs;🍞 PROCESSO DE FERMENTAÇÃO 👩‍🏫 l Aprenda com Luna - O Show da Luna!;"""será que a gente vai ficar que nem eles isso é demais eu quero ficar fofinha como os pãezinhos""";Meio;https://youtu.be/cMzyXjqARrs?si=TJY7h5ZqL37uuUTx;Positivo;Positivo;Positivo;Positivo;Positivo
cMzyXjqARrs;🍞 PROCESSO DE FERMENTAÇÃO 👩‍🏫 l Aprenda com Luna - O Show da Luna!;"""o fermento biológico faz todo o trabalho Lógico ele mesmo e a gente tem isso biológico ingrediente principal""";Meio;https://youtu.be/cMzyXjqARrs?si=TJY7h5ZqL37uuUTx;Positivo;Positivo;Positivo;Positivo;Positivo
cMzyXjqARrs;🍞 PROCESSO DE FERMENTAÇÃO 👩‍🏫 l Aprenda com Luna - O Show da Luna!;"""o fermento é Comilão e ele adora comer nosso açúcar e quanto mais comem mais gás solta""";Meio;https://youtu.be/cMzyXjqARrs?si=TJY7h5ZqL37uuUTx;Positivo;Positivo;Positivo;Positivo;Positivo
cMzyXjqARrs;🍞 PROCESSO DE FERMENTAÇÃO 👩‍🏫 l Aprenda com Luna - O Show da Luna!;"""o gás que formas bolhas de ar na nossa massa ele forma as bolhas e como ele elástica vamos crescendo""";Meio;https://youtu.be/cMzyXjqARrs?si=TJY7h5ZqL37uuUTx;Positivo;Positivo;Neutro;Positivo;Positivo
cMzyXjqARrs;🍞 PROCESSO DE FERMENTAÇÃO 👩‍🏫 l Aprenda com Luna - O Show da Luna!;"""Então é assim que os pães crescem ficou assim será que são uns fundinhos não tô aguentando""";Fim;https://youtu.be/cMzyXjqARrs?si=TJY7h5ZqL37uuUTx;Positivo;Positivo;Positivo;Negativo;Positivo
cMzyXjqARrs;🍞 PROCESSO DE FERMENTAÇÃO 👩‍🏫 l Aprenda com Luna - O Show da Luna!;"""nós precisamos contar para o Nilton como a massa vira pão eu o Júpiter e o Cláudio descobrimos uma coisa muito legal""";Fim;https://youtu.be/cMzyXjqARrs?si=TJY7h5ZqL37uuUTx;Positivo;Positivo;Positivo;Positivo;Positivo
cMzyXjqARrs;🍞 PROCESSO DE FERMENTAÇÃO 👩‍🏫 l Aprenda com Luna - O Show da Luna!;"""na massa tem fermento principal elemento na massa que acontece""";Fim;https://youtu.be/cMzyXjqARrs?si=TJY7h5ZqL37uuUTx;Positivo;Positivo;Positivo;Positivo;Positivo
cMzyXjqARrs;🍞 PROCESSO DE FERMENTAÇÃO 👩‍🏫 l Aprenda com Luna - O Show da Luna!;"""as pessoas Nilton como é que elas crescem Será que elas crescem que nem os pães""";Fim;https://youtu.be/cMzyXjqARrs?si=TJY7h5ZqL37uuUTx;Positivo;Positivo;Positivo;Positivo;Positivo
cMzyXjqARrs;🍞 PROCESSO DE FERMENTAÇÃO 👩‍🏫 l Aprenda com Luna - O Show da Luna!;"""Porque cada pessoa tem um tamanho diferente são tantas Tantas perguntas""";Fim;https://youtu.be/cMzyXjqARrs?si=TJY7h5ZqL37uuUTx;Positivo;Positivo;Positivo;Positivo;Positivo
zdAwGLguJlk;💨 MUDANÇAS DO ESTADO FÍSICO DA ÁGUA 👩‍🏫 l Aprenda com Luna - O Show da Luna!;"""Porque ficou tudo embaçado oba também quero Oi mãe Luna""";Início;https://youtu.be/zdAwGLguJlk?si=u_c_DsBXX_wUwUrp;Neutro;Neutro;Neutro;Neutro;Neutro
zdAwGLguJlk;💨 MUDANÇAS DO ESTADO FÍSICO DA ÁGUA 👩‍🏫 l Aprenda com Luna - O Show da Luna!;"""Espelho espelho meu existe alguém mais mais embaçado do que eu o que será que é isso""";Início;https://youtu.be/zdAwGLguJlk?si=u_c_DsBXX_wUwUrp;Neutro;Neutro;Neutro;Neutro;Neutro
zdAwGLguJlk;💨 MUDANÇAS DO ESTADO FÍSICO DA ÁGUA 👩‍🏫 l Aprenda com Luna - O Show da Luna!;"""seu desenho foi a única coisa que não embaçou no espelho legal é legal desenhar com sabão""";Início;https://youtu.be/zdAwGLguJlk?si=u_c_DsBXX_wUwUrp;Neutro;Neutro;Neutro;Neutro;Neutro
zdAwGLguJlk;💨 MUDANÇAS DO ESTADO FÍSICO DA ÁGUA 👩‍🏫 l Aprenda com Luna - O Show da Luna!;"""O que será que tá acontecendo aqui eu quero saber porque o gato mia Verde por fora vermelha por dentro""";Início;https://youtu.be/zdAwGLguJlk?si=u_c_DsBXX_wUwUrp;Neutro;Neutro;Neutro;Neutro;Neutro
zdAwGLguJlk;💨 MUDANÇAS DO ESTADO FÍSICO DA ÁGUA 👩‍🏫 l Aprenda com Luna - O Show da Luna!;"""o vapor Quando cheguei em mim desliza como pingos numa cachoeira""";Meio;https://youtu.be/zdAwGLguJlk?si=u_c_DsBXX_wUwUrp;Neutro;Neutro;Negativo;Neutro;Neutro
zdAwGLguJlk;💨 MUDANÇAS DO ESTADO FÍSICO DA ÁGUA 👩‍🏫 l Aprenda com Luna - O Show da Luna!;"""a nuvem quentinha encosta no espelho ela volta a ser água Olha quantas gotinhas""";Meio;https://youtu.be/zdAwGLguJlk?si=u_c_DsBXX_wUwUrp;Neutro;Neutro;Neutro;Neutro;Neutro
zdAwGLguJlk;💨 MUDANÇAS DO ESTADO FÍSICO DA ÁGUA 👩‍🏫 l Aprenda com Luna - O Show da Luna!;"""então foi isso que aconteceu hoje de manhã no ônibus e também no vidro da sala""";Fim;https://youtu.be/zdAwGLguJlk?si=u_c_DsBXX_wUwUrp;Neutro;Neutro;Neutro;Neutro;Neutro
zdAwGLguJlk;💨 MUDANÇAS DO ESTADO FÍSICO DA ÁGUA 👩‍🏫 l Aprenda com Luna - O Show da Luna!;"""Por que será que as bolhas estouram quando encostam na gente""";Fim;https://youtu.be/zdAwGLguJlk?si=u_c_DsBXX_wUwUrp;Neutro;Neutro;Neutro;Neutro;Neutro
zdAwGLguJlk;💨 MUDANÇAS DO ESTADO FÍSICO DA ÁGUA 👩‍🏫 l Aprenda com Luna - O Show da Luna!;"""eu embaço se nem força eu faço não sofria nem quente só não guardo o calor do ambiente""";Fim;https://youtu.be/zdAwGLguJlk?si=u_c_DsBXX_wUwUrp;Neutro;Negativo;Neutro;Neutro;Neutro
zdAwGLguJlk;💨 MUDANÇAS DO ESTADO FÍSICO DA ÁGUA 👩‍🏫 l Aprenda com Luna - O Show da Luna!;"""no frio a gente bate bate bate o dente no frio a gente bate o dente""";Fim;https://youtu.be/zdAwGLguJlk?si=u_c_DsBXX_wUwUrp;Neutro;Neutro;Neutro;Neutro;Neutro
7rA08Od4hS8;🧲 COMO FUNCIONAM OS ÍMÃS 👩‍🏫 l Aprenda com Luna - O Show da Luna!;"""Que é isso Luna Esse é um daquele sapato de cavalo uma ferradura""";Início;https://youtu.be/7rA08Od4hS8?si=wvTEbaNtu90um0H4;Positivo;Positivo;Positivo;Negativo;Positivo
7rA08Od4hS8;🧲 COMO FUNCIONAM OS ÍMÃS 👩‍🏫 l Aprenda com Luna - O Show da Luna!;"""Já sei isso aqui é um imã Olha só Uau que legal ele andou sozinho""";Início;https://youtu.be/7rA08Od4hS8?si=wvTEbaNtu90um0H4;Positivo;Positivo;Positivo;Positivo;Negativo
7rA08Od4hS8;🧲 COMO FUNCIONAM OS ÍMÃS 👩‍🏫 l Aprenda com Luna - O Show da Luna!;"""mas porque será que Os imãs grudam em algumas coisas e em outras não""";Início;https://youtu.be/7rA08Od4hS8?si=wvTEbaNtu90um0H4;Positivo;Positivo;Positivo;Positivo;Positivo
7rA08Od4hS8;🧲 COMO FUNCIONAM OS ÍMÃS 👩‍🏫 l Aprenda com Luna - O Show da Luna!;"""o carrinho e as gavetas são de metal o imã gruda em metais""";Início;https://youtu.be/7rA08Od4hS8?si=wvTEbaNtu90um0H4;Positivo;Positivo;Positivo;Positivo;Positivo
7rA08Od4hS8;🧲 COMO FUNCIONAM OS ÍMÃS 👩‍🏫 l Aprenda com Luna - O Show da Luna!;"""não grudou também aqui não gruda descobrimos que uma Gruta em alguns metais e em outros não""";Meio;https://youtu.be/7rA08Od4hS8?si=wvTEbaNtu90um0H4;Positivo;Positivo;Positivo;Positivo;Positivo
7rA08Od4hS8;🧲 COMO FUNCIONAM OS ÍMÃS 👩‍🏫 l Aprenda com Luna - O Show da Luna!;"""eu não consigo a gente tá grudado que nem aqueles dois rimas eu também quero ficar grudado não dá parece que tem uma coisa invisível aqui""";Meio;https://youtu.be/7rA08Od4hS8?si=wvTEbaNtu90um0H4;Positivo;Positivo;Positivo;Positivo;Negativo
7rA08Od4hS8;🧲 COMO FUNCIONAM OS ÍMÃS 👩‍🏫 l Aprenda com Luna - O Show da Luna!;"""atrativos e o vermelho e o vermelho gruda no azul é verdade é uma força invisível legal""";Meio;https://youtu.be/7rA08Od4hS8?si=wvTEbaNtu90um0H4;Positivo;Positivo;Positivo;Positivo;Neutro
7rA08Od4hS8;🧲 COMO FUNCIONAM OS ÍMÃS 👩‍🏫 l Aprenda com Luna - O Show da Luna!;"""essa é a dança da Atração essa dança alguns outros metais são sempre muito legais""";Meio;https://youtu.be/7rA08Od4hS8?si=wvTEbaNtu90um0H4;Positivo;Positivo;Positivo;Positivo;Positivo
7rA08Od4hS8;🧲 COMO FUNCIONAM OS ÍMÃS 👩‍🏫 l Aprenda com Luna - O Show da Luna!;"""eu não consigo a gente tá grudado que nem aqueles dois rimas eu também quero ficar grudado não dá""";Meio;https://youtu.be/7rA08Od4hS8?si=wvTEbaNtu90um0H4;Positivo;Positivo;Positivo;Positivo;Positivo
7rA08Od4hS8;🧲 COMO FUNCIONAM OS ÍMÃS 👩‍🏫 l Aprenda com Luna - O Show da Luna!;"""gruda em alguns metais Como o ferro tá ficando gigante vocês acham que vai chegar no teto""";Fim;https://youtu.be/7rA08Od4hS8?si=wvTEbaNtu90um0H4;Positivo;Positivo;Positivo;Positivo;Positivo
7rA08Od4hS8;🧲 COMO FUNCIONAM OS ÍMÃS 👩‍🏫 l Aprenda com Luna - O Show da Luna!;"""a maior estrutura magnética do mundo não deu certo olha que bagunça""";Fim;https://youtu.be/7rA08Od4hS8?si=wvTEbaNtu90um0H4;Positivo;Positivo;Positivo;Positivo;Positivo
7rA08Od4hS8;🧲 COMO FUNCIONAM OS ÍMÃS 👩‍🏫 l Aprenda com Luna - O Show da Luna!;"""eu adoro dançar quantas danças Será que existem no mundo""";Fim;https://youtu.be/7rA08Od4hS8?si=wvTEbaNtu90um0H4;Positivo;Positivo;Positivo;Positivo;Positivo
7rA08Od4hS8;🧲 COMO FUNCIONAM OS ÍMÃS 👩‍🏫 l Aprenda com Luna - O Show da Luna!;"""essa é a dança da Atração essa dança da repulsão gruda mas só para o lado de todo mundo""";Fim;https://youtu.be/7rA08Od4hS8?si=wvTEbaNtu90um0H4;Positivo;Positivo;Positivo;Positivo;Positivo
7rA08Od4hS8;🧲 COMO FUNCIONAM OS ÍMÃS 👩‍🏫 l Aprenda com Luna - O Show da Luna!;"""Será que os animais também dançam ai São Tantas perguntas""";Fim;https://youtu.be/7rA08Od4hS8?si=wvTEbaNtu90um0H4;Positivo;Positivo;Positivo;Positivo;Positivo
jsUbBKXxPLw&t=95s;Os Simpsons episódio | temporada 31 episódio 1;"""Ai caramba""";Início;https://www.youtube.com/watch?v=jsUbBKXxPLw&t=95s;Negativo;Negativo;Negativo;Positivo;Negativo
jsUbBKXxPLw&t=95s;Os Simpsons episódio | temporada 31 episódio 1;"""todo mundo vende porcaria""";Início;https://www.youtube.com/watch?v=jsUbBKXxPLw&t=95s;Negativo;Negativo;Positivo;Negativo;Negativo
jsUbBKXxPLw&t=95s;Os Simpsons episódio | temporada 31 episódio 1;"""quando bate uma larica""";Início;https://www.youtube.com/watch?v=jsUbBKXxPLw&t=95s;Neutro;Neutro;Neutro;Neutro;Neutro
jsUbBKXxPLw&t=95s;Os Simpsons episódio | temporada 31 episódio 1;"""mata larica""";Início;https://www.youtube.com/watch?v=jsUbBKXxPLw&t=95s;Neutro;Neutro;Neutro;Neutro;Neutro
jsUbBKXxPLw&t=95s;Os Simpsons episódio | temporada 31 episódio 1;"""vendam as drogas""";Início;https://www.youtube.com/watch?v=jsUbBKXxPLw&t=95s;Negativo;Negativo;Negativo;Negativo;Negativo
jsUbBKXxPLw&t=95s;Os Simpsons episódio | temporada 31 episódio 1;"""me engravida agora""";Meio;https://www.youtube.com/watch?v=jsUbBKXxPLw&t=95s;Negativo;Negativo;Negativo;Negativo;Negativo
jsUbBKXxPLw&t=95s;Os Simpsons episódio | temporada 31 episódio 1;"""vida sexual""";Meio;https://www.youtube.com/watch?v=jsUbBKXxPLw&t=95s;Neutro;Neutro;Neutro;Neutro;Neutro
jsUbBKXxPLw&t=95s;Os Simpsons episódio | temporada 31 episódio 1;"""podem fazer em qualquer lugar""";Meio;https://www.youtube.com/watch?v=jsUbBKXxPLw&t=95s;Neutro;Neutro;Neutro;Neutro;Neutro
jsUbBKXxPLw&t=95s;Os Simpsons episódio | temporada 31 episódio 1;"""vagabundos""";Meio;https://www.youtube.com/watch?v=jsUbBKXxPLw&t=95s;Negativo;Negativo;Negativo;Negativo;Negativo
jsUbBKXxPLw&t=95s;Os Simpsons episódio | temporada 31 episódio 1;"""vendedora de droga""";Meio;https://www.youtube.com/watch?v=jsUbBKXxPLw&t=95s;Negativo;Negativo;Negativo;Negativo;Neutro
jsUbBKXxPLw&t=95s;Os Simpsons episódio | temporada 31 episódio 1;"""ah caramba""";Fim;https://www.youtube.com/watch?v=jsUbBKXxPLw&t=95s;Negativo;Negativo;Positivo;Negativo;Negativo
jsUbBKXxPLw&t=95s;Os Simpsons episódio | temporada 31 episódio 1;"""caraca""";Fim;https://www.youtube.com/watch?v=jsUbBKXxPLw&t=95s;Neutro;Neutro;Neutro;Negativo;Neutro
jsUbBKXxPLw&t=95s;Os Simpsons episódio | temporada 31 episódio 1;"""eca""";Fim;https://www.youtube.com/watch?v=jsUbBKXxPLw&t=95s;Negativo;Negativo;Negativo;Negativo;Positivo
jsUbBKXxPLw&t=95s;Os Simpsons episódio | temporada 31 episódio 1;"""uma safada""";Fim;https://www.youtube.com/watch?v=jsUbBKXxPLw&t=95s;Negativo;Negativo;Negativo;Negativo;Negativo
jsUbBKXxPLw&t=95s;Os Simpsons episódio | temporada 31 episódio 1;"""ah droga""";Fim;https://www.youtube.com/watch?v=jsUbBKXxPLw&t=95s;Negativo;Negativo;Negativo;Negativo;Negativo
Vy39Lrho02o;Aventura no microverso | Rick & Morty | Adult Swim Brasil;"""enche meu saco""";Início;https://www.youtube.com/watch?v=Vy39Lrho02o;Negativo;Negativo;Negativo;Negativo;Negativo
Vy39Lrho02o;Aventura no microverso | Rick & Morty | Adult Swim Brasil;"""alguem precisa da umasinha""";Início;https://www.youtube.com/watch?v=Vy39Lrho02o;Negativo;Negativo;Negativo;Negativo;Neutro
Vy39Lrho02o;Aventura no microverso | Rick & Morty | Adult Swim Brasil;"""ficam de pau duro""";Meio;https://www.youtube.com/watch?v=Vy39Lrho02o;Negativo;Negativo;Negativo;Negativo;Negativo
Vy39Lrho02o;Aventura no microverso | Rick & Morty | Adult Swim Brasil;"""foda-se""";Meio;https://www.youtube.com/watch?v=Vy39Lrho02o;Negativo;Negativo;Negativo;Negativo;Negativo
Vy39Lrho02o;Aventura no microverso | Rick & Morty | Adult Swim Brasil;"""me chupa""";Meio;https://www.youtube.com/watch?v=Vy39Lrho02o;Negativo;Negativo;Negativo;Negativo;Negativo
Vy39Lrho02o;Aventura no microverso | Rick & Morty | Adult Swim Brasil;"""seu merdinha""";Meio;https://www.youtube.com/watch?v=Vy39Lrho02o;Negativo;Negativo;Negativo;Negativo;Negativo
Vy39Lrho02o;Aventura no microverso | Rick & Morty | Adult Swim Brasil;"""mostra o dedo do meio""";Meio;https://www.youtube.com/watch?v=Vy39Lrho02o;Negativo;Negativo;Negativo;Negativo;Positivo
Vy39Lrho02o;Aventura no microverso | Rick & Morty | Adult Swim Brasil;"""fodase""";Fim;https://www.youtube.com/watch?v=Vy39Lrho02o;Negativo;Negativo;Negativo;Negativo;Negativo
Vy39Lrho02o;Aventura no microverso | Rick & Morty | Adult Swim Brasil;"""vou te ferrar""";Fim;https://www.youtube.com/watch?v=Vy39Lrho02o;Negativo;Negativo;Negativo;Negativo;Neutro
Vy39Lrho02o;Aventura no microverso | Rick & Morty | Adult Swim Brasil;"""chupa que e de uva""";Fim;https://www.youtube.com/watch?v=Vy39Lrho02o;Negativo;Negativo;Negativo;Positivo;Negativo
y25wGOJ9SIk;South Park™: A Fenda que Abunda Força: Detenha Mitch Conner.;"""que merda em""";Início;https://www.youtube.com/watch?v=y25wGOJ9SIk;Negativo;Negativo;Negativo;Negativo;Negativo
y25wGOJ9SIk;South Park™: A Fenda que Abunda Força: Detenha Mitch Conner.;"""quando seu pai comeu sua mae""";Início;https://www.youtube.com/watch?v=y25wGOJ9SIk;Negativo;Negativo;Negativo;Negativo;Negativo
y25wGOJ9SIk;South Park™: A Fenda que Abunda Força: Detenha Mitch Conner.;"""ai,caramba""";Início;https://www.youtube.com/watch?v=y25wGOJ9SIk;Negativo;Negativo;Negativo;Negativo;Negativo
y25wGOJ9SIk;South Park™: A Fenda que Abunda Força: Detenha Mitch Conner.;"""que porra são voces""";Início;https://www.youtube.com/watch?v=y25wGOJ9SIk;Negativo;Negativo;Negativo;Negativo;Negativo
Vy39Lrho02o;South Park™: A Fenda que Abunda Força: Detenha Mitch Conner.;"""transam gostoso""";Meio;https://www.youtube.com/watch?v=y25wGOJ9SIk;Negativo;Negativo;Negativo;Negativo;Negativo
y25wGOJ9SIk;South Park™: A Fenda que Abunda Força: Detenha Mitch Conner.;"""brawnie de maconha""";Meio;https://www.youtube.com/watch?v=y25wGOJ9SIk;Neutro;Neutro;Neutro;Neutro;Neutro
y25wGOJ9SIk;South Park™: A Fenda que Abunda Força: Detenha Mitch Conner.;"""ta uma merda""";Meio;https://www.youtube.com/watch?v=y25wGOJ9SIk;Negativo;Negativo;Negativo;Negativo;Negativo
y25wGOJ9SIk;South Park™: A Fenda que Abunda Força: Detenha Mitch Conner.;"""culhoes""";Meio;https://www.youtube.com/watch?v=y25wGOJ9SIk;Negativo;Negativo;Negativo;Neutro;Negativo
y25wGOJ9SIk;South Park™: A Fenda que Abunda Força: Detenha Mitch Conner.;"""essa merda""";Fim;https://www.youtube.com/watch?v=y25wGOJ9SIk;Negativo;Negativo;Negativo;Negativo;Negativo
y25wGOJ9SIk;South Park™: A Fenda que Abunda Força: Detenha Mitch Conner.;"""conseguiu bundão""";Fim;https://www.youtube.com/watch?v=y25wGOJ9SIk;Negativo;Negativo;Negativo;Negativo;Negativo
y25wGOJ9SIk;South Park™: A Fenda que Abunda Força: Detenha Mitch Conner.;"""seu gordo de merda""";Fim;https://www.youtube.com/watch?v=y25wGOJ9SIk;Negativo;Negativo;Negativo;Negativo;Negativo
y25wGOJ9SIk;South Park™: A Fenda que Abunda Força: Detenha Mitch Conner.;"""peida bem forte""";Fim;https://www.youtube.com/watch?v=y25wGOJ9SIk;Negativo;Negativo;Negativo;Neutro;Negativo
y25wGOJ9SIk;South Park™: A Fenda que Abunda Força: Detenha Mitch Conner.;"""caramba""";Fim;https://www.youtube.com/watch?v=y25wGOJ9SIk;Neutro;Neutro;Neutro;Neutro;Neutro
vDBgv-Fb0Wk;Rick e Morty precisam resgatar Summer | Rick & Morty | Adult Swim Brasil;"""quanta merda""";Início;https://www.youtube.com/watch?v=vDBgv-Fb0Wk;Negativo;Negativo;Negativo;Negativo;Negativo
vDBgv-Fb0Wk;Rick e Morty precisam resgatar Summer | Rick & Morty | Adult Swim Brasil;"""se ta na seca mesmo""";Início;https://www.youtube.com/watch?v=vDBgv-Fb0Wk;Negativo;Negativo;Negativo;Negativo;Negativo
vDBgv-Fb0Wk;Rick e Morty precisam resgatar Summer | Rick & Morty | Adult Swim Brasil;"""isso e pra morrer """;Início;https://www.youtube.com/watch?v=vDBgv-Fb0Wk;Negativo;Negativo;Negativo;Negativo;Negativo
vDBgv-Fb0Wk;Rick e Morty precisam resgatar Summer | Rick & Morty | Adult Swim Brasil;"""e voce pra se masturbar""";Início;https://www.youtube.com/watch?v=vDBgv-Fb0Wk;Negativo;Negativo;Negativo;Negativo;Negativo
vDBgv-Fb0Wk;Rick e Morty precisam resgatar Summer | Rick & Morty | Adult Swim Brasil;"""masturba molda meu carcter""";Início;https://www.youtube.com/watch?v=vDBgv-Fb0Wk;Negativo;Negativo;Negativo;Negativo;Negativo
vDBgv-Fb0Wk;Rick e Morty precisam resgatar Summer | Rick & Morty | Adult Swim Brasil;"""para de punhetar""";Meio;https://www.youtube.com/watch?v=vDBgv-Fb0Wk;Negativo;Negativo;Negativo;Negativo;Negativo
vDBgv-Fb0Wk;Rick e Morty precisam resgatar Summer | Rick & Morty | Adult Swim Brasil;"pe no saco""";Meio;https://www.youtube.com/watch?v=vDBgv-Fb0Wk;Negativo;Negativo;Negativo;Negativo;Negativo
vDBgv-Fb0Wk;Rick e Morty precisam resgatar Summer | Rick & Morty | Adult Swim Brasil;"""ovo molado""";Meio;https://www.youtube.com/watch?v=vDBgv-Fb0Wk;Neutro;Neutro;Neutro;Neutro;Neutro
vDBgv-Fb0Wk;Rick e Morty precisam resgatar Summer | Rick & Morty | Adult Swim Brasil;"""deixa eu olha meu ovo""";Meio;https://www.youtube.com/watch?v=vDBgv-Fb0Wk;Neutro;Neutro;Neutro;Neutro;Neutro
vDBgv-Fb0Wk;Rick e Morty precisam resgatar Summer | Rick & Morty | Adult Swim Brasil;"""olha que ovao arretado""";Meio;https://www.youtube.com/watch?v=vDBgv-Fb0Wk;Negativo;Negativo;Negativo;Negativo;Negativo
vDBgv-Fb0Wk;Rick e Morty precisam resgatar Summer | Rick & Morty | Adult Swim Brasil;"""chupa uma cara""";Fim;https://www.youtube.com/watch?v=vDBgv-Fb0Wk;Negativo;Negativo;Negativo;Negativo;Negativo
vDBgv-Fb0Wk;Rick e Morty precisam resgatar Summer | Rick & Morty | Adult Swim Brasil;"""caga um ovo""";Fim;https://www.youtube.com/watch?v=vDBgv-Fb0Wk;Negativo;Negativo;Negativo;Negativo;Negativo
vDBgv-Fb0Wk;Rick e Morty precisam resgatar Summer | Rick & Morty | Adult Swim Brasil;"""morrer""";Fim;https://www.youtube.com/watch?v=vDBgv-Fb0Wk;Negativo;Negativo;Negativo;Positivo;Negativo
vDBgv-Fb0Wk;Rick e Morty precisam resgatar Summer | Rick & Morty | Adult Swim Brasil;"""gloria ao gozo""";Fim;https://www.youtube.com/watch?v=vDBgv-Fb0Wk;Negativo;Negativo;Negativo;Negativo;Negativo
lXc6c3KR8_U;Jerry vai se vingar de Rick após se separar de Beth?;"""rico cuzoes""";Início;https://www.youtube.com/watch?v=lXc6c3KR8_U;Negativo;Negativo;Negativo;Negativo;Negativo
lXc6c3KR8_U;Jerry vai se vingar de Rick após se separar de Beth?;"""de que porra voce ta falando""";Início;https://www.youtube.com/watch?v=lXc6c3KR8_U;Negativo;Negativo;Negativo;Negativo;Negativo
lXc6c3KR8_U;Jerry vai se vingar de Rick após se separar de Beth?;"""do caralho""";Meio;https://www.youtube.com/watch?v=lXc6c3KR8_U;Negativo;Negativo;Negativo;Negativo;Negativo
lXc6c3KR8_U;Jerry vai se vingar de Rick após se separar de Beth?;"""voce acha que eu sou gotosa""";Meio;https://www.youtube.com/watch?v=lXc6c3KR8_U;Neutro;Neutro;Neutro;Neutro;Neutro
lXc6c3KR8_U;Jerry vai se vingar de Rick após se separar de Beth?;"""eu nao sou gostosa""";Meio;https://www.youtube.com/watch?v=lXc6c3KR8_U;Negativo;Negativo;Negativo;Negativo;Negativo
lXc6c3KR8_U;Jerry vai se vingar de Rick após se separar de Beth?;"""os peitões de stripper""";Meio;https://www.youtube.com/watch?v=lXc6c3KR8_U;Negativo;Negativo;Negativo;Negativo;Negativo
lXc6c3KR8_U;Jerry vai se vingar de Rick após se separar de Beth?;"""o filha da puta""";Fim;https://www.youtube.com/watch?v=lXc6c3KR8_U;Negativo;Negativo;Negativo;Negativo;Negativo
lXc6c3KR8_U;Jerry vai se vingar de Rick após se separar de Beth?;"""o cara da vagina""";Fim;https://www.youtube.com/watch?v=lXc6c3KR8_U;Negativo;Negativo;Negativo;Negativo;Negativo
lXc6c3KR8_U;Jerry vai se vingar de Rick após se separar de Beth?;"""isso e merda""";Fim;https://www.youtube.com/watch?v=lXc6c3KR8_U;Negativo;Negativo;Negativo;Negativo;Negativo
lXc6c3KR8_U;Jerry vai se vingar de Rick após se separar de Beth?;"""as moças abaixam as calcinhas""";Fim;https://www.youtube.com/watch?v=lXc6c3KR8_U;Neutro;Positivo;Neutro;Neutro;Neutro
lXc6c3KR8_U;Jerry vai se vingar de Rick após se separar de Beth?;"""ja pensei em ter uma vagina""";Fim;https://www.youtube.com/watch?v=lXc6c3KR8_U;Neutro;Neutro;Neutro;Neutro;Neutro
RXJy0WFLORI;South Park Dublado | Cartman é Abduzido por Aliens;"""a porra do meu irmao""";Início;https://www.youtube.com/watch?v=RXJy0WFLORI;Negativo;Negativo;Negativo;Negativo;Negativo
RXJy0WFLORI;South Park Dublado | Cartman é Abduzido por Aliens;"""chupa meu saco""";Início;https://www.youtube.com/watch?v=RXJy0WFLORI;Negativo;Negativo;Neutro;Negativo;Negativo
RXJy0WFLORI;South Park Dublado | Cartman é Abduzido por Aliens;"""consolo""";Início;https://www.youtube.com/watch?v=RXJy0WFLORI;Neutro;Neutro;Neutro;Neutro;Neutro
RXJy0WFLORI;South Park Dublado | Cartman é Abduzido por Aliens;"""do cacete""";Meio;https://www.youtube.com/watch?v=RXJy0WFLORI;Negativo;Negativo;Negativo;Negativo;Negativo
RXJy0WFLORI;South Park Dublado | Cartman é Abduzido por Aliens;"""a porra do bebe""";Meio;https://www.youtube.com/watch?v=RXJy0WFLORI;Negativo;Negativo;Negativo;Negativo;Negativo
RXJy0WFLORI;South Park Dublado | Cartman é Abduzido por Aliens;"""que porra e essa""";Meio;https://www.youtube.com/watch?v=RXJy0WFLORI;Negativo;Negativo;Negativo;Negativo;Negativo
RXJy0WFLORI;South Park Dublado | Cartman é Abduzido por Aliens;"""que porra""";Meio;https://www.youtube.com/watch?v=RXJy0WFLORI;Negativo;Negativo;Neutro;Negativo;Negativo
RXJy0WFLORI;South Park Dublado | Cartman é Abduzido por Aliens;"""sonda anal""";Meio;https://www.youtube.com/watch?v=RXJy0WFLORI;Neutro;Neutro;Neutro;Neutro;Neutro
RXJy0WFLORI;South Park Dublado | Cartman é Abduzido por Aliens;"""medico expecializado cu""";Fim;https://www.youtube.com/watch?v=RXJy0WFLORI;Negativo;Neutro;Negativo;Negativo;Negativo
RXJy0WFLORI;South Park Dublado | Cartman é Abduzido por Aliens;"""cu dos outros""";Fim;https://www.youtube.com/watch?v=RXJy0WFLORI;Negativo;Negativo;Negativo;Negativo;Negativo
RXJy0WFLORI;South Park Dublado | Cartman é Abduzido por Aliens;"""meu saco""";Fim;https://www.youtube.com/watch?v=RXJy0WFLORI;Neutro;Neutro;Neutro;Neutro;Neutro
RXJy0WFLORI;South Park Dublado | Cartman é Abduzido por Aliens;"""tem uma fenda no meio da sua bunda""";Fim;https://www.youtube.com/watch?v=RXJy0WFLORI;Neutro;Neutro;Neutro;Neutro;Neutro
ukqzK9Q5vIA;Kyle Salva Eric Cartman (South Park);"""estou super excitado""";Início;https://www.youtube.com/watch?v=ukqzK9Q5vIA;Negativo;Negativo;Negativo;Negativo;Negativo
ukqzK9Q5vIA;Kyle Salva Eric Cartman (South Park);"""seu cuzão""";Meio;https://www.youtube.com/watch?v=ukqzK9Q5vIA;Negativo;Negativo;Negativo;Negativo;Negativo
ukqzK9Q5vIA;Kyle Salva Eric Cartman (South Park);"""chupador de caralho""";Fim;https://www.youtube.com/watch?v=ukqzK9Q5vIA;Negativo;Negativo;Negativo;Negativo;Neutro
ukqzK9Q5vIA;Kyle Salva Eric Cartman (South Park);"""eu te ferrei""";Fim;https://www.youtube.com/watch?v=ukqzK9Q5vIA;Negativo;Negativo;Negativo;Negativo;Negativo
ukqzK9Q5vIA;Kyle Salva Eric Cartman (South Park);"""ho, merda""";Fim;https://www.youtube.com/watch?v=ukqzK9Q5vIA;Negativo;Negativo;Negativo;Negativo;Negativo
3Zzwl9agwfM;Aqua Teen Peterson;"""foda """;Início;https://www.youtube.com/watch?v=3Zzwl9agwfM;Negativo;Negativo;Negativo;Negativo;Negativo
3Zzwl9agwfM;Aqua Teen Peterson;"""bom pra caralho""";Início;https://www.youtube.com/watch?v=3Zzwl9agwfM;Negativo;Negativo;Negativo;Negativo;Positivo
3Zzwl9agwfM;Aqua Teen Peterson;"""vou nessa, porra""";Início;https://www.youtube.com/watch?v=3Zzwl9agwfM;Negativo;Negativo;Negativo;Negativo;Negativo
3Zzwl9agwfM;Aqua Teen Peterson;"""gosto nao foda-se""";Início;https://www.youtube.com/watch?v=3Zzwl9agwfM;Negativo;Negativo;Negativo;Negativo;Negativo
3Zzwl9agwfM;Aqua Teen Peterson;"""cu sem prega""";Início;https://www.youtube.com/watch?v=3Zzwl9agwfM;Negativo;Negativo;Negativo;Positivo;Negativo
3Zzwl9agwfM;Aqua Teen Peterson;"""arrombado""";Meio;https://www.youtube.com/watch?v=3Zzwl9agwfM;Negativo;Negativo;Negativo;Negativo;Negativo
3Zzwl9agwfM;Aqua Teen Peterson;"""e foda""";Meio;https://www.youtube.com/watch?v=3Zzwl9agwfM;Negativo;Negativo;Negativo;Positivo;Negativo
3Zzwl9agwfM;Aqua Teen Peterson;"""resolver logo essa porra""";Meio;https://www.youtube.com/watch?v=3Zzwl9agwfM;Negativo;Negativo;Negativo;Negativo;Negativo
3Zzwl9agwfM;Aqua Teen Peterson;"""aquele robo filha da puta""";Meio;https://www.youtube.com/watch?v=3Zzwl9agwfM;Negativo;Negativo;Negativo;Negativo;Negativo
3Zzwl9agwfM;Aqua Teen Peterson;"""ze buceta""";Meio;https://www.youtube.com/watch?v=3Zzwl9agwfM;Negativo;Negativo;Negativo;Negativo;Negativo
3Zzwl9agwfM;Aqua Teen Peterson;"""rodei ai pra caralho""";Fim;https://www.youtube.com/watch?v=3Zzwl9agwfM;Negativo;Negativo;Negativo;Negativo;Negativo
3Zzwl9agwfM;Aqua Teen Peterson;"""tu ta fudido""";Fim;https://www.youtube.com/watch?v=3Zzwl9agwfM;Negativo;Negativo;Negativo;Positivo;Negativo
3Zzwl9agwfM;Aqua Teen Peterson;"""aquele cu de lata""";Fim;https://www.youtube.com/watch?v=3Zzwl9agwfM;Negativo;Negativo;Negativo;Negativo;Negativo
3Zzwl9agwfM;Aqua Teen Peterson;"""minha piroca dura""";Fim;https://www.youtube.com/watch?v=3Zzwl9agwfM;Neutro;Neutro;Neutro;Neutro;Neutro
gsAhsBSIZ94;Rick e Morty em grandes problemas: eles são toxinas e foram removidos! | Rick & Morty;"""fica firme porra""";Início;https://www.youtube.com/watch?v=gsAhsBSIZ94;Negativo;Negativo;Negativo;Negativo;Negativo
gsAhsBSIZ96;Rick e Morty em grandes problemas: eles são toxinas e foram removidos! | Rick & Morty;"""que porra """;Início;https://www.youtube.com/watch?v=gsAhsBSIZ96;Negativo;Negativo;Negativo;Negativo;Negativo
gsAhsBSIZ98;Rick e Morty em grandes problemas: eles são toxinas e foram removidos! | Rick & Morty;"""eu nao posso fazer essa porra""";Início;https://www.youtube.com/watch?v=gsAhsBSIZ98;Negativo;Negativo;Negativo;Negativo;Negativo
gsAhsBSIZ99;Rick e Morty em grandes problemas: eles são toxinas e foram removidos! | Rick & Morty;"""a gente quase se fudeu""";Meio;https://www.youtube.com/watch?v=gsAhsBSIZ99;Negativo;Negativo;Negativo;Positivo;Negativo
gsAhsBSIZ100;Rick e Morty em grandes problemas: eles são toxinas e foram removidos! | Rick & Morty;"""quase morremos""";Meio;https://www.youtube.com/watch?v=gsAhsBSIZ100;Negativo;Negativo;Negativo;Negativo;Negativo
gsAhsBSIZ101;Rick e Morty em grandes problemas: eles são toxinas e foram removidos! | Rick & Morty;"""claro porra""";Meio;https://www.youtube.com/watch?v=gsAhsBSIZ101;Negativo;Negativo;Negativo;Negativo;Negativo
gsAhsBSIZ102;Rick e Morty em grandes problemas: eles são toxinas e foram removidos! | Rick & Morty;"""eu não tava no controle nem fudendo""";Meio;https://www.youtube.com/watch?v=gsAhsBSIZ102;Negativo;Negativo;Negativo;Negativo;Negativo
gsAhsBSIZ103;Rick e Morty em grandes problemas: eles são toxinas e foram removidos! | Rick & Morty;"""olha pra porra da minha mao""";Meio;https://www.youtube.com/watch?v=gsAhsBSIZ103;Negativo;Negativo;Negativo;Neutro;Negativo
gsAhsBSIZ104;Rick e Morty em grandes problemas: eles são toxinas e foram removidos! | Rick & Morty;"""olha pra essa merda""";Fim;https://www.youtube.com/watch?v=gsAhsBSIZ104;Negativo;Negativo;Negativo;Negativo;Negativo
gsAhsBSIZ105;Rick e Morty em grandes problemas: eles são toxinas e foram removidos! | Rick & Morty;"""talvez eu mereça morrer""";Fim;https://www.youtube.com/watch?v=gsAhsBSIZ105;Negativo;Negativo;Negativo;Negativo;Negativo
gsAhsBSIZ106;Rick e Morty em grandes problemas: eles são toxinas e foram removidos! | Rick & Morty;"""caralho taligado""";Fim;https://www.youtube.com/watch?v=gsAhsBSIZ106;Negativo;Negativo;Negativo;Negativo;Negativo
n5jpfuq7RBQ;Rick faz uma fusão com um dragão | Rick & Morty | Adult Swim Brasil;"""pe no saco""";Início;https://www.youtube.com/watch?v=n5jpfuq7RBQ;Negativo;Negativo;Negativo;Negativo;Negativo
n5jpfuq7RBQ;Rick faz uma fusão com um dragão | Rick & Morty | Adult Swim Brasil;"""anus""";Início;https://www.youtube.com/watch?v=n5jpfuq7RBQ;Neutro;Neutro;Neutro;Neutro;Neutro
n5jpfuq7RBQ;Rick faz uma fusão com um dragão | Rick & Morty | Adult Swim Brasil;"""sao um porre""";Início;https://www.youtube.com/watch?v=n5jpfuq7RBQ;Negativo;Negativo;Negativo;Negativo;Negativo
n5jpfuq7RBQ;Rick faz uma fusão com um dragão | Rick & Morty | Adult Swim Brasil;"""velho petelho""";Início;https://www.youtube.com/watch?v=n5jpfuq7RBQ;Negativo;Negativo;Negativo;Negativo;Negativo
n5jpfuq7RBQ;Rick faz uma fusão com um dragão | Rick & Morty | Adult Swim Brasil;"""que que pause o anus""";Meio;https://www.youtube.com/watch?v=n5jpfuq7RBQ;Neutro;Neutro;Neutro;Neutro;Neutro
n5jpfuq7RBQ;Rick faz uma fusão com um dragão | Rick & Morty | Adult Swim Brasil;"""mais que merda""";Meio;https://www.youtube.com/watch?v=n5jpfuq7RBQ;Negativo;Negativo;Negativo;Negativo;Negativo
n5jpfuq7RBQ;Rick faz uma fusão com um dragão | Rick & Morty | Adult Swim Brasil;"""que tosco""";Fim;https://www.youtube.com/watch?v=n5jpfuq7RBQ;Negativo;Negativo;Negativo;Neutro;Negativo
n5jpfuq7RBQ;Rick faz uma fusão com um dragão | Rick & Morty | Adult Swim Brasil;"""que nojeira""";Fim;https://www.youtube.com/watch?v=n5jpfuq7RBQ;Negativo;Negativo;Negativo;Negativo;Negativo
n5jpfuq7RBQ;Rick faz uma fusão com um dragão | Rick & Morty | Adult Swim Brasil;"""quem cago na areia""";Fim;https://www.youtube.com/watch?v=n5jpfuq7RBQ;Negativo;Negativo;Negativo;Negativo;Negativo
n5jpfuq7RBQ;Rick faz uma fusão com um dragão | Rick & Morty | Adult Swim Brasil;"""peidorreiro""";Fim;https://www.youtube.com/watch?v=n5jpfuq7RBQ;Negativo;Negativo;Negativo;Negativo;Negativo
n5jpfuq7RBQ;Rick faz uma fusão com um dragão | Rick & Morty | Adult Swim Brasil;"""pela bunda""";Fim;https://www.youtube.com/watch?v=n5jpfuq7RBQ;Neutro;Neutro;Neutro;Neutro;Neutro
5mwobu6ME5k;SOUTH PARK FORA DE CONTEXTO;"""aquele fiho da puta""";Início;https://www.youtube.com/watch?v=5mwobu6ME5k&t=46s;Negativo;Negativo;Neutro;Negativo;Negativo
5mwobu6ME5k;SOUTH PARK FORA DE CONTEXTO;"""nao coloco nada no traseiro?""";Início;https://www.youtube.com/watch?v=5mwobu6ME5k&t=46s;Neutro;Neutro;Neutro;Neutro;Neutro
5mwobu6ME5k;SOUTH PARK FORA DE CONTEXTO;"""puta que pariu""";Início;https://www.youtube.com/watch?v=5mwobu6ME5k&t=46s;Negativo;Negativo;Negativo;Negativo;Negativo
5mwobu6ME5k;SOUTH PARK FORA DE CONTEXTO;"""e do cacete""";Meio;https://www.youtube.com/watch?v=5mwobu6ME5k&t=46s;Negativo;Negativo;Negativo;Negativo;Negativo
5mwobu6ME5k;SOUTH PARK FORA DE CONTEXTO;"""sexo""";Meio;https://www.youtube.com/watch?v=5mwobu6ME5k&t=46s;Neutro;Neutro;Neutro;Neutro;Neutro
5mwobu6ME5k;SOUTH PARK FORA DE CONTEXTO;"""voce te uma bunda tao linda""";Meio;https://www.youtube.com/watch?v=5mwobu6ME5k&t=46s;Negativo;Neutro;Negativo;Negativo;Negativo
5mwobu6ME5k;SOUTH PARK FORA DE CONTEXTO;"""o que um padre enfiaria no meu cu""";Meio;https://www.youtube.com/watch?v=5mwobu6ME5k&t=46s;Negativo;Negativo;Negativo;Negativo;Negativo
5mwobu6ME5k;SOUTH PARK FORA DE CONTEXTO;"""puta de um retardado""";Fim;https://www.youtube.com/watch?v=5mwobu6ME5k&t=46s;Negativo;Negativo;Negativo;Negativo;Positivo
5mwobu6ME5k;SOUTH PARK FORA DE CONTEXTO;"""to ficando muito puto""";Fim;https://www.youtube.com/watch?v=5mwobu6ME5k&t=46s;Negativo;Negativo;Negativo;Negativo;Negativo
5mwobu6ME5k;SOUTH PARK FORA DE CONTEXTO;"""vou te da ayds""";Fim;https://www.youtube.com/watch?v=5mwobu6ME5k&t=46s;Negativo;Negativo;Negativo;Positivo;Negativo
3sqIO9opsfo;South Park | 5 vezes que mataram o Kenny | Paramount Plus Brasil;"""desgraça""";Início;https://www.youtube.com/watch?v=3sqIO9opsfo;Negativo;Negativo;Negativo;Negativo;Negativo
3sqIO9opsfo;South Park | 5 vezes que mataram o Kenny | Paramount Plus Brasil;"""mono bunda""";Início;https://www.youtube.com/watch?v=3sqIO9opsfo;Negativo;Negativo;Negativo;Negativo;Negativo
3sqIO9opsfo;South Park | 5 vezes que mataram o Kenny | Paramount Plus Brasil;"""bundoes""";Início;https://www.youtube.com/watch?v=3sqIO9opsfo;Negativo;Negativo;Neutro;Negativo;Negativo
3sqIO9opsfo;South Park | 5 vezes que mataram o Kenny | Paramount Plus Brasil;"""mataram kenny""";Início;https://www.youtube.com/watch?v=3sqIO9opsfo;Negativo;Negativo;Positivo;Negativo;Negativo
3sqIO9opsfo;South Park | 5 vezes que mataram o Kenny | Paramount Plus Brasil;"""tem uma faca na minha bunda""";Início;https://www.youtube.com/watch?v=3sqIO9opsfo;Negativo;Negativo;Neutro;Negativo;Negativo
3sqIO9opsfo;South Park | 5 vezes que mataram o Kenny | Paramount Plus Brasil;"""seus filhos a puta""";Meio;https://www.youtube.com/watch?v=3sqIO9opsfo;Negativo;Negativo;Negativo;Negativo;Positivo
3sqIO9opsfo;South Park | 5 vezes que mataram o Kenny | Paramount Plus Brasil;"""isso nao e justo porra""";Meio;https://www.youtube.com/watch?v=3sqIO9opsfo;Negativo;Negativo;Negativo;Negativo;Negativo
3sqIO9opsfo;South Park | 5 vezes que mataram o Kenny | Paramount Plus Brasil;"""cocozinho""";Meio;https://www.youtube.com/watch?v=3sqIO9opsfo;Neutro;Neutro;Neutro;Negativo;Neutro
3sqIO9opsfo;South Park | 5 vezes que mataram o Kenny | Paramount Plus Brasil;"""sei que peidamos""";Meio;https://www.youtube.com/watch?v=3sqIO9opsfo;Neutro;Neutro;Neutro;Neutro;Neutro
3sqIO9opsfo;South Park | 5 vezes que mataram o Kenny | Paramount Plus Brasil;"""a porra do zumbi""";Fim;https://www.youtube.com/watch?v=3sqIO9opsfo;Negativo;Negativo;Negativo;Negativo;Negativo
3sqIO9opsfo;South Park | 5 vezes que mataram o Kenny | Paramount Plus Brasil;"""a merda""";Fim;https://www.youtube.com/watch?v=3sqIO9opsfo;Negativo;Negativo;Negativo;Negativo;Negativo
bcfDgr4V-7o;Final e verdadeira origem South Park a fenda que abunda a força;"""vai se foder""";Início;https://www.youtube.com/watch?v=bcfDgr4V-7o;Negativo;Negativo;Negativo;Positivo;Negativo
bcfDgr4V-7o;Final e verdadeira origem South Park a fenda que abunda a força;"""cago na mao e""";Início;https://www.youtube.com/watch?v=bcfDgr4V-7o;Negativo;Negativo;Negativo;Negativo;Neutro
bcfDgr4V-7o;Final e verdadeira origem South Park a fenda que abunda a força;"""para com essa porra""";Início;https://www.youtube.com/watch?v=bcfDgr4V-7o;Negativo;Negativo;Negativo;Negativo;Positivo
bcfDgr4V-7o;Final e verdadeira origem South Park a fenda que abunda a força;"""por que se ta puto comigo""";Início;https://www.youtube.com/watch?v=bcfDgr4V-7o;Negativo;Negativo;Negativo;Negativo;Negativo
bcfDgr4V-7o;Final e verdadeira origem South Park a fenda que abunda a força;"""porque ele ta fingido essa merda""";Início;https://www.youtube.com/watch?v=bcfDgr4V-7o;Negativo;Negativo;Negativo;Negativo;Negativo
bcfDgr4V-7o;Final e verdadeira origem South Park a fenda que abunda a força;"""seu bosta""";Meio;https://www.youtube.com/watch?v=bcfDgr4V-7o;Negativo;Negativo;Negativo;Negativo;Negativo
bcfDgr4V-7o;Final e verdadeira origem South Park a fenda que abunda a força;"""não to etendo porra nenhuma""";Meio;https://www.youtube.com/watch?v=bcfDgr4V-7o;Negativo;Negativo;Negativo;Negativo;Negativo
bcfDgr4V-7o;Final e verdadeira origem South Park a fenda que abunda a força;"""isso nao tem graça porra""";Meio;https://www.youtube.com/watch?v=bcfDgr4V-7o;Negativo;Negativo;Negativo;Negativo;Negativo
bcfDgr4V-7o;Final e verdadeira origem South Park a fenda que abunda a força;"""vai se foder, caio""";Meio;https://www.youtube.com/watch?v=bcfDgr4V-7o;Negativo;Negativo;Negativo;Negativo;Negativo
bcfDgr4V-7o;Final e verdadeira origem South Park a fenda que abunda a força;"""mais que porra""";Fim;https://www.youtube.com/watch?v=bcfDgr4V-7o;Negativo;Negativo;Negativo;Negativo;Negativo
bcfDgr4V-7o;Final e verdadeira origem South Park a fenda que abunda a força;"""peido temporal""";Fim;https://www.youtube.com/watch?v=bcfDgr4V-7o;Negativo;Negativo;Neutro;Negativo;Negativo
bcfDgr4V-7o;Final e verdadeira origem South Park a fenda que abunda a força;"""que cu""";Fim;https://www.youtube.com/watch?v=bcfDgr4V-7o;Negativo;Negativo;Negativo;Negativo;Negativo
PMRPHLEx7fo;Antigo romance | Rick & Morty | Adult Swim Brasil;"""que se dane""";Início;https://www.youtube.com/watch?v=PMRPHLEx7fo;Negativo;Negativo;Negativo;Negativo;Negativo
PMRPHLEx7fo;Antigo romance | Rick & Morty | Adult Swim Brasil;"""pare com essa merda""";Início;https://www.youtube.com/watch?v=PMRPHLEx7fo;Negativo;Negativo;Negativo;Negativo;Negativo
PMRPHLEx7fo;Antigo romance | Rick & Morty | Adult Swim Brasil;"""vamo fazer denovo""";Meio;https://www.youtube.com/watch?v=PMRPHLEx7fo;Neutro;Neutro;Neutro;Neutro;Neutro
PMRPHLEx7fo;Antigo romance | Rick & Morty | Adult Swim Brasil;"""volto pra transar""";Meio;https://www.youtube.com/watch?v=PMRPHLEx7fo;Negativo;Negativo;Negativo;Negativo;Negativo
PMRPHLEx7fo;Antigo romance | Rick & Morty | Adult Swim Brasil;"""droga""";Fim;https://www.youtube.com/watch?v=PMRPHLEx7fo;Negativo;Negativo;Negativo;Negativo;Negativo
PMRPHLEx7fo;Antigo romance | Rick & Morty | Adult Swim Brasil;"""agressor sexual""";Fim;https://www.youtube.com/watch?v=PMRPHLEx7fo;Negativo;Negativo;Negativo;Negativo;Negativo
PMRPHLEx7fo;Antigo romance | Rick & Morty | Adult Swim Brasil;"""viciado em drogas""";Fim;https://www.youtube.com/watch?v=PMRPHLEx7fo;Negativo;Negativo;Negativo;Negativo;Positivo
PMRPHLEx7fo;Antigo romance | Rick & Morty | Adult Swim Brasil;"""prostitutas""";Fim;https://www.youtube.com/watch?v=PMRPHLEx7fo;Negativo;Positivo;Negativo;Negativo;Negativo
eJHXAUuhPlk;South Park a fenda que abunda a força início;"""quem cago na minha varanda""";Início;https://www.youtube.com/watch?v=eJHXAUuhPlk;Negativo;Negativo;Negativo;Negativo;Negativo
eJHXAUuhPlk;South Park a fenda que abunda a força início;"""a corta essa porra""";Início;https://www.youtube.com/watch?v=eJHXAUuhPlk;Negativo;Negativo;Negativo;Negativo;Negativo
eJHXAUuhPlk;South Park a fenda que abunda a força início;"""so assim eu relaxo caralho""";Início;https://www.youtube.com/watch?v=eJHXAUuhPlk;Negativo;Negativo;Negativo;Negativo;Negativo
eJHXAUuhPlk;South Park a fenda que abunda a força início;"""ouvi suas merdas""";Início;https://www.youtube.com/watch?v=eJHXAUuhPlk;Negativo;Negativo;Negativo;Negativo;Negativo
eJHXAUuhPlk;South Park a fenda que abunda a força início;"""putz grilla""";Meio;https://www.youtube.com/watch?v=eJHXAUuhPlk;Negativo;Negativo;Negativo;Negativo;Negativo
eJHXAUuhPlk;South Park a fenda que abunda a força início;"""vacilo""";Meio;https://www.youtube.com/watch?v=eJHXAUuhPlk;Negativo;Negativo;Negativo;Negativo;Negativo
eJHXAUuhPlk;South Park a fenda que abunda a força início;"""bichinha""";Meio;https://www.youtube.com/watch?v=eJHXAUuhPlk;Negativo;Negativo;Negativo;Negativo;Negativo
eJHXAUuhPlk;South Park a fenda que abunda a força início;"""esse moleque""";Meio;https://www.youtube.com/watch?v=eJHXAUuhPlk;Negativo;Negativo;Negativo;Negativo;Negativo
eJHXAUuhPlk;South Park a fenda que abunda a força início;"""agora voces morreram""";Fim;https://www.youtube.com/watch?v=eJHXAUuhPlk;Negativo;Negativo;Negativo;Negativo;Negativo
eJHXAUuhPlk;South Park a fenda que abunda a força início;"""agora fudeu""";Fim;https://www.youtube.com/watch?v=eJHXAUuhPlk;Negativo;Negativo;Negativo;Negativo;Negativo
eJHXAUuhPlk;South Park a fenda que abunda a força início;"""ah,droga""";Fim;https://www.youtube.com/watch?v=eJHXAUuhPlk;Negativo;Negativo;Negativo;Negativo;Negativo
eJHXAUuhPlk;South Park a fenda que abunda a força início;"""pirralhos do caralho""";Fim;https://www.youtube.com/watch?v=eJHXAUuhPlk;Negativo;Negativo;Negativo;Negativo;Negativo
eJHXAUuhPlk;South Park a fenda que abunda a força início;"""ah,merda""";Fim;https://www.youtube.com/watch?v=eJHXAUuhPlk;Negativo;Negativo;Negativo;Negativo;Negativo
4vrDhCwOPIM;Jerry daria sua vida para salvar Rick | Rick & Morty | Adult Swim Brasil;"""voce nao seja um burro de merda""";Início;https://www.youtube.com/watch?v=4vrDhCwOPIM;Negativo;Negativo;Negativo;Neutro;Negativo
4vrDhCwOPIM;Jerry daria sua vida para salvar Rick | Rick & Morty | Adult Swim Brasil;"""isso nao e legal""";Início;https://www.youtube.com/watch?v=4vrDhCwOPIM;Negativo;Negativo;Negativo;Negativo;Negativo
4vrDhCwOPIM;Jerry daria sua vida para salvar Rick | Rick & Morty | Adult Swim Brasil;"""cara de bunda rachada""";Início;https://www.youtube.com/watch?v=4vrDhCwOPIM;Negativo;Negativo;Negativo;Neutro;Negativo
4vrDhCwOPIM;Jerry daria sua vida para salvar Rick | Rick & Morty | Adult Swim Brasil;"""nao tivesse sido incopetente""";Início;https://www.youtube.com/watch?v=4vrDhCwOPIM;Negativo;Negativo;Negativo;Negativo;Negativo
4vrDhCwOPIM;Jerry daria sua vida para salvar Rick | Rick & Morty | Adult Swim Brasil;"""eu vou matar o riky""";Meio;https://www.youtube.com/watch?v=4vrDhCwOPIM;Negativo;Negativo;Negativo;Negativo;Negativo
4vrDhCwOPIM;Jerry daria sua vida para salvar Rick | Rick & Morty | Adult Swim Brasil;"""voce e cruel""";Meio;https://www.youtube.com/watch?v=4vrDhCwOPIM;Negativo;Negativo;Negativo;Negativo;Negativo
4vrDhCwOPIM;Jerry daria sua vida para salvar Rick | Rick & Morty | Adult Swim Brasil;"""sua familia invergunhada""";Meio;https://www.youtube.com/watch?v=4vrDhCwOPIM;Negativo;Negativo;Negativo;Negativo;Negativo
4vrDhCwOPIM;Jerry daria sua vida para salvar Rick | Rick & Morty | Adult Swim Brasil;"""eu sinto pena de voce""";Meio;https://www.youtube.com/watch?v=4vrDhCwOPIM;Negativo;Negativo;Negativo;Negativo;Negativo
4vrDhCwOPIM;Jerry daria sua vida para salvar Rick | Rick & Morty | Adult Swim Brasil;"""voce vai morrer""";Meio;https://www.youtube.com/watch?v=4vrDhCwOPIM;Negativo;Negativo;Negativo;Negativo;Negativo
4vrDhCwOPIM;Jerry daria sua vida para salvar Rick | Rick & Morty | Adult Swim Brasil;"""voce e um grande cuzão""";Fim;https://www.youtube.com/watch?v=4vrDhCwOPIM;Negativo;Negativo;Negativo;Negativo;Negativo
4vrDhCwOPIM;Jerry daria sua vida para salvar Rick | Rick & Morty | Adult Swim Brasil;"""rlx o cu ai""";Fim;https://www.youtube.com/watch?v=4vrDhCwOPIM;Negativo;Negativo;Negativo;Negativo;Negativo
4vrDhCwOPIM;Jerry daria sua vida para salvar Rick | Rick & Morty | Adult Swim Brasil;"""sua batata tá açando""";Fim;https://www.youtube.com/watch?v=4vrDhCwOPIM;Neutro;Neutro;Neutro;Neutro;Neutro
4vrDhCwOPIM;Jerry daria sua vida para salvar Rick | Rick & Morty | Adult Swim Brasil;"""viva o resto do dia em negação""";Fim;https://www.youtube.com/watch?v=4vrDhCwOPIM;Negativo;Negativo;Negativo;Negativo;Negativo
4vrDhCwOPIM;Jerry daria sua vida para salvar Rick | Rick & Morty | Adult Swim Brasil;"""voce esta sendo cruel""";Fim;https://www.youtube.com/watch?v=4vrDhCwOPIM;Negativo;Negativo;Negativo;Negativo;Negativo
_Iy4YS2f_y0;THE SIMPSONS SEM CORTES TELA CHEIA COMPLETO PORTUGUES;"""tchau fracassado""";Início;https://www.youtube.com/watch?v=_Iy4YS2f_y0;Negativo;Negativo;Negativo;Negativo;Negativo
_Iy4YS2f_y1;THE SIMPSONS SEM CORTES TELA CHEIA COMPLETO PORTUGUES;"""suas mentes fracas""";Início;https://www.youtube.com/watch?v=_Iy4YS2f_y1;Negativo;Positivo;Negativo;Negativo;Negativo
_Iy4YS2f_y2;THE SIMPSONS SEM CORTES TELA CHEIA COMPLETO PORTUGUES;"""burnes nao presta""";Início;https://www.youtube.com/watch?v=_Iy4YS2f_y2;Negativo;Negativo;Negativo;Negativo;Negativo
_Iy4YS2f_y3;THE SIMPSONS SEM CORTES TELA CHEIA COMPLETO PORTUGUES;"""todos odeiam burnes""";Início;https://www.youtube.com/watch?v=_Iy4YS2f_y3;Negativo;Negativo;Negativo;Negativo;Negativo
_Iy4YS2f_y4;THE SIMPSONS SEM CORTES TELA CHEIA COMPLETO PORTUGUES;"""isso pode fazer mau""";Início;https://www.youtube.com/watch?v=_Iy4YS2f_y4;Negativo;Neutro;Negativo;Negativo;Negativo
_Iy4YS2f_y5;THE SIMPSONS SEM CORTES TELA CHEIA COMPLETO PORTUGUES;"""cai fora smitter""";Meio;https://www.youtube.com/watch?v=_Iy4YS2f_y5;Negativo;Negativo;Neutro;Negativo;Negativo
_Iy4YS2f_y6;THE SIMPSONS SEM CORTES TELA CHEIA COMPLETO PORTUGUES;"""vou te da um soco""";Meio;https://www.youtube.com/watch?v=_Iy4YS2f_y6;Negativo;Negativo;Negativo;Negativo;Negativo
_Iy4YS2f_y7;THE SIMPSONS SEM CORTES TELA CHEIA COMPLETO PORTUGUES;"""aquele mão de vaca""";Meio;https://www.youtube.com/watch?v=_Iy4YS2f_y7;Negativo;Negativo;Negativo;Negativo;Neutro
_Iy4YS2f_y8;THE SIMPSONS SEM CORTES TELA CHEIA COMPLETO PORTUGUES;"""que demonio fajuto""";Meio;https://www.youtube.com/watch?v=_Iy4YS2f_y8;Negativo;Negativo;Negativo;Negativo;Negativo
_Iy4YS2f_y9;THE SIMPSONS SEM CORTES TELA CHEIA COMPLETO PORTUGUES;"""esse garoto tem alma mais obscura que ja vi""";Meio;https://www.youtube.com/watch?v=_Iy4YS2f_y9;Negativo;Negativo;Negativo;Negativo;Negativo
_Iy4YS2f_y10;THE SIMPSONS SEM CORTES TELA CHEIA COMPLETO PORTUGUES;"""seu ze ruela""";Fim;https://www.youtube.com/watch?v=_Iy4YS2f_y10;Negativo;Negativo;Negativo;Negativo;Negativo
_Iy4YS2f_y11;THE SIMPSONS SEM CORTES TELA CHEIA COMPLETO PORTUGUES;"""seu muleque""";Fim;https://www.youtube.com/watch?v=_Iy4YS2f_y11;Negativo;Negativo;Negativo;Negativo;Neutro
_Iy4YS2f_y12;THE SIMPSONS SEM CORTES TELA CHEIA COMPLETO PORTUGUES;"""de outro mundo""";Fim;https://www.youtube.com/watch?v=_Iy4YS2f_y12;Negativo;Negativo;Negativo;Negativo;Negativo
_Iy4YS2f_y13;THE SIMPSONS SEM CORTES TELA CHEIA COMPLETO PORTUGUES;"""voce matou meu marido""";Fim;https://www.youtube.com/watch?v=_Iy4YS2f_y13;Negativo;Negativo;Negativo;Negativo;Negativo
_Iy4YS2f_y14;THE SIMPSONS SEM CORTES TELA CHEIA COMPLETO PORTUGUES;"""Voce vai ver""";Fim;https://www.youtube.com/watch?v=_Iy4YS2f_y14;Negativo;Negativo;Negativo;Negativo;Negativo
xdVC0umY878;Os Simpsons Completo Em Portugues - Os Simpsons Completo Desenho #46;"""nao faz nada""";Início;https://www.youtube.com/watch?v=xdVC0umY878;Negativo;Negativo;Negativo;Negativo;Negativo
xdVC0umY879;Os Simpsons Completo Em Portugues - Os Simpsons Completo Desenho #47;"""voce e inutil""";Início;https://www.youtube.com/watch?v=xdVC0umY879;Negativo;Negativo;Negativo;Negativo;Negativo
xdVC0umY880;Os Simpsons Completo Em Portugues - Os Simpsons Completo Desenho #48;"""so serve como peso de papel""";Início;https://www.youtube.com/watch?v=xdVC0umY880;Neutro;Positivo;Neutro;Neutro;Neutro
xdVC0umY881;Os Simpsons Completo Em Portugues - Os Simpsons Completo Desenho #49;"""vou pisar em voce""";Início;https://www.youtube.com/watch?v=xdVC0umY881;Negativo;Negativo;Negativo;Negativo;Negativo
xdVC0umY882;Os Simpsons Completo Em Portugues - Os Simpsons Completo Desenho #50;"""voce e muito mao de vaca""";Início;https://www.youtube.com/watch?v=xdVC0umY882;Negativo;Negativo;Negativo;Negativo;Negativo
xdVC0umY883;Os Simpsons Completo Em Portugues - Os Simpsons Completo Desenho #51;"""perdedor""";Meio;https://www.youtube.com/watch?v=xdVC0umY883;Negativo;Negativo;Negativo;Negativo;Negativo
xdVC0umY884;Os Simpsons Completo Em Portugues - Os Simpsons Completo Desenho #52;"""porcaria de carro""";Meio;https://www.youtube.com/watch?v=xdVC0umY884;Negativo;Negativo;Negativo;Negativo;Negativo
xdVC0umY885;Os Simpsons Completo Em Portugues - Os Simpsons Completo Desenho #53;"""inutil""";Meio;https://www.youtube.com/watch?v=xdVC0umY885;Negativo;Negativo;Negativo;Negativo;Negativo
xdVC0umY886;Os Simpsons Completo Em Portugues - Os Simpsons Completo Desenho #54;"""nao sabe fazer nada""";Meio;https://www.youtube.com/watch?v=xdVC0umY886;Negativo;Negativo;Negativo;Negativo;Negativo
xdVC0umY887;Os Simpsons Completo Em Portugues - Os Simpsons Completo Desenho #55;"""voce nao sabia nada""";Meio;https://www.youtube.com/watch?v=xdVC0umY887;Negativo;Negativo;Negativo;Negativo;Negativo
xdVC0umY888;Os Simpsons Completo Em Portugues - Os Simpsons Completo Desenho #56;"""vai impestiar a casa""";Fim;https://www.youtube.com/watch?v=xdVC0umY888;Negativo;Negativo;Negativo;Negativo;Negativo
xdVC0umY889;Os Simpsons Completo Em Portugues - Os Simpsons Completo Desenho #57;"""maldita gata""";Fim;https://www.youtube.com/watch?v=xdVC0umY889;Negativo;Negativo;Negativo;Negativo;Neutro
xdVC0umY892;Os Simpsons Completo Em Portugues - Os Simpsons Completo Desenho #60;"""filho que vive so""";Fim;https://www.youtube.com/watch?v=xdVC0umY892;Negativo;Negativo;Negativo;Negativo;Negativo
7DwIcRr_DD4;Brickleberry - parque de trailer;"""idiota""";Início;https://www.youtube.com/watch?v=7DwIcRr_DD4;Negativo;Negativo;Negativo;Negativo;Negativo
7DwIcRr_DD5;Brickleberry - parque de trailer;"""maldita""";Início;https://www.youtube.com/watch?v=7DwIcRr_DD5;Negativo;Negativo;Negativo;Negativo;Negativo
7DwIcRr_DD7;Brickleberry - parque de trailer;"""aqueles idiotas""";Início;https://www.youtube.com/watch?v=7DwIcRr_DD7;Negativo;Negativo;Negativo;Negativo;Negativo
7DwIcRr_DD9;Brickleberry - parque de trailer;"""sua arvore maldita""";Meio;https://www.youtube.com/watch?v=7DwIcRr_DD9;Negativo;Negativo;Negativo;Negativo;Negativo
7DwIcRr_DD10;Brickleberry - parque de trailer;"""essa e a píor coisa que ele ja fez""";Meio;https://www.youtube.com/watch?v=7DwIcRr_DD10;Negativo;Negativo;Negativo;Positivo;Negativo
7DwIcRr_DD11;Brickleberry - parque de trailer;"""esse caipira""";Meio;https://www.youtube.com/watch?v=7DwIcRr_DD11;Negativo;Negativo;Negativo;Negativo;Negativo
7DwIcRr_DD12;Brickleberry - parque de trailer;"""a festa acabo seu caipira""";Meio;https://www.youtube.com/watch?v=7DwIcRr_DD12;Negativo;Negativo;Negativo;Negativo;Positivo
7DwIcRr_DD13;Brickleberry - parque de trailer;"""cai fora""";Meio;https://www.youtube.com/watch?v=7DwIcRr_DD13;Negativo;Negativo;Negativo;Negativo;Negativo
7DwIcRr_DD14;Brickleberry - parque de trailer;"""volta aqui seu maldito""";Fim;https://www.youtube.com/watch?v=7DwIcRr_DD14;Negativo;Negativo;Positivo;Negativo;Negativo
7DwIcRr_DD16;Brickleberry - parque de trailer;"""abestado""";Fim;https://www.youtube.com/watch?v=7DwIcRr_DD16;Negativo;Negativo;Negativo;Negativo;Negativo
7DwIcRr_DD17;Brickleberry - parque de trailer;"""linguarudo""";Fim;https://www.youtube.com/watch?v=7DwIcRr_DD17;Negativo;Negativo;Negativo;Negativo;Neutro
7DwIcRr_DD18;Brickleberry - parque de trailer;"""voce e esquesito""";Fim;https://www.youtube.com/watch?v=7DwIcRr_DD18;Negativo;Negativo;Negativo;Negativo;Negativo
po2xR4_wEgQ;Mestre Shake Mito;"""o neguinho""";Início;https://www.youtube.com/watch?v=po2xR4_wEgQ;Negativo;Negativo;Negativo;Negativo;Negativo
po2xR4_wEgQ;Mestre Shake Mito;"""leva um pe na boca""";Início;https://www.youtube.com/watch?v=po2xR4_wEgQ;Negativo;Negativo;Negativo;Negativo;Negativo
po2xR4_wEgQ;Mestre Shake Mito;"""seu doente""";Início;https://www.youtube.com/watch?v=po2xR4_wEgQ;Negativo;Negativo;Negativo;Negativo;Negativo
po2xR4_wEgQ;Mestre Shake Mito;"""canalha""";Início;https://www.youtube.com/watch?v=po2xR4_wEgQ;Negativo;Negativo;Negativo;Negativo;Negativo
po2xR4_wEgQ;Mestre Shake Mito;"""o doido""";Início;https://www.youtube.com/watch?v=po2xR4_wEgQ;Negativo;Negativo;Negativo;Negativo;Negativo
po2xR4_wEgQ;Mestre Shake Mito;"""vai penetrar ele""";Meio;https://www.youtube.com/watch?v=po2xR4_wEgQ;Negativo;Negativo;Negativo;Negativo;Negativo
po2xR4_wEgQ;Mestre Shake Mito;"""sai pra la""";Meio;https://www.youtube.com/watch?v=po2xR4_wEgQ;Negativo;Negativo;Negativo;Negativo;Negativo
po2xR4_wEgQ;Mestre Shake Mito;"""assasino""";Meio;https://www.youtube.com/watch?v=po2xR4_wEgQ;Negativo;Negativo;Positivo;Negativo;Negativo
po2xR4_wEgQ;Mestre Shake Mito;"""tu nao tem pai nem mae""";Meio;https://www.youtube.com/watch?v=po2xR4_wEgQ;Negativo;Negativo;Negativo;Negativo;Negativo
po2xR4_wEgQ;Mestre Shake Mito;"""que isso maluco""";Meio;https://www.youtube.com/watch?v=po2xR4_wEgQ;Negativo;Negativo;Negativo;Negativo;Negativo
po2xR4_wEgQ;Mestre Shake Mito;"""faz isso nao""";Fim;https://www.youtube.com/watch?v=po2xR4_wEgQ;Negativo;Neutro;Negativo;Negativo;Negativo
po2xR4_wEgQ;Mestre Shake Mito;"""vai pro mijo""";Fim;https://www.youtube.com/watch?v=po2xR4_wEgQ;Negativo;Negativo;Negativo;Negativo;Neutro
po2xR4_wEgQ;Mestre Shake Mito;"""se paparica ele demais""";Fim;https://www.youtube.com/watch?v=po2xR4_wEgQ;Negativo;Negativo;Negativo;Negativo;Negativo
po2xR4_wEgQ;Mestre Shake Mito;"""fico assustado?""";Fim;https://www.youtube.com/watch?v=po2xR4_wEgQ;Negativo;Negativo;Negativo;Negativo;Negativo
po2xR4_wEgQ;Mestre Shake Mito;"""vai pra jesus""";Fim;https://www.youtube.com/watch?v=po2xR4_wEgQ;Neutro;Neutro;Neutro;Neutro;Neutro
cAyPFi2nwtw;WENDY sendo XINGADA Por 2 Minutos e 25 Segundos;"""voce nao sabe do que esta falando""";Início;https://www.youtube.com/watch?v=cAyPFi2nwtw;Negativo;Negativo;Negativo;Negativo;Negativo
cAyPFi2nwtw;WENDY sendo XINGADA Por 2 Minutos e 25 Segundos;"""bunda gorda""";Início;https://www.youtube.com/watch?v=cAyPFi2nwtw;Negativo;Negativo;Negativo;Negativo;Negativo
cAyPFi2nwtw;WENDY sendo XINGADA Por 2 Minutos e 25 Segundos;"""puta magrela""";Início;https://www.youtube.com/watch?v=cAyPFi2nwtw;Negativo;Negativo;Neutro;Negativo;Negativo
cAyPFi2nwtw;WENDY sendo XINGADA Por 2 Minutos e 25 Segundos;"""um idiota com microfone""";Início;https://www.youtube.com/watch?v=cAyPFi2nwtw;Negativo;Negativo;Negativo;Negativo;Negativo
cAyPFi2nwtw;WENDY sendo XINGADA Por 2 Minutos e 25 Segundos;"""sua puta""";Meio;https://www.youtube.com/watch?v=cAyPFi2nwtw;Negativo;Negativo;Negativo;Negativo;Negativo
cAyPFi2nwtw;WENDY sendo XINGADA Por 2 Minutos e 25 Segundos;"""vadia""";Meio;https://www.youtube.com/watch?v=cAyPFi2nwtw;Negativo;Negativo;Negativo;Negativo;Negativo
cAyPFi2nwtw;WENDY sendo XINGADA Por 2 Minutos e 25 Segundos;"""que coisas ridiculas""";Meio;https://www.youtube.com/watch?v=cAyPFi2nwtw;Negativo;Neutro;Negativo;Negativo;Negativo
cAyPFi2nwtw;WENDY sendo XINGADA Por 2 Minutos e 25 Segundos;"""que vadia""";Meio;https://www.youtube.com/watch?v=cAyPFi2nwtw;Negativo;Negativo;Negativo;Negativo;Negativo
cAyPFi2nwtw;WENDY sendo XINGADA Por 2 Minutos e 25 Segundos;"""babaca""";Fim;https://www.youtube.com/watch?v=cAyPFi2nwtw;Negativo;Negativo;Negativo;Negativo;Negativo
cAyPFi2nwtw;WENDY sendo XINGADA Por 2 Minutos e 25 Segundos;"""voce e uma puta""";Fim;https://www.youtube.com/watch?v=cAyPFi2nwtw;Negativo;Negativo;Negativo;Positivo;Negativo
cAyPFi2nwtw;WENDY sendo XINGADA Por 2 Minutos e 25 Segundos;"""ir se foder""";Fim;https://www.youtube.com/watch?v=cAyPFi2nwtw;Negativo;Negativo;Negativo;Negativo;Negativo
l3Kgu_gHuYo;Morty e seu pai tentam eliminar um aplicativo | Rick & Morty | Adult Swim Brasil;"""um pe rapado""";Início;https://www.youtube.com/watch?v=l3Kgu_gHuYo;Negativo;Negativo;Positivo;Negativo;Negativo
l3Kgu_gHuYo;Morty e seu pai tentam eliminar um aplicativo | Rick & Morty | Adult Swim Brasil;"""quem e essa macaco""";Início;https://www.youtube.com/watch?v=l3Kgu_gHuYo;Negativo;Negativo;Negativo;Negativo;Negativo
l3Kgu_gHuYo;Morty e seu pai tentam eliminar um aplicativo | Rick & Morty | Adult Swim Brasil;"""vou arrancar suas bola""";Início;https://www.youtube.com/watch?v=l3Kgu_gHuYo;Negativo;Negativo;Negativo;Negativo;Negativo
l3Kgu_gHuYo;Morty e seu pai tentam eliminar um aplicativo | Rick & Morty | Adult Swim Brasil;"""seu biperd de merda""";Início;https://www.youtube.com/watch?v=l3Kgu_gHuYo;Negativo;Negativo;Positivo;Negativo;Negativo
l3Kgu_gHuYo;Morty e seu pai tentam eliminar um aplicativo | Rick & Morty | Adult Swim Brasil;"""macaco bobaõ""";Meio;https://www.youtube.com/watch?v=l3Kgu_gHuYo;Negativo;Negativo;Negativo;Negativo;Negativo
l3Kgu_gHuYo;Morty e seu pai tentam eliminar um aplicativo | Rick & Morty | Adult Swim Brasil;"""niguem liga""";Meio;https://www.youtube.com/watch?v=l3Kgu_gHuYo;Negativo;Negativo;Negativo;Negativo;Negativo
l3Kgu_gHuYo;Morty e seu pai tentam eliminar um aplicativo | Rick & Morty | Adult Swim Brasil;"""cuidem das saus proprias merdas""";Meio;https://www.youtube.com/watch?v=l3Kgu_gHuYo;Negativo;Negativo;Negativo;Negativo;Negativo
l3Kgu_gHuYo;Morty e seu pai tentam eliminar um aplicativo | Rick & Morty | Adult Swim Brasil;"""eu te dou uma muqueta""";Meio;https://www.youtube.com/watch?v=l3Kgu_gHuYo;Negativo;Negativo;Negativo;Negativo;Negativo
l3Kgu_gHuYo;Morty e seu pai tentam eliminar um aplicativo | Rick & Morty | Adult Swim Brasil;"""e maluco""";Fim;https://www.youtube.com/watch?v=l3Kgu_gHuYo;Negativo;Negativo;Negativo;Negativo;Negativo
l3Kgu_gHuYo;Morty e seu pai tentam eliminar um aplicativo | Rick & Morty | Adult Swim Brasil;"""babão""";Fim;https://www.youtube.com/watch?v=l3Kgu_gHuYo;Negativo;Negativo;Negativo;Negativo;Negativo
l3Kgu_gHuYo;Morty e seu pai tentam eliminar um aplicativo | Rick & Morty | Adult Swim Brasil;"""voce ta me agredindo""";Fim;https://www.youtube.com/watch?v=l3Kgu_gHuYo;Negativo;Negativo;Negativo;Negativo;Negativo
l3Kgu_gHuYo;Morty e seu pai tentam eliminar um aplicativo | Rick & Morty | Adult Swim Brasil;"""vou te derruba agora""";Fim;https://www.youtube.com/watch?v=l3Kgu_gHuYo;Negativo;Negativo;Negativo;Negativo;Negativo
u79QDPhU8XA;BRICKLEBERRY COMPLETO EM PORTUGUÊS;"""e o cara mais egoista do planeta""";Início;https://www.youtube.com/watch?v=u79QDPhU8XA&list=PLp0X2e-uvoerZOkAFyUjuY1BlGUNZ-dTv;Negativo;Negativo;Negativo;Negativo;Negativo
u79QDPhU8XA;BRICKLEBERRY COMPLETO EM PORTUGUÊS;"""duvido que alguem pense isso de voce""";Início;https://www.youtube.com/watch?v=u79QDPhU8XA&list=PLp0X2e-uvoerZOkAFyUjuY1BlGUNZ-dTv;Neutro;Neutro;Neutro;Neutro;Neutro
u79QDPhU8XA;BRICKLEBERRY COMPLETO EM PORTUGUÊS;"""bichinho de pelucia""";Início;https://www.youtube.com/watch?v=u79QDPhU8XA&list=PLp0X2e-uvoerZOkAFyUjuY1BlGUNZ-dTv;Neutro;Neutro;Neutro;Neutro;Neutro
u79QDPhU8XA;BRICKLEBERRY COMPLETO EM PORTUGUÊS;"""eu odeio essa regra""";Início;https://www.youtube.com/watch?v=u79QDPhU8XA&list=PLp0X2e-uvoerZOkAFyUjuY1BlGUNZ-dTv;Negativo;Negativo;Negativo;Negativo;Negativo
u79QDPhU8XA;BRICKLEBERRY COMPLETO EM PORTUGUÊS;"""seu velho gordo""";Início;https://www.youtube.com/watch?v=u79QDPhU8XA&list=PLp0X2e-uvoerZOkAFyUjuY1BlGUNZ-dTv;Negativo;Negativo;Negativo;Negativo;Negativo
u79QDPhU8XA;BRICKLEBERRY COMPLETO EM PORTUGUÊS;"""ignorante""";Meio;https://www.youtube.com/watch?v=u79QDPhU8XA&list=PLp0X2e-uvoerZOkAFyUjuY1BlGUNZ-dTv;Negativo;Negativo;Positivo;Negativo;Negativo
u79QDPhU8XA;BRICKLEBERRY COMPLETO EM PORTUGUÊS;"""era uma prostituta""";Meio;https://www.youtube.com/watch?v=u79QDPhU8XA&list=PLp0X2e-uvoerZOkAFyUjuY1BlGUNZ-dTv;Negativo;Negativo;Negativo;Negativo;Positivo
u79QDPhU8XA;BRICKLEBERRY COMPLETO EM PORTUGUÊS;"""seu moribundo""";Meio;https://www.youtube.com/watch?v=u79QDPhU8XA&list=PLp0X2e-uvoerZOkAFyUjuY1BlGUNZ-dTv;Negativo;Negativo;Negativo;Negativo;Negativo
u79QDPhU8XA;BRICKLEBERRY COMPLETO EM PORTUGUÊS;"""vai queima no inferno""";Fim;https://www.youtube.com/watch?v=u79QDPhU8XA&list=PLp0X2e-uvoerZOkAFyUjuY1BlGUNZ-dTv;Negativo;Negativo;Negativo;Negativo;Negativo
u79QDPhU8XA;BRICKLEBERRY COMPLETO EM PORTUGUÊS;"""voce ainda vai morrer""";Fim;https://www.youtube.com/watch?v=u79QDPhU8XA&list=PLp0X2e-uvoerZOkAFyUjuY1BlGUNZ-dTv;Negativo;Negativo;Negativo;Negativo;Negativo
u79QDPhU8XA;BRICKLEBERRY COMPLETO EM PORTUGUÊS;"""esse medico e um idiota""";Fim;https://www.youtube.com/watch?v=u79QDPhU8XA&list=PLp0X2e-uvoerZOkAFyUjuY1BlGUNZ-dTv;Negativo;Negativo;Negativo;Negativo;Negativo
u79QDPhU8XA;BRICKLEBERRY COMPLETO EM PORTUGUÊS;"""voces esta sendo egoista""";Fim;https://www.youtube.com/watch?v=u79QDPhU8XA&list=PLp0X2e-uvoerZOkAFyUjuY1BlGUNZ-dTv;Negativo;Negativo;Negativo;Negativo;Negativo
u79QDPhU8XA;BRICKLEBERRY COMPLETO EM PORTUGUÊS;"""seu nojento de uma figa""";Fim;https://www.youtube.com/watch?v=u79QDPhU8XA&list=PLp0X2e-uvoerZOkAFyUjuY1BlGUNZ-dTv;Negativo;Negativo;Negativo;Neutro;Negativo
xjpsz13gXlI;BRICKLEBERRY COMPLETO EM PORTUGUÊS;"""ta calor idiota""";Início;https://www.youtube.com/watch?v=xjpsz13gXlI&list=PLp0X2e-uvoerZOkAFyUjuY1BlGUNZ-dTv&index=3;Negativo;Negativo;Negativo;Negativo;Negativo
xjpsz13gXlI;BRICKLEBERRY COMPLETO EM PORTUGUÊS;"""esse conto de fada imbecil""";Início;https://www.youtube.com/watch?v=xjpsz13gXlI&list=PLp0X2e-uvoerZOkAFyUjuY1BlGUNZ-dTv&index=4;Negativo;Positivo;Negativo;Negativo;Negativo
xjpsz13gXlI;BRICKLEBERRY COMPLETO EM PORTUGUÊS;"""tena nao ser ignorante""";Início;https://www.youtube.com/watch?v=xjpsz13gXlI&list=PLp0X2e-uvoerZOkAFyUjuY1BlGUNZ-dTv&index=5;Negativo;Negativo;Negativo;Negativo;Negativo
xjpsz13gXlI;BRICKLEBERRY COMPLETO EM PORTUGUÊS;"""teimoso""";Início;https://www.youtube.com/watch?v=xjpsz13gXlI&list=PLp0X2e-uvoerZOkAFyUjuY1BlGUNZ-dTv&index=6;Negativo;Negativo;Negativo;Negativo;Negativo
xjpsz13gXlI;BRICKLEBERRY COMPLETO EM PORTUGUÊS;"""voce ta errada""";Meio;https://www.youtube.com/watch?v=xjpsz13gXlI&list=PLp0X2e-uvoerZOkAFyUjuY1BlGUNZ-dTv&index=8;Negativo;Negativo;Negativo;Negativo;Negativo
xjpsz13gXlI;BRICKLEBERRY COMPLETO EM PORTUGUÊS;"""passaros bobão""";Meio;https://www.youtube.com/watch?v=xjpsz13gXlI&list=PLp0X2e-uvoerZOkAFyUjuY1BlGUNZ-dTv&index=9;Negativo;Negativo;Negativo;Negativo;Negativo
xjpsz13gXlI;BRICKLEBERRY COMPLETO EM PORTUGUÊS;"""babaquice""";Fim;https://www.youtube.com/watch?v=xjpsz13gXlI&list=PLp0X2e-uvoerZOkAFyUjuY1BlGUNZ-dTv&index=12;Negativo;Negativo;Positivo;Negativo;Negativo
xjpsz13gXlI;BRICKLEBERRY COMPLETO EM PORTUGUÊS;"""essa sua cara estupida""";Fim;https://www.youtube.com/watch?v=xjpsz13gXlI&list=PLp0X2e-uvoerZOkAFyUjuY1BlGUNZ-dTv&index=13;Negativo;Negativo;Negativo;Negativo;Negativo
xjpsz13gXlI;BRICKLEBERRY COMPLETO EM PORTUGUÊS;"""nao tomo seus remedios""";Fim;https://www.youtube.com/watch?v=xjpsz13gXlI&list=PLp0X2e-uvoerZOkAFyUjuY1BlGUNZ-dTv&index=14;Negativo;Negativo;Negativo;Neutro;Negativo
xjpsz13gXlI;BRICKLEBERRY COMPLETO EM PORTUGUÊS;"""essa bosta de conta de luz""";Fim;https://www.youtube.com/watch?v=xjpsz13gXlI&list=PLp0X2e-uvoerZOkAFyUjuY1BlGUNZ-dTv&index=16;Negativo;Negativo;Negativo;Negativo;Negativo
776LrIBwQcg;BRICKLEBERRY COMPLETO EM PORTUGUÊS;"""ainda vou me vinga de voce""";Início;https://www.youtube.com/watch?v=776LrIBwQcg&list=PLp0X2e-uvoerZOkAFyUjuY1BlGUNZ-dTv&index=3;Negativo;Negativo;Negativo;Negativo;Negativo
776LrIBwQcg;BRICKLEBERRY COMPLETO EM PORTUGUÊS;"""voce ta fedendo""";Início;https://www.youtube.com/watch?v=776LrIBwQcg&list=PLp0X2e-uvoerZOkAFyUjuY1BlGUNZ-dTv&index=4;Negativo;Negativo;Negativo;Negativo;Negativo
776LrIBwQcg;BRICKLEBERRY COMPLETO EM PORTUGUÊS;"""ela e uma bosta de pesadelho""";Início;https://www.youtube.com/watch?v=776LrIBwQcg&list=PLp0X2e-uvoerZOkAFyUjuY1BlGUNZ-dTv&index=5;Negativo;Negativo;Negativo;Negativo;Negativo
776LrIBwQcg;BRICKLEBERRY COMPLETO EM PORTUGUÊS;"""alguem vai pagar por isso""";Início;https://www.youtube.com/watch?v=776LrIBwQcg&list=PLp0X2e-uvoerZOkAFyUjuY1BlGUNZ-dTv&index=6;Negativo;Negativo;Neutro;Negativo;Negativo
776LrIBwQcg;BRICKLEBERRY COMPLETO EM PORTUGUÊS;"""ela não e tão chata quanto parece""";Início;https://www.youtube.com/watch?v=776LrIBwQcg&list=PLp0X2e-uvoerZOkAFyUjuY1BlGUNZ-dTv&index=7;Negativo;Negativo;Negativo;Negativo;Negativo
776LrIBwQcg;BRICKLEBERRY COMPLETO EM PORTUGUÊS;"""que se dane isso""";Meio;https://www.youtube.com/watch?v=776LrIBwQcg&list=PLp0X2e-uvoerZOkAFyUjuY1BlGUNZ-dTv&index=8;Negativo;Negativo;Negativo;Negativo;Negativo
776LrIBwQcg;BRICKLEBERRY COMPLETO EM PORTUGUÊS;"""voce que me forço a isso""";Meio;https://www.youtube.com/watch?v=776LrIBwQcg&list=PLp0X2e-uvoerZOkAFyUjuY1BlGUNZ-dTv&index=9;Negativo;Negativo;Negativo;Negativo;Negativo
776LrIBwQcg;BRICKLEBERRY COMPLETO EM PORTUGUÊS;"""mama udisinho""";Meio;https://www.youtube.com/watch?v=776LrIBwQcg&list=PLp0X2e-uvoerZOkAFyUjuY1BlGUNZ-dTv&index=10;Negativo;Negativo;Negativo;Negativo;Negativo
776LrIBwQcg;BRICKLEBERRY COMPLETO EM PORTUGUÊS;"""seu filho da mãe""";Meio;https://www.youtube.com/watch?v=776LrIBwQcg&list=PLp0X2e-uvoerZOkAFyUjuY1BlGUNZ-dTv&index=11;Negativo;Negativo;Negativo;Negativo;Negativo
776LrIBwQcg;BRICKLEBERRY COMPLETO EM PORTUGUÊS;"""voce e a mulher da diarreia""";Fim;https://www.youtube.com/watch?v=776LrIBwQcg&list=PLp0X2e-uvoerZOkAFyUjuY1BlGUNZ-dTv&index=13;Negativo;Negativo;Negativo;Negativo;Negativo
776LrIBwQcg;BRICKLEBERRY COMPLETO EM PORTUGUÊS;"""voce e a maluca""";Fim;https://www.youtube.com/watch?v=776LrIBwQcg&list=PLp0X2e-uvoerZOkAFyUjuY1BlGUNZ-dTv&index=14;Negativo;Negativo;Negativo;Negativo;Negativo
776LrIBwQcg;BRICKLEBERRY COMPLETO EM PORTUGUÊS;"""eu acho que ela e maluca""";Fim;https://www.youtube.com/watch?v=776LrIBwQcg&list=PLp0X2e-uvoerZOkAFyUjuY1BlGUNZ-dTv&index=15;Negativo;Negativo;Negativo;Negativo;Negativo
776LrIBwQcg;BRICKLEBERRY COMPLETO EM PORTUGUÊS;"""esses branquelos""";Fim;https://www.youtube.com/watch?v=776LrIBwQcg&list=PLp0X2e-uvoerZOkAFyUjuY1BlGUNZ-dTv&index=16;Negativo;Negativo;Negativo;Negativo;Neutro
776LrIBwQcg;BRICKLEBERRY COMPLETO EM PORTUGUÊS;"""seus malditos garotos""";Fim;https://www.youtube.com/watch?v=776LrIBwQcg&list=PLp0X2e-uvoerZOkAFyUjuY1BlGUNZ-dTv&index=18;Negativo;Negativo;Negativo;Negativo;Positivo
kqYwYrmSWLY;BRICKLEBERRY COMPLETO EM PORTUGUÊS;"""cruza seu lombo""";Início;https://www.youtube.com/watch?v=kqYwYrmSWLY&list=PLp0X2e-uvoerZOkAFyUjuY1BlGUNZ-dTv&index=4;Negativo;Negativo;Negativo;Positivo;Negativo
kqYwYrmSWLY;BRICKLEBERRY COMPLETO EM PORTUGUÊS;"""a cone e tão feia""";Início;https://www.youtube.com/watch?v=kqYwYrmSWLY&list=PLp0X2e-uvoerZOkAFyUjuY1BlGUNZ-dTv&index=5;Negativo;Negativo;Negativo;Negativo;Negativo
kqYwYrmSWLY;BRICKLEBERRY COMPLETO EM PORTUGUÊS;"""esses otarios""";Início;https://www.youtube.com/watch?v=kqYwYrmSWLY&list=PLp0X2e-uvoerZOkAFyUjuY1BlGUNZ-dTv&index=6;Negativo;Negativo;Negativo;Negativo;Negativo
kqYwYrmSWLY;BRICKLEBERRY COMPLETO EM PORTUGUÊS;"""os trailers do caipira""";Início;https://www.youtube.com/watch?v=kqYwYrmSWLY&list=PLp0X2e-uvoerZOkAFyUjuY1BlGUNZ-dTv&index=7;Negativo;Negativo;Negativo;Negativo;Negativo
kqYwYrmSWLY;BRICKLEBERRY COMPLETO EM PORTUGUÊS;"""que mulherzinha""";Início;https://www.youtube.com/watch?v=kqYwYrmSWLY&list=PLp0X2e-uvoerZOkAFyUjuY1BlGUNZ-dTv&index=8;Negativo;Negativo;Negativo;Negativo;Negativo
kqYwYrmSWLY;BRICKLEBERRY COMPLETO EM PORTUGUÊS;"""uma baranga feito voce""";Meio;https://www.youtube.com/watch?v=kqYwYrmSWLY&list=PLp0X2e-uvoerZOkAFyUjuY1BlGUNZ-dTv&index=9;Negativo;Negativo;Negativo;Negativo;Negativo
kqYwYrmSWLY;BRICKLEBERRY COMPLETO EM PORTUGUÊS;"""eu cozinho voce""";Meio;https://www.youtube.com/watch?v=kqYwYrmSWLY&list=PLp0X2e-uvoerZOkAFyUjuY1BlGUNZ-dTv&index=10;Negativo;Negativo;Negativo;Negativo;Positivo
kqYwYrmSWLY;BRICKLEBERRY COMPLETO EM PORTUGUÊS;"""velho piranta""";Meio;https://www.youtube.com/watch?v=kqYwYrmSWLY&list=PLp0X2e-uvoerZOkAFyUjuY1BlGUNZ-dTv&index=11;Negativo;Negativo;Negativo;Negativo;Negativo
kqYwYrmSWLY;BRICKLEBERRY COMPLETO EM PORTUGUÊS;"""bigodudo""";Meio;https://www.youtube.com/watch?v=kqYwYrmSWLY&list=PLp0X2e-uvoerZOkAFyUjuY1BlGUNZ-dTv&index=13;Negativo;Negativo;Negativo;Negativo;Negativo
kqYwYrmSWLY;BRICKLEBERRY COMPLETO EM PORTUGUÊS;"""essa sua babaquice""";Fim;https://www.youtube.com/watch?v=kqYwYrmSWLY&list=PLp0X2e-uvoerZOkAFyUjuY1BlGUNZ-dTv&index=14;Negativo;Negativo;Negativo;Negativo;Negativo
kqYwYrmSWLY;BRICKLEBERRY COMPLETO EM PORTUGUÊS;"""vagabundo""";Fim;https://www.youtube.com/watch?v=kqYwYrmSWLY&list=PLp0X2e-uvoerZOkAFyUjuY1BlGUNZ-dTv&index=15;Negativo;Negativo;Negativo;Negativo;Positivo
kqYwYrmSWLY;BRICKLEBERRY COMPLETO EM PORTUGUÊS;"""a se eu te pego""";Fim;https://www.youtube.com/watch?v=kqYwYrmSWLY&list=PLp0X2e-uvoerZOkAFyUjuY1BlGUNZ-dTv&index=16;Negativo;Negativo;Negativo;Negativo;Negativo
kqYwYrmSWLY;BRICKLEBERRY COMPLETO EM PORTUGUÊS;"""esse olhar de peixe mordo""";Fim;https://www.youtube.com/watch?v=kqYwYrmSWLY&list=PLp0X2e-uvoerZOkAFyUjuY1BlGUNZ-dTv&index=17;Negativo;Negativo;Negativo;Negativo;Positivo
kqYwYrmSWLY;BRICKLEBERRY COMPLETO EM PORTUGUÊS;"""imunda""";Fim;https://www.youtube.com/watch?v=kqYwYrmSWLY&list=PLp0X2e-uvoerZOkAFyUjuY1BlGUNZ-dTv&index=18;Negativo;Negativo;Negativo;Negativo;Negativo
kj8EdU4YvIs;BRICKLEBERRY COMPLETO EM PORTUGUÊS;"""e idiota""";Início;https://www.youtube.com/watch?v=kj8EdU4YvIs&list=PLp0X2e-uvoerZOkAFyUjuY1BlGUNZ-dTv&index=7;Negativo;Negativo;Neutro;Negativo;Negativo
kj8EdU4YvIs;BRICKLEBERRY COMPLETO EM PORTUGUÊS;"""otarios""";Início;https://www.youtube.com/watch?v=kj8EdU4YvIs&list=PLp0X2e-uvoerZOkAFyUjuY1BlGUNZ-dTv&index=8;Negativo;Negativo;Negativo;Negativo;Negativo
kj8EdU4YvIs;BRICKLEBERRY COMPLETO EM PORTUGUÊS;"""seu explorador pastel""";Início;https://www.youtube.com/watch?v=kj8EdU4YvIs&list=PLp0X2e-uvoerZOkAFyUjuY1BlGUNZ-dTv&index=9;Negativo;Negativo;Negativo;Negativo;Negativo
kj8EdU4YvIs;BRICKLEBERRY COMPLETO EM PORTUGUÊS;"""seus idiotas""";Início;https://www.youtube.com/watch?v=kj8EdU4YvIs&list=PLp0X2e-uvoerZOkAFyUjuY1BlGUNZ-dTv&index=10;Negativo;Neutro;Negativo;Negativo;Negativo
kj8EdU4YvIs;BRICKLEBERRY COMPLETO EM PORTUGUÊS;"""imundos""";Meio;https://www.youtube.com/watch?v=kj8EdU4YvIs&list=PLp0X2e-uvoerZOkAFyUjuY1BlGUNZ-dTv&index=11;Negativo;Neutro;Negativo;Negativo;Negativo
kj8EdU4YvIs;BRICKLEBERRY COMPLETO EM PORTUGUÊS;"""essa droga""";Meio;https://www.youtube.com/watch?v=kj8EdU4YvIs&list=PLp0X2e-uvoerZOkAFyUjuY1BlGUNZ-dTv&index=12;Negativo;Negativo;Negativo;Negativo;Neutro
kj8EdU4YvIs;BRICKLEBERRY COMPLETO EM PORTUGUÊS;"""aquele idiota na estaca""";Meio;https://www.youtube.com/watch?v=kj8EdU4YvIs&list=PLp0X2e-uvoerZOkAFyUjuY1BlGUNZ-dTv&index=13;Negativo;Negativo;Neutro;Negativo;Negativo
kj8EdU4YvIs;BRICKLEBERRY COMPLETO EM PORTUGUÊS;"""desgraçado""";Meio;https://www.youtube.com/watch?v=kj8EdU4YvIs&list=PLp0X2e-uvoerZOkAFyUjuY1BlGUNZ-dTv&index=14;Negativo;Negativo;Negativo;Negativo;Negativo
kj8EdU4YvIs;BRICKLEBERRY COMPLETO EM PORTUGUÊS;"""essas pessoas sao monstros""";Meio;https://www.youtube.com/watch?v=kj8EdU4YvIs&list=PLp0X2e-uvoerZOkAFyUjuY1BlGUNZ-dTv&index=15;Negativo;Negativo;Negativo;Negativo;Negativo
kj8EdU4YvIs;BRICKLEBERRY COMPLETO EM PORTUGUÊS;"""louca""";Fim;https://www.youtube.com/watch?v=kj8EdU4YvIs&list=PLp0X2e-uvoerZOkAFyUjuY1BlGUNZ-dTv&index=17;Negativo;Negativo;Negativo;Negativo;Negativo
kj8EdU4YvIs;BRICKLEBERRY COMPLETO EM PORTUGUÊS;"""seus doentes""";Fim;https://www.youtube.com/watch?v=kj8EdU4YvIs&list=PLp0X2e-uvoerZOkAFyUjuY1BlGUNZ-dTv&index=18;Negativo;Negativo;Negativo;Negativo;Negativo
Aua2n4zX8FA;Brickleberry dublado - Policiais e motocas;"""arrebento tua cabeça""";Início;https://www.youtube.com/watch?v=Aua2n4zX8FA&list=PLp0X2e-uvoerZOkAFyUjuY1BlGUNZ-dTv&index=7;Negativo;Negativo;Negativo;Negativo;Negativo
Aua2n4zX8FA;Brickleberry dublado - Policiais e motocas;"""muleque safado""";Início;https://www.youtube.com/watch?v=Aua2n4zX8FA&list=PLp0X2e-uvoerZOkAFyUjuY1BlGUNZ-dTv&index=9;Negativo;Negativo;Negativo;Negativo;Negativo
Aua2n4zX8FA;Brickleberry dublado - Policiais e motocas;"""seu estuprador""";Início;https://www.youtube.com/watch?v=Aua2n4zX8FA&list=PLp0X2e-uvoerZOkAFyUjuY1BlGUNZ-dTv&index=10;Negativo;Negativo;Negativo;Negativo;Negativo
Aua2n4zX8FA;Brickleberry dublado - Policiais e motocas;"""voce e estupido""";Início;https://www.youtube.com/watch?v=Aua2n4zX8FA&list=PLp0X2e-uvoerZOkAFyUjuY1BlGUNZ-dTv&index=11;Negativo;Negativo;Negativo;Negativo;Negativo
Aua2n4zX8FA;Brickleberry dublado - Policiais e motocas;"""seu pervetido""";Meio;https://www.youtube.com/watch?v=Aua2n4zX8FA&list=PLp0X2e-uvoerZOkAFyUjuY1BlGUNZ-dTv&index=12;Negativo;Negativo;Negativo;Negativo;Negativo
Aua2n4zX8FA;Brickleberry dublado - Policiais e motocas;"""dois crakudinhos""";Meio;https://www.youtube.com/watch?v=Aua2n4zX8FA&list=PLp0X2e-uvoerZOkAFyUjuY1BlGUNZ-dTv&index=13;Negativo;Negativo;Negativo;Negativo;Negativo
Aua2n4zX8FA;Brickleberry dublado - Policiais e motocas;"""ze ruela""";Meio;https://www.youtube.com/watch?v=Aua2n4zX8FA&list=PLp0X2e-uvoerZOkAFyUjuY1BlGUNZ-dTv&index=14;Negativo;Negativo;Negativo;Negativo;Negativo
Aua2n4zX8FA;Brickleberry dublado - Policiais e motocas;"""chupa essa manga""";Meio;https://www.youtube.com/watch?v=Aua2n4zX8FA&list=PLp0X2e-uvoerZOkAFyUjuY1BlGUNZ-dTv&index=15;Negativo;Negativo;Negativo;Negativo;Negativo
Aua2n4zX8FA;Brickleberry dublado - Policiais e motocas;"""balofa""";Meio;https://www.youtube.com/watch?v=Aua2n4zX8FA&list=PLp0X2e-uvoerZOkAFyUjuY1BlGUNZ-dTv&index=16;Negativo;Negativo;Negativo;Negativo;Negativo
Aua2n4zX8FA;Brickleberry dublado - Policiais e motocas;"""minha bolota""";Fim;https://www.youtube.com/watch?v=Aua2n4zX8FA&list=PLp0X2e-uvoerZOkAFyUjuY1BlGUNZ-dTv&index=17;Negativo;Negativo;Negativo;Negativo;Negativo
Aua2n4zX8FA;Brickleberry dublado - Policiais e motocas;"""muita boiolagem""";Fim;https://www.youtube.com/watch?v=Aua2n4zX8FA&list=PLp0X2e-uvoerZOkAFyUjuY1BlGUNZ-dTv&index=18;Negativo;Positivo;Negativo;Negativo;Negativo
Aua2n4zX8FA;Brickleberry dublado - Policiais e motocas;"""eu espero que o matem""";Fim;https://www.youtube.com/watch?v=Aua2n4zX8FA&list=PLp0X2e-uvoerZOkAFyUjuY1BlGUNZ-dTv&index=19;Negativo;Negativo;Neutro;Negativo;Negativo
Aua2n4zX8FA;Brickleberry dublado - Policiais e motocas;"""essa motoclistas loucos""";Fim;https://www.youtube.com/watch?v=Aua2n4zX8FA&list=PLp0X2e-uvoerZOkAFyUjuY1BlGUNZ-dTv&index=20;Negativo;Negativo;Neutro;Negativo;Negativo
Aua2n4zX8FA;Brickleberry dublado - Policiais e motocas;"""vamos acaba com eles""";Fim;https://www.youtube.com/watch?v=Aua2n4zX8FA&list=PLp0X2e-uvoerZOkAFyUjuY1BlGUNZ-dTv&index=21;Negativo;Negativo;Negativo;Negativo;Negativo
FHwZXAvz5GA;FAMILY GUY SUPER COMPILAÇÃO #2;"""nao se meta na minha vida""";Início;https://www.youtube.com/watch?v=FHwZXAvz5GA;Negativo;Negativo;Negativo;Negativo;Negativo
FHwZXAvz5GA;FAMILY GUY SUPER COMPILAÇÃO #3;"""e ta todo mundo louco""";Início;https://www.youtube.com/watch?v=FHwZXAvz5GA;Negativo;Negativo;Negativo;Positivo;Negativo
FHwZXAvz5GA;FAMILY GUY SUPER COMPILAÇÃO #4;"""venho no lugar errado""";Início;https://www.youtube.com/watch?v=FHwZXAvz5GA;Negativo;Negativo;Negativo;Negativo;Negativo
FHwZXAvz5GA;FAMILY GUY SUPER COMPILAÇÃO #5;"""tu ta com a maior catinga""";Início;https://www.youtube.com/watch?v=FHwZXAvz5GA;Negativo;Negativo;Negativo;Negativo;Neutro
FHwZXAvz5GA;FAMILY GUY SUPER COMPILAÇÃO #6;"""playboi""";Meio;https://www.youtube.com/watch?v=FHwZXAvz5GA;Negativo;Negativo;Positivo;Negativo;Negativo
FHwZXAvz5GA;FAMILY GUY SUPER COMPILAÇÃO #7;"""voce e horrivel""";Meio;https://www.youtube.com/watch?v=FHwZXAvz5GA;Negativo;Negativo;Negativo;Negativo;Negativo
FHwZXAvz5GA;FAMILY GUY SUPER COMPILAÇÃO #8;"""isso e loucura""";Meio;https://www.youtube.com/watch?v=FHwZXAvz5GA;Negativo;Neutro;Negativo;Negativo;Negativo
FHwZXAvz5GA;FAMILY GUY SUPER COMPILAÇÃO #9;"""voce e despresivel""";Meio;https://www.youtube.com/watch?v=FHwZXAvz5GA;Negativo;Negativo;Negativo;Negativo;Negativo
FHwZXAvz5GA;FAMILY GUY SUPER COMPILAÇÃO #11;"""eu odeio voces""";Fim;https://www.youtube.com/watch?v=FHwZXAvz5GA;Negativo;Negativo;Negativo;Negativo;Negativo
FHwZXAvz5GA;FAMILY GUY SUPER COMPILAÇÃO #12;"""isso foi horrivel""";Fim;https://www.youtube.com/watch?v=FHwZXAvz5GA;Negativo;Negativo;Negativo;Negativo;Negativo
FHwZXAvz5GA;FAMILY GUY SUPER COMPILAÇÃO #13;"""para com isso""";Fim;https://www.youtube.com/watch?v=FHwZXAvz5GA;Negativo;Negativo;Negativo;Negativo;Negativo
FHwZXAvz5GA;FAMILY GUY SUPER COMPILAÇÃO #14;"""voce e sozinha""";Fim;https://www.youtube.com/watch?v=FHwZXAvz5GA;Negativo;Negativo;Negativo;Negativo;Negativo
FHwZXAvz5GA;FAMILY GUY SUPER COMPILAÇÃO #15;"""Eu nao ligo pro que voce pensa""";Fim;https://www.youtube.com/watch?v=FHwZXAvz5GA;Negativo;Negativo;Negativo;Negativo;Negativo
XZmhao2xKjU;Brickleberry - Acampar não é fácil ( dublado );"""gay bufalo""";Início;https://www.youtube.com/watch?v=XZmhao2xKjU&list=PLp0X2e-uvoerZOkAFyUjuY1BlGUNZ-dTv&index=9;Negativo;Negativo;Negativo;Neutro;Negativo
XZmhao2xKjU;Brickleberry - Acampar não é fácil ( dublado );"""pais otarios""";Início;https://www.youtube.com/watch?v=XZmhao2xKjU&list=PLp0X2e-uvoerZOkAFyUjuY1BlGUNZ-dTv&index=10;Negativo;Neutro;Negativo;Negativo;Negativo
XZmhao2xKjU;Brickleberry - Acampar não é fácil ( dublado );"""esses pirralhos""";Início;https://www.youtube.com/watch?v=XZmhao2xKjU&list=PLp0X2e-uvoerZOkAFyUjuY1BlGUNZ-dTv&index=11;Negativo;Negativo;Negativo;Negativo;Negativo
XZmhao2xKjU;Brickleberry - Acampar não é fácil ( dublado );"""imbecis""";Início;https://www.youtube.com/watch?v=XZmhao2xKjU&list=PLp0X2e-uvoerZOkAFyUjuY1BlGUNZ-dTv&index=12;Negativo;Negativo;Negativo;Negativo;Positivo
XZmhao2xKjU;Brickleberry - Acampar não é fácil ( dublado );"""garoto esquisito""";Meio;https://www.youtube.com/watch?v=XZmhao2xKjU&list=PLp0X2e-uvoerZOkAFyUjuY1BlGUNZ-dTv&index=13;Negativo;Negativo;Negativo;Negativo;Negativo
XZmhao2xKjU;Brickleberry - Acampar não é fácil ( dublado );"""nao gostamos de voce""";Meio;https://www.youtube.com/watch?v=XZmhao2xKjU&list=PLp0X2e-uvoerZOkAFyUjuY1BlGUNZ-dTv&index=14;Negativo;Negativo;Negativo;Negativo;Negativo
XZmhao2xKjU;Brickleberry - Acampar não é fácil ( dublado );"""nao enche meu saco""";Meio;https://www.youtube.com/watch?v=XZmhao2xKjU&list=PLp0X2e-uvoerZOkAFyUjuY1BlGUNZ-dTv&index=15;Negativo;Neutro;Negativo;Negativo;Negativo
XZmhao2xKjU;Brickleberry - Acampar não é fácil ( dublado );"""gordinhos""";Meio;https://www.youtube.com/watch?v=XZmhao2xKjU&list=PLp0X2e-uvoerZOkAFyUjuY1BlGUNZ-dTv&index=16;Negativo;Negativo;Negativo;Neutro;Negativo
XZmhao2xKjU;Brickleberry - Acampar não é fácil ( dublado );"""queimem pessoas""";Fim;https://www.youtube.com/watch?v=XZmhao2xKjU&list=PLp0X2e-uvoerZOkAFyUjuY1BlGUNZ-dTv&index=17;Negativo;Negativo;Positivo;Negativo;Negativo
XZmhao2xKjU;Brickleberry - Acampar não é fácil ( dublado );"""os esquisitinhos dos esteve""";Fim;https://www.youtube.com/watch?v=XZmhao2xKjU&list=PLp0X2e-uvoerZOkAFyUjuY1BlGUNZ-dTv&index=18;Negativo;Negativo;Negativo;Neutro;Negativo
XZmhao2xKjU;Brickleberry - Acampar não é fácil ( dublado );"""voce e o pior conselheiro""";Fim;https://www.youtube.com/watch?v=XZmhao2xKjU&list=PLp0X2e-uvoerZOkAFyUjuY1BlGUNZ-dTv&index=19;Negativo;Negativo;Negativo;Negativo;Negativo
XZmhao2xKjU;Brickleberry - Acampar não é fácil ( dublado );"""esse pirralho""";Fim;https://www.youtube.com/watch?v=XZmhao2xKjU&list=PLp0X2e-uvoerZOkAFyUjuY1BlGUNZ-dTv&index=20;Negativo;Negativo;Negativo;Negativo;Negativo
XZmhao2xKjU;Brickleberry - Acampar não é fácil ( dublado );"""metido a besta""";Fim;https://www.youtube.com/watch?v=XZmhao2xKjU&list=PLp0X2e-uvoerZOkAFyUjuY1BlGUNZ-dTv&index=21;Negativo;Negativo;Negativo;Positivo;Negativo
RPf8cYrA9wQ;Irmão do Jorel - Jardim da Pesada - Episódio completo!;"""o jovem Cuidado com os alienígenas Eles estão chegando ai de novo você não gosta mais de legumes agora não é que eu não gosto de legumes pressionar possível""";Início;https://www.youtube.com/watch?v=RPf8cYrA9wQ;Positivo;Positivo;Negativo;Positivo;Positivo
RPf8cYrA9wQ;Irmão do Jorel - Jardim da Pesada - Episódio completo!;"""a cada vegetal tem suas próprias características e valores nutricionais que fazem deles únicos""";Início;https://www.youtube.com/watch?v=RPf8cYrA9wQ;Positivo;Positivo;Positivo;Positivo;Positivo
RPf8cYrA9wQ;Irmão do Jorel - Jardim da Pesada - Episódio completo!;"""eu não gosto de legumes que legumes tem que como ele é bom ficar crescer forte igualzinho seus irmãos""";Início;https://www.youtube.com/watch?v=RPf8cYrA9wQ;Positivo;Negativo;Positivo;Positivo;Positivo
RPf8cYrA9wQ;Irmão do Jorel - Jardim da Pesada - Episódio completo!;"""eu tenho direito de ter meu preocupada eu quero botar sorvete de flocos eu tô passando de sorvete de flocos do SL ninguém a sorvete de flocos""";Início;https://www.youtube.com/watch?v=RPf8cYrA9wQ;Positivo;Positivo;Positivo;Positivo;Positivo
RPf8cYrA9wQ;Irmão do Jorel - Jardim da Pesada - Episódio completo!;"""deixa o cabelo lindo e ajuda a evacuar e vai falar de fazer cocô dá para fazer silêncio a senhora tá mandando uma virada aqui agora""";Início;https://www.youtube.com/watch?v=RPf8cYrA9wQ;Positivo;Positivo;Positivo;Neutro;Positivo
RPf8cYrA9wQ;Irmão do Jorel - Jardim da Pesada - Episódio completo!;"""você é o garoto que tem nojo de legume vai chorar eu não gosto muito não como assim não gosta você nem conhece a gente""";Meio;https://www.youtube.com/watch?v=RPf8cYrA9wQ;Positivo;Positivo;Positivo;Negativo;Positivo
RPf8cYrA9wQ;Irmão do Jorel - Jardim da Pesada - Episódio completo!;"""a minha mãe disse que cada vegetal tem suas próprias características e valores nutricionais que fazem deles únicos""";Meio;https://www.youtube.com/watch?v=RPf8cYrA9wQ;Positivo;Positivo;Positivo;Positivo;Positivo
RPf8cYrA9wQ;Irmão do Jorel - Jardim da Pesada - Episódio completo!;"""Ah eu esqueci você é do reino animal e amigos um dos outros assim""";Meio;https://www.youtube.com/watch?v=RPf8cYrA9wQ;Positivo;Positivo;Positivo;Positivo;Neutro
RPf8cYrA9wQ;Irmão do Jorel - Jardim da Pesada - Episódio completo!;"""nós somos muito mais únicos que as frutas Não foi isso que eu disse temos que possuir um muro para gente pedir que eles continuem vindo aqui acabar com a nossa""";Meio;https://www.youtube.com/watch?v=RPf8cYrA9wQ;Positivo;Positivo;Positivo;Positivo;Positivo
RPf8cYrA9wQ;Irmão do Jorel - Jardim da Pesada - Episódio completo!;"""não passa de um tomate seco e sai o olho como você é assim não não só aceito nem no mundo dos legumes e nem no mundo das frutas""";Meio;https://www.youtube.com/watch?v=RPf8cYrA9wQ;Positivo;Positivo;Positivo;Positivo;Positivo
RPf8cYrA9wQ;Irmão do Jorel - Jardim da Pesada - Episódio completo!;"""Alerta certa na tema que para lá derrubar aquele Yuri foram Nossa no lugar aí eles não podem ver pro lado de cá""";Fim;https://www.youtube.com/watch?v=RPf8cYrA9wQ;Positivo;Positivo;Positivo;Positivo;Positivo
RPf8cYrA9wQ;Irmão do Jorel - Jardim da Pesada - Episódio completo!;"""chega de violência uma criança brincando e aprendendo uma lição valiosa ao mesmo tempo""";Fim;https://www.youtube.com/watch?v=RPf8cYrA9wQ;Positivo;Positivo;Positivo;Positivo;Positivo
RPf8cYrA9wQ;Irmão do Jorel - Jardim da Pesada - Episódio completo!;"""somos todos diferentes porque você é muito lindo é para mostrar os dentes para ficar sorrindo""";Fim;https://www.youtube.com/watch?v=RPf8cYrA9wQ;Positivo;Positivo;Positivo;Positivo;Positivo
RPf8cYrA9wQ;Irmão do Jorel - Jardim da Pesada - Episódio completo!;"""a gente só precisava de uma batida irada e uma máquina de fumaça para perceber isso a paz é o caminho é isso mesmo""";Fim;https://www.youtube.com/watch?v=RPf8cYrA9wQ;Positivo;Positivo;Positivo;Positivo;Positivo
RPf8cYrA9wQ;Irmão do Jorel - Jardim da Pesada - Episódio completo!;"""todos juntos somos fortes""";Fim;https://www.youtube.com/watch?v=RPf8cYrA9wQ;Positivo;Positivo;Positivo;Negativo;Positivo
fyNKcIvBrtc;UMA FAMILIA DA PESADA MELHORES MOMENTOS Brian BEIJA Stewie 3° TEMPORADA HD DUBLADO;"""Ai amor estou tão orgulhosa de você viu só Bryan a Megan arrumou um emprego e pegue você vai trabalhar para o prefeito e isso significa que até você está se saindo melhor que o Brian""";Início;https://www.youtube.com/watch?v=fyNKcIvBrtc;Positivo;Positivo;Positivo;Positivo;Positivo
fyNKcIvBrtc;UMA FAMILIA DA PESADA MELHORES MOMENTOS Brian BEIJA Stewie 3° TEMPORADA HD DUBLADO;"""Eu sei que não vai dar em nada mas Quer fazer alguma coisa mais tarde""";Início;https://www.youtube.com/watch?v=fyNKcIvBrtc;Neutro;Neutro;Neutro;Neutro;Neutro
fyNKcIvBrtc;UMA FAMILIA DA PESADA MELHORES MOMENTOS Brian BEIJA Stewie 3° TEMPORADA HD DUBLADO;"""O que foi essa confusão eu acho que esse coelhinho devia ter me evitado você está tão linda é sempre muito linda ai vocês são tão fofinhos""";Início;https://www.youtube.com/watch?v=fyNKcIvBrtc;Positivo;Positivo;Positivo;Positivo;Positivo
fyNKcIvBrtc;UMA FAMILIA DA PESADA MELHORES MOMENTOS Brian BEIJA Stewie 3° TEMPORADA HD DUBLADO;"""É melhor pegar o leite agora antes que eu me esqueça Então se vira um coelhinho correndo por aí diga que se ele estragar a minha cabeça eu vou torcer o pescoço dele""";Início;https://www.youtube.com/watch?v=fyNKcIvBrtc;Negativo;Negativo;Negativo;Negativo;Negativo
fyNKcIvBrtc;UMA FAMILIA DA PESADA MELHORES MOMENTOS Brian BEIJA Stewie 3° TEMPORADA HD DUBLADO;"""O que é isso prazer é meu podem esperar um pouquinho eu vou levar isso pra ela ir na contabilidade a agenda do prefeito isso deve nos dizer o que queremos saber""";Início;https://www.youtube.com/watch?v=fyNKcIvBrtc;Neutro;Neutro;Neutro;Neutro;Neutro
fyNKcIvBrtc;UMA FAMILIA DA PESADA MELHORES MOMENTOS Brian BEIJA Stewie 3° TEMPORADA HD DUBLADO;"""mãe você sabe que eu tenho que ir para o shopping no sábado porque eu tenho a minha vida né Ei que horas são vamos perder o filme é vamos lá pessoal""";Meio;https://www.youtube.com/watch?v=fyNKcIvBrtc;Negativo;Negativo;Negativo;Negativo;Negativo
fyNKcIvBrtc;UMA FAMILIA DA PESADA MELHORES MOMENTOS Brian BEIJA Stewie 3° TEMPORADA HD DUBLADO;"""Armando está com o aluguel estamos tentando mas a terra não usa nada o sol não bate aqui já foram dois meses Armando está me colocando numa posição muito difícil por favor só mais uma semana""";Meio;https://www.youtube.com/watch?v=fyNKcIvBrtc;Negativo;Negativo;Negativo;Negativo;Negativo
fyNKcIvBrtc;UMA FAMILIA DA PESADA MELHORES MOMENTOS Brian BEIJA Stewie 3° TEMPORADA HD DUBLADO;"""você é um cachorro não pode ver as cores O que quer dizer que não pode ver as cores da bandeira americana""";Meio;https://www.youtube.com/watch?v=fyNKcIvBrtc;Neutro;Neutro;Neutro;Neutro;Neutro
fyNKcIvBrtc;UMA FAMILIA DA PESADA MELHORES MOMENTOS Brian BEIJA Stewie 3° TEMPORADA HD DUBLADO;"""Ai meu Deus Socorro devo tirar eu devo deixar devo tirar o devo deixar muito bem pessoal isso é onde é que todo mundo se meteu nós não temos pagantes há meses ninguém mais anda de trem""";Meio;https://www.youtube.com/watch?v=fyNKcIvBrtc;Negativo;Negativo;Negativo;Negativo;Negativo
fyNKcIvBrtc;UMA FAMILIA DA PESADA MELHORES MOMENTOS Brian BEIJA Stewie 3° TEMPORADA HD DUBLADO;"""vocês são ladrões sim então vocês podem levar minha carteira o meu cartão de crédito tá aí dentro Mas para ser bem sincero eu vou cancelado antes que vocês possam usá-lo""";Meio;https://www.youtube.com/watch?v=fyNKcIvBrtc;Neutro;Neutro;Neutro;Neutro;Neutro
fyNKcIvBrtc;UMA FAMILIA DA PESADA MELHORES MOMENTOS Brian BEIJA Stewie 3° TEMPORADA HD DUBLADO;"""Dinheiro não importa há 10 anos o papai ofereceu 10 milhões de dólares pra gente e Eu recusei amor é amor e sempre vão recusar porque dinheiro só complica tudo""";Fim;https://www.youtube.com/watch?v=fyNKcIvBrtc;Positivo;Positivo;Positivo;Positivo;Positivo
fyNKcIvBrtc;UMA FAMILIA DA PESADA MELHORES MOMENTOS Brian BEIJA Stewie 3° TEMPORADA HD DUBLADO;"""Meu amor somos ricos de novo e peguei metade do dinheiro dele somos donos da metade da CNN e da TNT legal muito bem amigo nós somos ricos nós vai se ferrar seu camponeses""";Fim;https://www.youtube.com/watch?v=fyNKcIvBrtc;Negativo;Negativo;Negativo;Negativo;Negativo
fyNKcIvBrtc;UMA FAMILIA DA PESADA MELHORES MOMENTOS Brian BEIJA Stewie 3° TEMPORADA HD DUBLADO;"""credo você é mais burro que o pai são tumores gigantes estou surpreso que não tenha percebido""";Fim;https://www.youtube.com/watch?v=fyNKcIvBrtc;Negativo;Negativo;Negativo;Negativo;Negativo
fyNKcIvBrtc;UMA FAMILIA DA PESADA MELHORES MOMENTOS Brian BEIJA Stewie 3° TEMPORADA HD DUBLADO;"""Madre superiora eu pequei e qual foi o pecado minha criança bem não foi nada eu também pequeno Qual é o seu problema eu não comecei essa guerra mas eu vou lutar""";Fim;https://www.youtube.com/watch?v=fyNKcIvBrtc;Negativo;Negativo;Negativo;Negativo;Negativo
fyNKcIvBrtc;UMA FAMILIA DA PESADA MELHORES MOMENTOS Brian BEIJA Stewie 3° TEMPORADA HD DUBLADO;"""será que gostaria de comprar um pouco de maconha Uau que a morte Seria melhor se tivéssemos morrido isso não é verdade naquele tempo que passamos juntos""";Fim;https://www.youtube.com/watch?v=fyNKcIvBrtc;Negativo;Negativo;Negativo;Negativo;Negativo
8ICEkiPJm1g;Sítio do seu Lobato | Músicas infants | 20 minutos;"""Seu Lobato tinha um sítio ia iaô e no seu sítio tinha uma vaquinha ia ia ô""";Início;https://www.youtube.com/watch?v=8ICEkiPJm1g;Positivo;Positivo;Positivo;Positivo;Positivo
8ICEkiPJm1g;Sítio do seu Lobato | Músicas infants | 20 minutos;"""era quá quá quá PR cá era quá quá quá PR lá era quá quá quá para todo lado i i ô""";Início;https://www.youtube.com/watch?v=8ICEkiPJm1g;Positivo;Positivo;Positivo;Positivo;Positivo
8ICEkiPJm1g;Sítio do seu Lobato | Músicas infants | 20 minutos;"""toca toca toca toca toca toca toca buzina no ônibus toca toca pela a cidade""";Início;https://www.youtube.com/watch?v=8ICEkiPJm1g;Positivo;Positivo;Positivo;Positivo;Positivo
8ICEkiPJm1g;Sítio do seu Lobato | Músicas infants | 20 minutos;"""os passageiros sobem descem sobem descem sobem descem os passageiros sobem descem pela cidade""";Início;https://www.youtube.com/watch?v=8ICEkiPJm1g;Positivo;Positivo;Positivo;Positivo;Positivo
8ICEkiPJm1g;Sítio do seu Lobato | Músicas infants | 20 minutos;"""meu pintinho amarelinho cabe aqui na minha mão na minha mão quando quer comer bichinhos""";Início;https://www.youtube.com/watch?v=8ICEkiPJm1g;Positivo;Positivo;Positivo;Positivo;Positivo
8ICEkiPJm1g;Sítio do seu Lobato | Músicas infants | 20 minutos;"""um dois três indiozinhos quatro cinco seis indiozinhos sete oito nove indiozinhos 10 um pequeno bote""";Meio;https://www.youtube.com/watch?v=8ICEkiPJm1g;Positivo;Positivo;Positivo;Positivo;Positivo
8ICEkiPJm1g;Sítio do seu Lobato | Músicas infants | 20 minutos;"""vinha navegando pelo rio abaixo quando o jacaré se aproximou e o pequeno bote dos indiozinhos quase quase virou""";Meio;https://www.youtube.com/watch?v=8ICEkiPJm1g;Positivo;Positivo;Positivo;Positivo;Positivo
8ICEkiPJm1g;Sítio do seu Lobato | Músicas infants | 20 minutos;"""havia uma barata na careca do vovô assim que ela me viu bateu asas e voou""";Meio;https://www.youtube.com/watch?v=8ICEkiPJm1g;Positivo;Positivo;Positivo;Positivo;Positivo
8ICEkiPJm1g;Sítio do seu Lobato | Músicas infants | 20 minutos;"""o cravo brigou com a rosa debaixo de uma sacada O Cravo ficou ferido e a Rosa despedaçada""";Meio;https://www.youtube.com/watch?v=8ICEkiPJm1g;Positivo;Positivo;Positivo;Positivo;Positivo
8ICEkiPJm1g;Sítio do seu Lobato | Músicas infants | 20 minutos;"""a linda rosa juvenil juvenil juvenil a linda rosa juvenil juvenil Vivi Alegre no seu lar no seu lar no seu lar""";Meio;https://www.youtube.com/watch?v=8ICEkiPJm1g;Positivo;Positivo;Positivo;Positivo;Positivo
8ICEkiPJm1g;Sítio do seu Lobato | Músicas infants | 20 minutos;"""que despertou a Rosa assim bem assim bem assim que despertou a Rosa assim bem assim""";Fim;https://www.youtube.com/watch?v=8ICEkiPJm1g;Positivo;Positivo;Positivo;Positivo;Positivo
8ICEkiPJm1g;Sítio do seu Lobato | Músicas infants | 20 minutos;"""cabeça ombro joelho e pé joelho e pé olhos ouvidos boca e nariz cabeça ombro joelho e pé""";Fim;https://www.youtube.com/watch?v=8ICEkiPJm1g;Positivo;Positivo;Negativo;Positivo;Positivo
8ICEkiPJm1g;Sítio do seu Lobato | Músicas infants | 20 minutos;"""cai cai balão cai cai balão aqui na minha mão não cai não não cai não não cai não cai na rua do sabão""";Fim;https://www.youtube.com/watch?v=8ICEkiPJm1g;Positivo;Positivo;Positivo;Positivo;Positivo
8ICEkiPJm1g;Sítio do seu Lobato | Músicas infants | 20 minutos;"""Pai Francisco entrou na roda tocando o seu violão par vem de lá seu Delegado e pai Francisco foi pra prisão""";Fim;https://www.youtube.com/watch?v=8ICEkiPJm1g;Positivo;Positivo;Positivo;Positivo;Positivo
8ICEkiPJm1g;Sítio do seu Lobato | Músicas infants | 20 minutos;"""Pirulito que Bate e bate pirulito que já bateu quem gosta de mim é ela quem gosta dela sou eu""";Fim;https://www.youtube.com/watch?v=8ICEkiPJm1g;Positivo;Positivo;Positivo;Positivo;Positivo
MB5Jj3ozC5Y;TENTE NÃO RIR - OS SIMPSONS;"""O senhor sempre passa fio dental Claro o tempo todo eu vou à loja de fio dental e eles falam uau lá vem ele de novo De tanto fio dental que compro""";Início;https://www.youtube.com/watch?v=MB5Jj3ozC5Y;Neutro;Neutro;Neutro;Neutro;Neutro
MB5Jj3ozC5Y;TENTE NÃO RIR - OS SIMPSONS;"""ai meu Deus minha gengiva tá doendo tanto ai ainda nem comecei Eu sei mas veio um vento da janela e entrou na minha boca sua sog""";Início;https://www.youtube.com/watch?v=MB5Jj3ozC5Y;Negativo;Negativo;Negativo;Negativo;Negativo
MB5Jj3ozC5Y;TENTE NÃO RIR - OS SIMPSONS;"""eu nem tenho problema especial nos dentes é só uma revisão de rotina ou ou ai ah o sugador está me sufocando acabou ah nem foi tão ruim""";Início;https://www.youtube.com/watch?v=MB5Jj3ozC5Y;Negativo;Negativo;Negativo;Negativo;Negativo
MB5Jj3ozC5Y;TENTE NÃO RIR - OS SIMPSONS;"""ele não pode saber que eu matei aula ele não pode saber que eu fugi do trabalho boa tarde como vai senhor idiota oi eu tenho uma entrega especial para Homer simson""";Início;https://www.youtube.com/watch?v=MB5Jj3ozC5Y;Negativo;Negativo;Negativo;Negativo;Negativo
MB5Jj3ozC5Y;TENTE NÃO RIR - OS SIMPSONS;"""eu não posso lhe fazer a entrega especial célula de animação aqui está sua entrega especial Ah já sei oi isso é por eu esperar meu nome é que eu não bebo nada""";Início;https://www.youtube.com/watch?v=MB5Jj3ozC5Y;Neutro;Neutro;Neutro;Neutro;Neutro
MB5Jj3ozC5Y;TENTE NÃO RIR - OS SIMPSONS;"""o meu nome é R a bebida arruinou a minha vida Tenho 31 anos de idade meu nome é ROM só estou aqui porque o tribunal me mandou virom aqui com a nossa ajuda""";Meio;https://www.youtube.com/watch?v=MB5Jj3ozC5Y;Neutro;Neutro;Neutro;Positivo;Neutro
MB5Jj3ozC5Y;TENTE NÃO RIR - OS SIMPSONS;"""você jamais voltará a beber vamos fazer uns testes Isto é um detetor de mentiras vou fazer umas perguntas de respostas sim ou não e o Senhor responde honestamente entendeu Entendi""";Meio;https://www.youtube.com/watch?v=MB5Jj3ozC5Y;Neutro;Neutro;Neutro;Neutro;Negativo
MB5Jj3ozC5Y;TENTE NÃO RIR - OS SIMPSONS;"""alguma coisa contra bem talz eu tenha mas não matei Confere o senhor pode ir embora ótimo hoje eu tenho um encontro legal uma tra vou jantar com os amigos sozinho vou assistir televisão""";Meio;https://www.youtube.com/watch?v=MB5Jj3ozC5Y;Negativo;Negativo;Negativo;Negativo;Negativo
MB5Jj3ozC5Y;TENTE NÃO RIR - OS SIMPSONS;"""Oi otários tem só uma olhada a morde vai me levar para andar de moto no cemitério você vai ao dentista também pai Ah bem que eu fiquei pensando porque no cemitério""";Meio;https://www.youtube.com/watch?v=MB5Jj3ozC5Y;Negativo;Negativo;Negativo;Negativo;Negativo
MB5Jj3ozC5Y;TENTE NÃO RIR - OS SIMPSONS;"""o próximo item é para as mulheres quantas vezes vocês mulheres se atrasaram para uma reunião de Altos negócios e se deram conta de que não estão usando maquiagem""";Meio;https://www.youtube.com/watch?v=MB5Jj3ozC5Y;Neutro;Neutro;Neutro;Neutro;Neutro
MB5Jj3ozC5Y;TENTE NÃO RIR - OS SIMPSONS;"""você diz uma coisa depois o b diz outra apenas vão botando para fora e eu usarei a minha mente inventiva para combiná-las numa ideia original brilhante não é certo""";Fim;https://www.youtube.com/watch?v=MB5Jj3ozC5Y;Neutro;Neutro;Neutro;Neutro;Neutro
MB5Jj3ozC5Y;TENTE NÃO RIR - OS SIMPSONS;"""você é o máximo eu posso fazer alguma coisa por você sim pode ler o livro de vez em quando não Ei mol você tem leite bom ou é leite ou é tinta é tinta ou não é""";Fim;https://www.youtube.com/watch?v=MB5Jj3ozC5Y;Neutro;Neutro;Neutro;Neutro;Positivo
MB5Jj3ozC5Y;TENTE NÃO RIR - OS SIMPSONS;"""Romer não pode castigar as crianças Só porque não consegue ter uma ideia não sei por são meus filhos eu sou o dono deles tá nós somos os donos deles hum Hum Oi amor""";Fim;https://www.youtube.com/watch?v=MB5Jj3ozC5Y;Negativo;Negativo;Negativo;Negativo;Negativo
MB5Jj3ozC5Y;TENTE NÃO RIR - OS SIMPSONS;"""Que tal nós compens armos por ontem à noite não olha para mim mas você ocupa tudo mon saia daqui vai embora graças a Deus tô cego eu sou o próximo não""";Fim;https://www.youtube.com/watch?v=MB5Jj3ozC5Y;Negativo;Negativo;Negativo;Negativo;Negativo
MB5Jj3ozC5Y;TENTE NÃO RIR - OS SIMPSONS;"""Lisa você diz uma coisa depois o bart diz outra apenas vão botando para fora e eu usarei a minha mente inventiva para combiná-las numa ideia original brilhante""";Fim;https://www.youtube.com/watch?v=MB5Jj3ozC5Y;Neutro;Neutro;Positivo;Neutro;Neutro
byOMoRVlgy4;Rick, Morty e a família estão em perigo: eles vão se mudar para outro planeta | Rick & Morty;"""Eu discordo não Odeio o jogador odeio o jogo F como você pode ser tão desonesto com essa família ah ah eu devia ser mais aberto e confiável e amável""";Início;https://www.youtube.com/watch?v=byOMoRVlgy4;Negativo;Negativo;Negativo;Negativo;Negativo
byOMoRVlgy4;Rick, Morty e a família estão em perigo: eles vão se mudar para outro planeta | Rick & Morty;"""agora sabemos por US vai se foder Summer e que se for o governo e que eu me foda também por ter abaixado a guarda o que eu nunca farei de novo""";Início;https://www.youtube.com/watch?v=byOMoRVlgy4;Negativo;Negativo;Positivo;Negativo;Negativo
byOMoRVlgy4;Rick, Morty e a família estão em perigo: eles vão se mudar para outro planeta | Rick & Morty;"""Caramba você não pode mandar sua neta seick acabei de mandar Mor e aqui a cereja do bolo vai se foder você""";Início;https://www.youtube.com/watch?v=byOMoRVlgy4;Negativo;Negativo;Negativo;Negativo;Negativo
byOMoRVlgy4;Rick, Morty e a família estão em perigo: eles vão se mudar para outro planeta | Rick & Morty;"""noss quer ir cas escuta quem quiser voltar pra terra está livre para ir mas vai acontecer o seguinte burocratas alienígenas vão te prender""";Início;https://www.youtube.com/watch?v=byOMoRVlgy4;Negativo;Negativo;Negativo;Positivo;Negativo
byOMoRVlgy4;Rick, Morty e a família estão em perigo: eles vão se mudar para outro planeta | Rick & Morty;"""Vão colocar o equivalente intergalático de cabos auxiliares nas suas bolas ou na vulva ligarem uma bateria de carro Alienígena até vocês contarem onde estou""";Início;https://www.youtube.com/watch?v=byOMoRVlgy4;Negativo;Negativo;Negativo;Negativo;Negativo
byOMoRVlgy4;Rick, Morty e a família estão em perigo: eles vão se mudar para outro planeta | Rick & Morty;"""então quem quer voltar bate palma damas mais alguém O que nós vamos fazer onde nós vamos morar Relaxa essa é uma benção disfarçada a terra que se foda sacaram que o nome significa fica sujeira né""";Meio;https://www.youtube.com/watch?v=byOMoRVlgy4;Negativo;Negativo;Negativo;Negativo;Negativo
byOMoRVlgy4;Rick, Morty e a família estão em perigo: eles vão se mudar para outro planeta | Rick & Morty;"""a gente encontra um mundo novo computador quanto os planetas na Via lcta São pelo menos 90% similares a terra 765 planetas conhecidos quantos deles estão fora da jurisdição da Federação""";Meio;https://www.youtube.com/watch?v=byOMoRVlgy4;Neutro;Neutro;Positivo;Neutro;Neutro
byOMoRVlgy4;Rick, Morty e a família estão em perigo: eles vão se mudar para outro planeta | Rick & Morty;"""viram ganhamos na loteria quem quer comprar a porra de um mundo totalmente novo É isso aí olha essa belezura nem dá para saber que não é a terra""";Meio;https://www.youtube.com/watch?v=byOMoRVlgy4;Negativo;Negativo;Negativo;Negativo;Negativo
byOMoRVlgy4;Rick, Morty e a família estão em perigo: eles vão se mudar para outro planeta | Rick & Morty;"""Tá sim Rick por não tem a África H problema de gente Branca Mor vamos lá dar uma conferida Ah achei que estivesse mais longe eu acho que esse é um pouco pequeno""";Meio;https://www.youtube.com/watch?v=byOMoRVlgy4;Negativo;Negativo;Negativo;Negativo;Positivo
byOMoRVlgy4;Rick, Morty e a família estão em perigo: eles vão se mudar para outro planeta | Rick & Morty;"""mãe P olha espiga de morango nossa dá uma olhada pessoal espiga de flores espiga de morango e espiga de flores hã Isso é muito legal aquilo são montanhas numa espiga put merda entra na nave querida""";Meio;https://www.youtube.com/watch?v=byOMoRVlgy4;Negativo;Negativo;Negativo;Negativo;Negativo
byOMoRVlgy4;Rick, Morty e a família estão em perigo: eles vão se mudar para outro planeta | Rick & Morty;"""tudo está em espigas o planeta inteiro está em espigas vai vai vai um é pouco dois é bom três é melhor vamos ver o que tem por aqui parece bom e nada de espigas eu não sabia que era um requisito mas não é ótimo""";Fim;https://www.youtube.com/watch?v=byOMoRVlgy4;Neutro;Neutro;Neutro;Neutro;Neutro
byOMoRVlgy4;Rick, Morty e a família estão em perigo: eles vão se mudar para outro planeta | Rick & Morty;"""o planeta obscuro conhecido como Terra anteriormente o esconderijo do terrorista interestelar e fugitivo Ricky Sanchez acabou de se tornar o planeta de número 6048 a se juntar à Federação galática""";Fim;https://www.youtube.com/watch?v=byOMoRVlgy4;Negativo;Negativo;Negativo;Negativo;Negativo
byOMoRVlgy4;Rick, Morty e a família estão em perigo: eles vão se mudar para outro planeta | Rick & Morty;"""nativos descendentes de primatas que adoram comer espaguete e rezam para cangurus espaguete cangurus eu tenho que conhecer esse lugar é tem mesmo Contate o Ministério do Turismo para mais detalhes""";Fim;https://www.youtube.com/watch?v=byOMoRVlgy4;Neutro;Neutro;Neutro;Neutro;Neutro
byOMoRVlgy4;Rick, Morty e a família estão em perigo: eles vão se mudar para outro planeta | Rick & Morty;"""enquanto Rick ainda estivera solta vão querer interrogar a gente mas isso é puramente hipotético e se entregássemos o seu pai pro governo Jerry que Deus me ajude se você falar disso de novo""";Fim;https://www.youtube.com/watch?v=byOMoRVlgy4;Negativo;Negativo;Negativo;Negativo;Negativo
byOMoRVlgy4;Rick, Morty e a família estão em perigo: eles vão se mudar para outro planeta | Rick & Morty;"""uou oh uma caverna de gelo caralho as coisas continuam melhorando uau é o núcleo do planeta eu só tô dizendo continuamos agindo como se existissem apenas duas opções mas não""";Fim;https://www.youtube.com/watch?v=byOMoRVlgy4;Negativo;Negativo;Negativo;Negativo;Negativo
6ZRIgT6nwv4;FAMILY GUY SUPER COMPILAÇÃO #2 brian traumatiza peter;"""colar separados você está bem ótimo porque está perguntando das colas industriais certamente sabem como fazer uma cola saborosa""";Início;https://www.youtube.com/watch?v=6ZRIgT6nwv4;Positivo;Positivo;Positivo;Positivo;Negativo
6ZRIgT6nwv4;FAMILY GUY SUPER COMPILAÇÃO #2 brian traumatiza peter;"""não como isso pelo amor de Deus não seja tão babaca isso vai me matar dá para você soltar minha mão agora""";Início;https://www.youtube.com/watch?v=6ZRIgT6nwv4;Positivo;Positivo;Positivo;Positivo;Positivo
6ZRIgT6nwv4;FAMILY GUY SUPER COMPILAÇÃO #2 brian traumatiza peter;"""gosto de limpar o seu bumbum tá bom deixa que eu falo estava indo a 100 por hora amigo 20 Km acima do que está""";Início;https://www.youtube.com/watch?v=6ZRIgT6nwv4;Positivo;Positivo;Positivo;Positivo;Positivo
6ZRIgT6nwv4;FAMILY GUY SUPER COMPILAÇÃO #2 brian traumatiza peter;"""ele me atraiu para o parque com Promessas de doces e histórias engraçadas senhor já ouviu falar da cola Industrial super colante""";Início;https://www.youtube.com/watch?v=6ZRIgT6nwv4;Positivo;Positivo;Positivo;Positivo;Positivo
6ZRIgT6nwv4;FAMILY GUY SUPER COMPILAÇÃO #2 brian traumatiza peter;"""tem uma garotinha no fundo do poço oh meu Deus infelizmente ninguém tem braços para alcançá-la exceto aquele cara""";Início;https://www.youtube.com/watch?v=6ZRIgT6nwv4;Positivo;Positivo;Positivo;Positivo;Neutro
6ZRIgT6nwv4;FAMILY GUY SUPER COMPILAÇÃO #2 brian traumatiza peter;"""oratio pegou o Luiz e pelas mãos levando para fora dos estábulos enquanto o busto dela balançava""";Meio;https://www.youtube.com/watch?v=6ZRIgT6nwv4;Positivo;Positivo;Positivo;Positivo;Positivo
6ZRIgT6nwv4;FAMILY GUY SUPER COMPILAÇÃO #2 brian traumatiza peter;"""a mente de luzes se antecipava enquanto os dois amantes se enrolavam no feno provavelmente atingido o gosto de Luiz servia""";Meio;https://www.youtube.com/watch?v=6ZRIgT6nwv4;Positivo;Positivo;Positivo;Positivo;Positivo
6ZRIgT6nwv4;FAMILY GUY SUPER COMPILAÇÃO #2 brian traumatiza peter;"""Você é invisível tenho que admitir me sinto um babaca por ter sido enganado por um livrinho que a luz escreveu""";Meio;https://www.youtube.com/watch?v=6ZRIgT6nwv4;Positivo;Positivo;Positivo;Positivo;Positivo
6ZRIgT6nwv4;FAMILY GUY SUPER COMPILAÇÃO #2 brian traumatiza peter;"""a alavanca que estou puxando só está dois terços do limite Na verdade eu posso aumentar mais Isso é ótimo Scott""";Meio;https://www.youtube.com/watch?v=6ZRIgT6nwv4;Positivo;Positivo;Positivo;Positivo;Positivo
6ZRIgT6nwv4;FAMILY GUY SUPER COMPILAÇÃO #2 brian traumatiza peter;"""você está todo musculoso seu corpo parece o pescoço do Paul McCartney não foi elogio você está horrível""";Meio;https://www.youtube.com/watch?v=6ZRIgT6nwv4;Positivo;Positivo;Positivo;Positivo;Positivo
6ZRIgT6nwv4;FAMILY GUY SUPER COMPILAÇÃO #2 brian traumatiza peter;"""achou que ia ver o pênis da minha mulher mas não viu o meu Voltamos a apresentar PT você não precisa ligar para casa""";Fim;https://www.youtube.com/watch?v=6ZRIgT6nwv4;Positivo;Positivo;Positivo;Positivo;Positivo
6ZRIgT6nwv4;FAMILY GUY SUPER COMPILAÇÃO #2 brian traumatiza peter;"""eu fiz cocô na sua gravatinha não aguento mais mensagem para Brian perdi minha bunda no jogo""";Fim;https://www.youtube.com/watch?v=6ZRIgT6nwv4;Positivo;Positivo;Positivo;Positivo;Positivo
6ZRIgT6nwv4;FAMILY GUY SUPER COMPILAÇÃO #2 brian traumatiza peter;"""É como se eu estivesse empurrando um saco cheio de ossos de galinha porque você tem tantos mamilos""";Fim;https://www.youtube.com/watch?v=6ZRIgT6nwv4;Positivo;Positivo;Positivo;Positivo;Positivo
6ZRIgT6nwv4;FAMILY GUY SUPER COMPILAÇÃO #2 brian traumatiza peter;"""Você tá parecendo o meu pé quando a loja me deu um banho bem quente qual é não está tão ruim meu pelo vai crescer""";Fim;https://www.youtube.com/watch?v=6ZRIgT6nwv4;Positivo;Positivo;Positivo;Positivo;Positivo
6ZRIgT6nwv4;FAMILY GUY SUPER COMPILAÇÃO #2 brian traumatiza peter;"""Prontinho bonitão você está bonito mesmo""";Fim;https://www.youtube.com/watch?v=6ZRIgT6nwv4;Positivo;Positivo;Positivo;Positivo;Positivo
MyGeiwDCWL8;SUPER COMPILAÇÃO FAMILY GUY #5 a filha do Ronald Mcdonald;"""Por que as mulheres têm peitos para que a gente tenha alguma coisa para olhar enquanto elas falam É isso mesmo""";Início;https://www.youtube.com/watch?v=MyGeiwDCWL8;Neutro;Neutro;Neutro;Neutro;Negativo
MyGeiwDCWL8;SUPER COMPILAÇÃO FAMILY GUY #5 a filha do Ronald Mcdonald;"""Vocês são os culpados por termos tantos crimes desse país e são os culpados por termos tanta violência nesse país""";Início;https://www.youtube.com/watch?v=MyGeiwDCWL8;Neutro;Neutro;Neutro;Negativo;Neutro
MyGeiwDCWL8;SUPER COMPILAÇÃO FAMILY GUY #5 a filha do Ronald Mcdonald;"""a soma dos quadrados preciso eu preciso mesmo quer ser uma estrela não quero Então pode tirar isso isso muito bom""";Início;https://www.youtube.com/watch?v=MyGeiwDCWL8;Neutro;Neutro;Neutro;Neutro;Neutro
MyGeiwDCWL8;SUPER COMPILAÇÃO FAMILY GUY #5 a filha do Ronald Mcdonald;"""Tchau pai não espera acordada não vai sair com essa maquiagem forte para cima é uma McDonald's não uma vadia""";Início;https://www.youtube.com/watch?v=MyGeiwDCWL8;Neutro;Neutro;Neutro;Neutro;Neutro
MyGeiwDCWL8;SUPER COMPILAÇÃO FAMILY GUY #5 a filha do Ronald Mcdonald;"""a esposa e o filho ser encarregados por 7 milhões de formigas não conheço alguém que esteja bem depois de ver isso""";Início;https://www.youtube.com/watch?v=MyGeiwDCWL8;Neutro;Neutro;Neutro;Neutro;Neutro
MyGeiwDCWL8;SUPER COMPILAÇÃO FAMILY GUY #5 a filha do Ronald Mcdonald;"""eu estou numa gincana preciso de um pé humano bom Como regra eu diria não mas tudo bem pode entrar""";Meio;https://www.youtube.com/watch?v=MyGeiwDCWL8;Neutro;Neutro;Neutro;Neutro;Neutro
MyGeiwDCWL8;SUPER COMPILAÇÃO FAMILY GUY #5 a filha do Ronald Mcdonald;"""ele vai me matar ele adorava aquele laço bem mas é Não tanto quanto o bastão mas é nós Nossa proibimos""";Meio;https://www.youtube.com/watch?v=MyGeiwDCWL8;Neutro;Neutro;Neutro;Neutro;Neutro
MyGeiwDCWL8;SUPER COMPILAÇÃO FAMILY GUY #5 a filha do Ronald Mcdonald;"""eu não quero tocar piano é mesmo prefere tocar o pagode Não se preocupe sei como lidar com isso senhor""";Meio;https://www.youtube.com/watch?v=MyGeiwDCWL8;Neutro;Neutro;Neutro;Neutro;Neutro
MyGeiwDCWL8;SUPER COMPILAÇÃO FAMILY GUY #5 a filha do Ronald Mcdonald;"""diretoria gostaria de apresentar o brinquedo mais quente do ano o senhor abobrinha ele tem um estilo muito legal""";Meio;https://www.youtube.com/watch?v=MyGeiwDCWL8;Neutro;Neutro;Neutro;Neutro;Neutro
MyGeiwDCWL8;SUPER COMPILAÇÃO FAMILY GUY #5 a filha do Ronald Mcdonald;"""primeiro é para é para desenhar o pênis depois tentei escultura é para é para esculpir o pênis""";Meio;https://www.youtube.com/watch?v=MyGeiwDCWL8;Neutro;Neutro;Neutro;Neutro;Neutro
MyGeiwDCWL8;SUPER COMPILAÇÃO FAMILY GUY #5 a filha do Ronald Mcdonald;"""Ai que droga olha parece que eu costurei o sapato na minha mão eu posso ver a enfermeira substitu de pressa""";Fim;https://www.youtube.com/watch?v=MyGeiwDCWL8;Neutro;Neutro;Neutro;Positivo;Neutro
MyGeiwDCWL8;SUPER COMPILAÇÃO FAMILY GUY #5 a filha do Ronald Mcdonald;"""Obesidade infantil ei ah você me pegou você foi devagar não eu não fui devagar não cheguei bem perto""";Fim;https://www.youtube.com/watch?v=MyGeiwDCWL8;Neutro;Neutro;Neutro;Neutro;Neutro
MyGeiwDCWL8;SUPER COMPILAÇÃO FAMILY GUY #5 a filha do Ronald Mcdonald;"""Sou normas não posso lhe dar um tratamento especial tudo bem Joe e eu entendo carada seu velho""";Fim;https://www.youtube.com/watch?v=MyGeiwDCWL8;Neutro;Neutro;Neutro;Neutro;Neutro
MyGeiwDCWL8;SUPER COMPILAÇÃO FAMILY GUY #5 a filha do Ronald Mcdonald;"""ei prepare-se para rir prepare-se para rir devo ter pegado a curva errada em abuquerque Ah eu não aguento mais isso""";Fim;https://www.youtube.com/watch?v=MyGeiwDCWL8;Neutro;Neutro;Neutro;Neutro;Neutro
MyGeiwDCWL8;SUPER COMPILAÇÃO FAMILY GUY #5 a filha do Ronald Mcdonald;"""Você tinha que pegar as batatinhas seu babaca droga Helen se não me deixar em paz eu juro que ou juro que não""";Fim;https://www.youtube.com/watch?v=MyGeiwDCWL8;Neutro;Neutro;Neutro;Neutro;Neutro
jsUbBKXxPLw;Os Simpsons episódio | temporada 31 episódio 1;"""Não esquece de garantir que os guerreiros que você matar estejam realmente mortos Eu recomendo esos faquear dissolverem ácido dinamite no traseiro""";Início;https://www.youtube.com/watch?v=jsUbBKXxPLw;Negativo;Negativo;Negativo;Negativo;Negativo
jsUbBKXxPLw;Os Simpsons episódio | temporada 31 episódio 1;"""escaldar deixar os porcos comerem fritar vivos não jogue isso na frente dela ela vai ter pesadelos""";Início;https://www.youtube.com/watch?v=jsUbBKXxPLw;Negativo;Negativo;Negativo;Negativo;Negativo
jsUbBKXxPLw;Os Simpsons episódio | temporada 31 episódio 1;"""Minha filha está se comunicando comigo vamos fazer um teste você gosta de ervilha Mais Você gosta de molho de maçã""";Início;https://www.youtube.com/watch?v=jsUbBKXxPLw;Neutro;Neutro;Neutro;Neutro;Neutro
jsUbBKXxPLw;Os Simpsons episódio | temporada 31 episódio 1;"""a partir de agora vamos limitar o tempo para essas porcarias de de celular é isso é demais""";Início;https://www.youtube.com/watch?v=jsUbBKXxPLw;Negativo;Negativo;Negativo;Negativo;Negativo
jsUbBKXxPLw;Os Simpsons episódio | temporada 31 episódio 1;"""ai caramba entra aqui meu filho um n em minha vida era só brincadeirinha seu monstro me fez acreditar que a escola seria destruída""";Início;https://www.youtube.com/watch?v=jsUbBKXxPLw;Negativo;Negativo;Negativo;Negativo;Negativo
jsUbBKXxPLw;Os Simpsons episódio | temporada 31 episódio 1;"""eu estou numa espiral de vergonha andando com cretinos e vagabundos Oi Gary Isso é para não falar o meu nome""";Meio;https://www.youtube.com/watch?v=jsUbBKXxPLw;Negativo;Negativo;Negativo;Negativo;Negativo
jsUbBKXxPLw;Os Simpsons episódio | temporada 31 episódio 1;"""Eu recusei o sabe as pessoas eram muito legais e eles me acharam legal também o que eu achei um barato mas eu não vou ser uma vendedora de droga gente""";Meio;https://www.youtube.com/watch?v=jsUbBKXxPLw;Neutro;Neutro;Neutro;Neutro;Neutro
jsUbBKXxPLw;Os Simpsons episódio | temporada 31 episódio 1;"""cannabis é legalizada no nosso estado é é praticamente a mesma coisa que trabalhar numa loja de bebidas trabar loja de bebidas aí não viaja não grandão""";Meio;https://www.youtube.com/watch?v=jsUbBKXxPLw;Neutro;Neutro;Neutro;Neutro;Neutro
jsUbBKXxPLw;Os Simpsons episódio | temporada 31 episódio 1;"""Mat larica do crust o lanche que é o maior barato entendeu entendeu entendeu Eu entendi""";Meio;https://www.youtube.com/watch?v=jsUbBKXxPLw;Neutro;Neutro;Neutro;Neutro;Negativo
jsUbBKXxPLw;Os Simpsons episódio | temporada 31 episódio 1;"""Mas eu vi o meu pai levar uma toranja para lanchar Valeu aí espertão isso custou a nossa vitória seu vacilão""";Meio;https://www.youtube.com/watch?v=jsUbBKXxPLw;Negativo;Negativo;Negativo;Negativo;Negativo
jsUbBKXxPLw;Os Simpsons episódio | temporada 31 episódio 1;"""sim mas é egoísmo trazer uma nova vida ao mundo com recursos em declínio o planeta está ficando sem obras assistível por Hamburger helper""";Fim;https://www.youtube.com/watch?v=jsUbBKXxPLw;Negativo;Neutro;Negativo;Negativo;Negativo
jsUbBKXxPLw;Os Simpsons episódio | temporada 31 episódio 1;"""Aperta o botão de fazer pipoca po Caraca cara meu herói é um fracasso""";Fim;https://www.youtube.com/watch?v=jsUbBKXxPLw;Negativo;Negativo;Positivo;Negativo;Negativo
jsUbBKXxPLw;Os Simpsons episódio | temporada 31 episódio 1;"""club club dos bilionários amados Olá sejam bem-vindos todos os outros bilionários amados estão aqui tem o buffet tem o Bill Gates e mar Zuckerberg pode dar fora daqui""";Fim;https://www.youtube.com/watch?v=jsUbBKXxPLw;Negativo;Negativo;Negativo;Negativo;Negativo
jsUbBKXxPLw;Os Simpsons episódio | temporada 31 episódio 1;"""dança gordinha gordinha interna e gordinha fofa fofa o que que tá acontecendo comigo tô ficando gordinha ai quer dizer maluca se controla""";Fim;https://www.youtube.com/watch?v=jsUbBKXxPLw;Negativo;Negativo;Negativo;Negativo;Negativo
jsUbBKXxPLw;Os Simpsons episódio | temporada 31 episódio 1;"""eu não sobrevivi à Segunda Guerra Mundial só para ficar nas mãos de uma safada que esconde remédios eu vou lutar por isso""";Fim;https://www.youtube.com/watch?v=jsUbBKXxPLw;Negativo;Negativo;Negativo;Negativo;Negativo
_7Ca5ZbDcqg;SUPER COMPILAÇÃO FAMILY GUY #9;"""bota logo para fora dona está na hora do meu lanche da tarde meu Deus STE e acho que você está com fome amor Vá com calma dessa vez a mamãe tá muito dolorida""";Início;https://www.youtube.com/watch?v=_7Ca5ZbDcqg;Neutro;Neutro;Neutro;Neutro;Neutro
_7Ca5ZbDcqg;SUPER COMPILAÇÃO FAMILY GUY #9;"""Ah eu falo a sua língua você empregada limpa para mim Peter Você limpa bagunça Peter muito bem pessoal é a última noite da minha empregada""";Início;https://www.youtube.com/watch?v=_7Ca5ZbDcqg;Neutro;Neutro;Neutro;Neutro;Neutro
_7Ca5ZbDcqg;SUPER COMPILAÇÃO FAMILY GUY #9;"""muito bem quire hora de alguém dançar no seu copo não pessoal eu não posso fazer isso é degradante pr as mulheres""";Início;https://www.youtube.com/watch?v=_7Ca5ZbDcqg;Negativo;Negativo;Negativo;Negativo;Negativo
_7Ca5ZbDcqg;SUPER COMPILAÇÃO FAMILY GUY #9;"""eu sei quando tá mentindo para mim como o papai não é que sabe quando você tá dormindo hum o que foi isso""";Início;https://www.youtube.com/watch?v=_7Ca5ZbDcqg;Neutro;Neutro;Neutro;Neutro;Neutro
_7Ca5ZbDcqg;SUPER COMPILAÇÃO FAMILY GUY #9;"""eu não acredito que não tomamos cuidado isso deve ter acontecido na noite que realizamos umas fantasias Ah é preciso apanhar eu sou uma garotinha muito má""";Início;https://www.youtube.com/watch?v=_7Ca5ZbDcqg;Negativo;Negativo;Negativo;Negativo;Negativo
_7Ca5ZbDcqg;SUPER COMPILAÇÃO FAMILY GUY #9;"""meu saco meu saco não esse brinquedo é meu aí Onde você arrumou esse corte de cabelo rid mais alguém quer sentir minha pegada nas bolas""";Meio;https://www.youtube.com/watch?v=_7Ca5ZbDcqg;Negativo;Negativo;Negativo;Negativo;Negativo
_7Ca5ZbDcqg;SUPER COMPILAÇÃO FAMILY GUY #9;"""desculpe esposa gorda passando Desculpe desculpe com licen espere um segundo tudo bem dá pr passar pter para com isso pelo amor de Deus Está Me envergonhando""";Meio;https://www.youtube.com/watch?v=_7Ca5ZbDcqg;Negativo;Neutro;Negativo;Negativo;Negativo
_7Ca5ZbDcqg;SUPER COMPILAÇÃO FAMILY GUY #9;"""eu vou dar o fora enquanto ele tira medidas pros protetores íntimos de vocês naquela barraca Tchau você tem o hábito horrível de aparecer quando não é bem-vindo""";Meio;https://www.youtube.com/watch?v=_7Ca5ZbDcqg;Negativo;Neutro;Negativo;Negativo;Negativo
_7Ca5ZbDcqg;SUPER COMPILAÇÃO FAMILY GUY #9;"""Sua vaca a sua mãe recebeu uma oferta para ser modelo é sério e por não aceitou bom eu queria mas o seu avô não permitiu""";Meio;https://www.youtube.com/watch?v=_7Ca5ZbDcqg;Negativo;Negativo;Neutro;Negativo;Negativo
_7Ca5ZbDcqg;SUPER COMPILAÇÃO FAMILY GUY #9;"""Ah céus B isso é doentio é a sua mãe eu só tô tentando me urmar saia saia já desta casa falei agora""";Meio;https://www.youtube.com/watch?v=_7Ca5ZbDcqg;Negativo;Negativo;Negativo;Negativo;Negativo
_7Ca5ZbDcqg;SUPER COMPILAÇÃO FAMILY GUY #9;"""se vamos nos esconder no bairro asiático temos que encontrar um lugar para morar é e não devemos fazer nada que indique que nós não somos daqui""";Fim;https://www.youtube.com/watch?v=_7Ca5ZbDcqg;Neutro;Neutro;Neutro;Neutro;Neutro
_7Ca5ZbDcqg;SUPER COMPILAÇÃO FAMILY GUY #9;"""Ah meu Deus é nojento aqui um páo Nossa o STE entendeu direito oh O que você está fazendo é molhado aqui embaixo Brian isso é pior do que quando cheirei cocaína com c malden""";Fim;https://www.youtube.com/watch?v=_7Ca5ZbDcqg;Negativo;Negativo;Negativo;Negativo;Negativo
_7Ca5ZbDcqg;SUPER COMPILAÇÃO FAMILY GUY #9;"""eu sinto muito eu sinto muito não não não você é fofinho você é fofo mas eu não quero te pegar eu não quero não quero tá bem tá bem cá""";Fim;https://www.youtube.com/watch?v=_7Ca5ZbDcqg;Negativo;Negativo;Negativo;Negativo;Negativo
_7Ca5ZbDcqg;SUPER COMPILAÇÃO FAMILY GUY #9;"""as estatísticas indicam que esses dois homens vão estuprá-la eu não vou te estuprar quem sabe fofinho""";Fim;https://www.youtube.com/watch?v=_7Ca5ZbDcqg;Negativo;Negativo;Neutro;Negativo;Negativo
to-vCoccqZw;Tio Ruckus Exorcisando de Tom DuBois(criolo) - The Boondocks 2T E04 Dublado;"""tirar o espírito maligno de um Criolo de um negro é tão difícil quanto tirar o fedor de um monte de bosta""";Início;https://www.youtube.com/watch?v=to-vCoccqZw;Negativo;Negativo;Negativo;Negativo;Negativo
to-vCoccqZw;Tio Ruckus Exorcisando de Tom DuBois(criolo) - The Boondocks 2T E04 Dublado;"""Precisamos usar as armas que o grande Deus Branco nos deu para lutarmos contra os criolos um chicote uma forca um cacetete""";Início;https://www.youtube.com/watch?v=to-vCoccqZw;Negativo;Negativo;Negativo;Negativo;Negativo
to-vCoccqZw;Tio Ruckus Exorcisando de Tom DuBois(criolo) - The Boondocks 2T E04 Dublado;"""evitem conversar com o Criolo ele vai mentir para vocês ele vai inventar desculpas ele vai usar palavras que ele nem sabe o que são de verdade""";Início;https://www.youtube.com/watch?v=to-vCoccqZw;Negativo;Negativo;Negativo;Negativo;Negativo
to-vCoccqZw;Tio Ruckus Exorcisando de Tom DuBois(criolo) - The Boondocks 2T E04 Dublado;"""Meu nome é Padre Reverendo tio rucos sem relações em nome do Jesus branco e todos os grandes homens brancos que o seguiram""";Início;https://www.youtube.com/watch?v=to-vCoccqZw;Neutro;Neutro;Neutro;Neutro;Neutro
to-vCoccqZw;Tio Ruckus Exorcisando de Tom DuBois(criolo) - The Boondocks 2T E04 Dublado;"""eu ordeno que essa sua alma de Criolo negro volte para as profundezas do inferno isso aí não é nada para mim""";Início;https://www.youtube.com/watch?v=to-vCoccqZw;Negativo;Negativo;Negativo;Negativo;Negativo
to-vCoccqZw;Tio Ruckus Exorcisando de Tom DuBois(criolo) - The Boondocks 2T E04 Dublado;"""repitan conmigo a frase Sagrada mano Tire Essa sua bunda negra daqui mano tira essa sua bunda negra daqui""";Meio;https://www.youtube.com/watch?v=to-vCoccqZw;Negativo;Negativo;Negativo;Negativo;Negativo
to-vCoccqZw;Tio Ruckus Exorcisando de Tom DuBois(criolo) - The Boondocks 2T E04 Dublado;"""isso não é Exorcismo é espancamento vamos logo sua put Vocês são uns merdas suas mães são várias horas depois""";Meio;https://www.youtube.com/watch?v=to-vCoccqZw;Negativo;Negativo;Negativo;Negativo;Negativo
to-vCoccqZw;Tio Ruckus Exorcisando de Tom DuBois(criolo) - The Boondocks 2T E04 Dublado;"""Qual é a porra do teu problema R você é retardado seu puto se espancarem ele até a morte vão falar o que pra polícia""";Meio;https://www.youtube.com/watch?v=to-vCoccqZw;Negativo;Negativo;Negativo;Negativo;Negativo
to-vCoccqZw;Tio Ruckus Exorcisando de Tom DuBois(criolo) - The Boondocks 2T E04 Dublado;"""enquanto ele for negro e respirar tem um Criolo possuindo ele""";Meio;https://www.youtube.com/watch?v=to-vCoccqZw;Negativo;Negativo;Negativo;Negativo;Negativo
to-vCoccqZw;Tio Ruckus Exorcisando de Tom DuBois(criolo) - The Boondocks 2T E04 Dublado;"""eu não acredito que você ainda não descobriu essa merda paz você tem um amigo imaginário""";Meio;https://www.youtube.com/watch?v=to-vCoccqZw;Negativo;Neutro;Negativo;Negativo;Negativo
to-vCoccqZw;Tio Ruckus Exorcisando de Tom DuBois(criolo) - The Boondocks 2T E04 Dublado;"""Eu odeio todo mundo de qualquer raça especialmente os negros e tio você também odeia as pessoas negras""";Fim;https://www.youtube.com/watch?v=to-vCoccqZw;Negativo;Negativo;Positivo;Negativo;Negativo
to-vCoccqZw;Tio Ruckus Exorcisando de Tom DuBois(criolo) - The Boondocks 2T E04 Dublado;"""eu não chamaria elas de pessoas mas sei sei eu tenho um profundo ódio pelos negros é É isso mesmo""";Fim;https://www.youtube.com/watch?v=to-vCoccqZw;Negativo;Negativo;Negativo;Negativo;Negativo
to-vCoccqZw;Tio Ruckus Exorcisando de Tom DuBois(criolo) - The Boondocks 2T E04 Dublado;"""eu aposto que você odeia r r nem podemos chamar esse barulho no gent repugnante de música""";Fim;https://www.youtube.com/watch?v=to-vCoccqZw;Negativo;Negativo;Negativo;Negativo;Negativo
to-vCoccqZw;Tio Ruckus Exorcisando de Tom DuBois(criolo) - The Boondocks 2T E04 Dublado;"""barulho nojento e repugnante foi uma observação brilhante estin Eu tinha esquecido mas o momento Criolo não pode ser resolvido com violência""";Fim;https://www.youtube.com/watch?v=to-vCoccqZw;Negativo;Negativo;Negativo;Negativo;Negativo
to-vCoccqZw;Tio Ruckus Exorcisando de Tom DuBois(criolo) - The Boondocks 2T E04 Dublado;"""O que está com acontecendo você me enganou não não""";Fim;https://www.youtube.com/watch?v=to-vCoccqZw;Negativo;Negativo;Negativo;Positivo;Negativo
3bQvNjmKAvA;CONVIVÊNCIA para crianças 😉 Respeito, gentileza, resolução de conflitos, responsabilidade 🤗;"""a convivência é a capacidade de viver em harmonia e manter boas relações com outras pessoas em um mesmo ambiente""";Início;https://www.youtube.com/watch?v=3bQvNjmKAvA;Positivo;Positivo;Positivo;Positivo;Positivo
3bQvNjmKAvA;CONVIVÊNCIA para crianças 😉 Respeito, gentileza, resolução de conflitos, responsabilidade 🤗;"""consiste em ser cordial com os outros na escola em casa ou em qualquer outro lugar""";Início;https://www.youtube.com/watch?v=3bQvNjmKAvA;Positivo;Positivo;Positivo;Positivo;Positivo
3bQvNjmKAvA;CONVIVÊNCIA para crianças 😉 Respeito, gentileza, resolução de conflitos, responsabilidade 🤗;"""hoje aprenderemos algumas regras que podemos seguir paraos respeitar os outros ser gentil e educado""";Início;https://www.youtube.com/watch?v=3bQvNjmKAvA;Positivo;Positivo;Positivo;Positivo;Positivo
3bQvNjmKAvA;CONVIVÊNCIA para crianças 😉 Respeito, gentileza, resolução de conflitos, responsabilidade 🤗;"""regra um respeitar os demais é importante ouvir os outros não interrompê-los quando estiverem falando""";Início;https://www.youtube.com/watch?v=3bQvNjmKAvA;Positivo;Positivo;Neutro;Positivo;Positivo
3bQvNjmKAvA;CONVIVÊNCIA para crianças 😉 Respeito, gentileza, resolução de conflitos, responsabilidade 🤗;"""da mesma forma devemos respeitar suas coisas e seu espaço""";Início;https://www.youtube.com/watch?v=3bQvNjmKAvA;Positivo;Negativo;Positivo;Positivo;Positivo
3bQvNjmKAvA;CONVIVÊNCIA para crianças 😉 Respeito, gentileza, resolução de conflitos, responsabilidade 🤗;"""regra dois ser gentil e educado ajudar quem precisa cumprimentar com um sorriso e usar palavras como por favor obrigado desculpa são ações fundamentais""";Meio;https://www.youtube.com/watch?v=3bQvNjmKAvA;Positivo;Positivo;Positivo;Positivo;Positivo
3bQvNjmKAvA;CONVIVÊNCIA para crianças 😉 Respeito, gentileza, resolução de conflitos, responsabilidade 🤗;"""regra 3 resolver conflitos assertivamente se tivermos um problema ouvir atentamente e falar com clareza e Respeito é a melhor opessa sit ação""";Meio;https://www.youtube.com/watch?v=3bQvNjmKAvA;Positivo;Positivo;Positivo;Positivo;Positivo
3bQvNjmKAvA;CONVIVÊNCIA para crianças 😉 Respeito, gentileza, resolução de conflitos, responsabilidade 🤗;"""e chegar a soluções sem brigar ou gritar""";Meio;https://www.youtube.com/watch?v=3bQvNjmKAvA;Positivo;Positivo;Positivo;Positivo;Positivo
3bQvNjmKAvA;CONVIVÊNCIA para crianças 😉 Respeito, gentileza, resolução de conflitos, responsabilidade 🤗;"""regra quro cumprir com as nossas responsabilidades realizar tarefas domésticas é fundamental para uma boa convivência""";Meio;https://www.youtube.com/watch?v=3bQvNjmKAvA;Positivo;Positivo;Positivo;Positivo;Positivo
3bQvNjmKAvA;CONVIVÊNCIA para crianças 😉 Respeito, gentileza, resolução de conflitos, responsabilidade 🤗;"""devemos contribuir para manter o espaço em que vivemos em boas condições quando fazemos isso nos esforçamos para continuar melhorando""";Meio;https://www.youtube.com/watch?v=3bQvNjmKAvA;Positivo;Positivo;Positivo;Positivo;Positivo
3bQvNjmKAvA;CONVIVÊNCIA para crianças 😉 Respeito, gentileza, resolução de conflitos, responsabilidade 🤗;"""se nos sentirmos muito irritados diante de um conflito ou não soubermos como resolver a situação sem gritar ou brigar""";Fim;https://www.youtube.com/watch?v=3bQvNjmKAvA;Positivo;Positivo;Positivo;Positivo;Positivo
3bQvNjmKAvA;CONVIVÊNCIA para crianças 😉 Respeito, gentileza, resolução de conflitos, responsabilidade 🤗;"""podemos buscar o apoio de um professor ou de outro adulto para nos ajudar a lidar com a situação da melhor maneira possível""";Fim;https://www.youtube.com/watch?v=3bQvNjmKAvA;Positivo;Positivo;Positivo;Positivo;Positivo
3bQvNjmKAvA;CONVIVÊNCIA para crianças 😉 Respeito, gentileza, resolução de conflitos, responsabilidade 🤗;"""sei que às vezes pode ser difícil cumprir todas as regras de convivência mas podemos pedir ajuda às pessoas ao nosso redor""";Fim;https://www.youtube.com/watch?v=3bQvNjmKAvA;Positivo;Positivo;Positivo;Positivo;Positivo
3bQvNjmKAvA;CONVIVÊNCIA para crianças 😉 Respeito, gentileza, resolução de conflitos, responsabilidade 🤗;"""lembrem-se conviver bem É uma questão de respeito gentileza e responsabilidade vamos fazer isso juntos""";Fim;https://www.youtube.com/watch?v=3bQvNjmKAvA;Positivo;Positivo;Positivo;Positivo;Positivo
3bQvNjmKAvA;CONVIVÊNCIA para crianças 😉 Respeito, gentileza, resolução de conflitos, responsabilidade 🤗;"""inscreva-se no canal educativo da Smile and learn para aprender brincando se divertindo""";Fim;https://www.youtube.com/watch?v=3bQvNjmKAvA;Positivo;Positivo;Positivo;Positivo;Positivo
234_l7iHodA;Folga dos heróis! 🧘‍♀️🧖‍♂️ | Teen Titans Go! em Português 🇧🇷 | ‪@DCKidsBrasil‬;"""mutando me ajuda isso explica tudo tenho que achar um jeito de tirar essa coleira e ir à luta ou você poderia relaxar ai""";Início;https://www.youtube.com/watch?v=234_l7iHodA;Negativo;Negativo;Negativo;Negativo;Negativo
234_l7iHodA;Folga dos heróis! 🧘‍♀️🧖‍♂️ | Teen Titans Go! em Português 🇧🇷 | ‪@DCKidsBrasil‬;"""o seu traseiro mal deixou uma marca no sofá para relaxar de verdade você e o sofá tem que ser um só""";Início;https://www.youtube.com/watch?v=234_l7iHodA;Neutro;Neutro;Negativo;Neutro;Neutro
234_l7iHodA;Folga dos heróis! 🧘‍♀️🧖‍♂️ | Teen Titans Go! em Português 🇧🇷 | ‪@DCKidsBrasil‬;"""encontre seu relaxamento pera aí tenho mais dúvidas mutando volta aqui cara o que está fazendo e se for uma emergência""";Início;https://www.youtube.com/watch?v=234_l7iHodA;Negativo;Negativo;Negativo;Negativo;Negativo
234_l7iHodA;Folga dos heróis! 🧘‍♀️🧖‍♂️ | Teen Titans Go! em Português 🇧🇷 | ‪@DCKidsBrasil‬;"""eu sou o sofá o que você está procurando meu caro eu quero relaxar senhor sofá""";Início;https://www.youtube.com/watch?v=234_l7iHodA;Neutro;Neutro;Neutro;Neutro;Neutro
234_l7iHodA;Folga dos heróis! 🧘‍♀️🧖‍♂️ | Teen Titans Go! em Português 🇧🇷 | ‪@DCKidsBrasil‬;"""por que então vai ter que descobrir isso sozinho sozinho ei cadê você sofá""";Início;https://www.youtube.com/watch?v=234_l7iHodA;Neutro;Neutro;Neutro;Neutro;Neutro
234_l7iHodA;Folga dos heróis! 🧘‍♀️🧖‍♂️ | Teen Titans Go! em Português 🇧🇷 | ‪@DCKidsBrasil‬;"""socorro dá licença eu tô tentando ler foi mal por que vocês não tentam ler um livro""";Meio;https://www.youtube.com/watch?v=234_l7iHodA;Neutro;Neutro;Neutro;Neutro;Neutro
234_l7iHodA;Folga dos heróis! 🧘‍♀️🧖‍♂️ | Teen Titans Go! em Português 🇧🇷 | ‪@DCKidsBrasil‬;"""meu livro era muito divertido ele tava cheio de aventuras o meu tinha ciência eu acho isso bacana gente""";Meio;https://www.youtube.com/watch?v=234_l7iHodA;Positivo;Positivo;Positivo;Positivo;Positivo
234_l7iHodA;Folga dos heróis! 🧘‍♀️🧖‍♂️ | Teen Titans Go! em Português 🇧🇷 | ‪@DCKidsBrasil‬;"""ela acabou com a graça da leitura anda logo mutando fala do seu livro curte tanto meu livro que fiz uma música sobre ele""";Meio;https://www.youtube.com/watch?v=234_l7iHodA;Negativo;Negativo;Negativo;Negativo;Negativo
234_l7iHodA;Folga dos heróis! 🧘‍♀️🧖‍♂️ | Teen Titans Go! em Português 🇧🇷 | ‪@DCKidsBrasil‬;"""eu adoro a textura sinto cada pedaço eu viajo na aventura ganho até queda de braço é o meu livro bro é super legal""";Meio;https://www.youtube.com/watch?v=234_l7iHodA;Positivo;Positivo;Positivo;Positivo;Positivo
234_l7iHodA;Folga dos heróis! 🧘‍♀️🧖‍♂️ | Teen Titans Go! em Português 🇧🇷 | ‪@DCKidsBrasil‬;"""eu tô com mais preguiça que você maninho três vezes mais se eu não fosse tão preguiçoso eu ia rir na tua cara""";Meio;https://www.youtube.com/watch?v=234_l7iHodA;Negativo;Negativo;Negativo;Negativo;Negativo
234_l7iHodA;Folga dos heróis! 🧘‍♀️🧖‍♂️ | Teen Titans Go! em Português 🇧🇷 | ‪@DCKidsBrasil‬;"""escute o conselho do sofá tem gente que vai tentar acabar com a preguiça de vocês mas não entreguem os pontos""";Fim;https://www.youtube.com/watch?v=234_l7iHodA;Neutro;Neutro;Neutro;Neutro;Positivo
234_l7iHodA;Folga dos heróis! 🧘‍♀️🧖‍♂️ | Teen Titans Go! em Português 🇧🇷 | ‪@DCKidsBrasil‬;"""é preguiça de domingo é terça por acaso eu tenho cara de calendário bobão vocês não vão conseguir tirar a gente aqui desse sofá nem a pau""";Fim;https://www.youtube.com/watch?v=234_l7iHodA;Negativo;Negativo;Negativo;Negativo;Negativo
234_l7iHodA;Folga dos heróis! 🧘‍♀️🧖‍♂️ | Teen Titans Go! em Português 🇧🇷 | ‪@DCKidsBrasil‬;"""nossa transformação está completa nós não somos mais os jovens titãs nós somos a legião do mal""";Fim;https://www.youtube.com/watch?v=234_l7iHodA;Neutro;Neutro;Neutro;Neutro;Neutro
234_l7iHodA;Folga dos heróis! 🧘‍♀️🧖‍♂️ | Teen Titans Go! em Português 🇧🇷 | ‪@DCKidsBrasil‬;"""tremam diante do demônio de Azarat digam olá para Dick Ravon vocês vão fazer cocô nas calças quando virem o monstro""";Fim;https://www.youtube.com/watch?v=234_l7iHodA;Negativo;Negativo;Negativo;Negativo;Neutro
234_l7iHodA;Folga dos heróis! 🧘‍♀️🧖‍♂️ | Teen Titans Go! em Português 🇧🇷 | ‪@DCKidsBrasil‬;"""eu me senti relaxado e agora nunca mais vou me sentir tão bem indo pr casa indo pr casa indo pr casa ah""";Fim;https://www.youtube.com/watch?v=234_l7iHodA;Negativo;Negativo;Negativo;Negativo;Negativo
50NvZ-eercM;Gumball e Darwin nunca têm um dia normal | O Incrível Mundo de Gumball | Cartoon Network 🇧🇷;"""meu horário acabou Eu não tenho que fingir que dou a mínima pra educação de vocês Ah o bebê tá saindo""";Início;https://www.youtube.com/watch?v=50NvZ-eercM;Negativo;Negativo;Negativo;Negativo;Negativo
50NvZ-eercM;Gumball e Darwin nunca têm um dia normal | O Incrível Mundo de Gumball | Cartoon Network 🇧🇷;"""é como culpar os bebês dos anos 50 pelos problemas do mundo Como bebês poderiam estragar a economia""";Início;https://www.youtube.com/watch?v=50NvZ-eercM;Neutro;Neutro;Neutro;Negativo;Neutro
50NvZ-eercM;Gumball e Darwin nunca têm um dia normal | O Incrível Mundo de Gumball | Cartoon Network 🇧🇷;"""Essa manhã mesmo fui fazer cafuné no meu filho e ele atravessou o chão E ele tá bem""";Início;https://www.youtube.com/watch?v=50NvZ-eercM;Neutro;Neutro;Neutro;Neutro;Neutro
50NvZ-eercM;Gumball e Darwin nunca têm um dia normal | O Incrível Mundo de Gumball | Cartoon Network 🇧🇷;"""Tá precisando de um banho né você quer uma carona obrigado senhor Bom pelo menos tá mais perto do seu destino Seu mané""";Início;https://www.youtube.com/watch?v=50NvZ-eercM;Negativo;Negativo;Negativo;Negativo;Negativo
50NvZ-eercM;Gumball e Darwin nunca têm um dia normal | O Incrível Mundo de Gumball | Cartoon Network 🇧🇷;"""Você tem 2% de chance de me derrotar Você tem 4% de chance de me prorrogar""";Início;https://www.youtube.com/watch?v=50NvZ-eercM;Neutro;Neutro;Neutro;Neutro;Neutro
50NvZ-eercM;Gumball e Darwin nunca têm um dia normal | O Incrível Mundo de Gumball | Cartoon Network 🇧🇷;"""Como alguém pode ser tão rabugento indo a um evento de caridade ainda mais sendo para garantir um futuro melhor pr as crianças""";Meio;https://www.youtube.com/watch?v=50NvZ-eercM;Negativo;Negativo;Negativo;Negativo;Negativo
50NvZ-eercM;Gumball e Darwin nunca têm um dia normal | O Incrível Mundo de Gumball | Cartoon Network 🇧🇷;"""acho que a sua geração devia ter pensado no nosso futuro antes de destruir a economia e o meio ambiente e o sistema educacional""";Meio;https://www.youtube.com/watch?v=50NvZ-eercM;Negativo;Negativo;Negativo;Negativo;Negativo
50NvZ-eercM;Gumball e Darwin nunca têm um dia normal | O Incrível Mundo de Gumball | Cartoon Network 🇧🇷;"""no fim do meu ensino médio eu tinha só 3 dólares no meu bolso Sabe o que que eu fiz comprei uma casa um carro e comecei uma família""";Meio;https://www.youtube.com/watch?v=50NvZ-eercM;Neutro;Negativo;Neutro;Neutro;Neutro
50NvZ-eercM;Gumball e Darwin nunca têm um dia normal | O Incrível Mundo de Gumball | Cartoon Network 🇧🇷;"""Tá mais pr espaço na barriga para canapé e sangria grátis Se ligam mesmo pra gente""";Meio;https://www.youtube.com/watch?v=50NvZ-eercM;Negativo;Negativo;Negativo;Negativo;Negativo
50NvZ-eercM;Gumball e Darwin nunca têm um dia normal | O Incrível Mundo de Gumball | Cartoon Network 🇧🇷;"""Não girar olhar para ela por um tempo e contar para você Eu tô preocupado com o calor""";Meio;https://www.youtube.com/watch?v=50NvZ-eercM;Neutro;Neutro;Neutro;Neutro;Neutro
50NvZ-eercM;Gumball e Darwin nunca têm um dia normal | O Incrível Mundo de Gumball | Cartoon Network 🇧🇷;"""O médico disse que meu coração tá preto e meu mau hálito pode ser minha alma apodrecendo""";Fim;https://www.youtube.com/watch?v=50NvZ-eercM;Negativo;Positivo;Negativo;Negativo;Negativo
50NvZ-eercM;Gumball e Darwin nunca têm um dia normal | O Incrível Mundo de Gumball | Cartoon Network 🇧🇷;"""Calculei mal Você tem que reciclar isso Ah mas eu nunca sei qual lixiro usar Papel plástico cartões cartões de presente""";Fim;https://www.youtube.com/watch?v=50NvZ-eercM;Neutro;Neutro;Neutro;Neutro;Neutro
50NvZ-eercM;Gumball e Darwin nunca têm um dia normal | O Incrível Mundo de Gumball | Cartoon Network 🇧🇷;"""Usa papel reciclado tá bom quem quer usar uma coisa que já foi usada não é estranho fazer coisas novas com coisas velhas""";Fim;https://www.youtube.com/watch?v=50NvZ-eercM;Negativo;Neutro;Negativo;Negativo;Negativo
50NvZ-eercM;Gumball e Darwin nunca têm um dia normal | O Incrível Mundo de Gumball | Cartoon Network 🇧🇷;"""Eu vou tentar ser o mais claro possível com vocês As pessoas foram frívolas e não o macaco""";Fim;https://www.youtube.com/watch?v=50NvZ-eercM;Neutro;Neutro;Neutro;Neutro;Neutro
Jl75d9WC_Lg;Bob Esponja | Os momentos mais engraçados do SpongeBob nos novos episódios! | Compilado | Português;"""puxa Lula Molusco você está desmanjando autoconfiança""";Início;https://www.youtube.com/watch?v=Jl75d9WC_Lg;Positivo;Positivo;Positivo;Positivo;Neutro
Jl75d9WC_Lg;Bob Esponja | Os momentos mais engraçados do SpongeBob nos novos episódios! | Compilado | Português;"""Lula Molusco só tá sendo insuportável porque os sonhos dele se realizaram nós temos que dar apoio afinal ele é nosso amigo""";Início;https://www.youtube.com/watch?v=Jl75d9WC_Lg;Positivo;Positivo;Positivo;Positivo;Positivo
Jl75d9WC_Lg;Bob Esponja | Os momentos mais engraçados do SpongeBob nos novos episódios! | Compilado | Português;"""bom alegrem-se hoje à noite vocês finalmente vão escutar algo novo""";Início;https://www.youtube.com/watch?v=Jl75d9WC_Lg;Positivo;Positivo;Positivo;Positivo;Negativo
Jl75d9WC_Lg;Bob Esponja | Os momentos mais engraçados do SpongeBob nos novos episódios! | Compilado | Português;"""esqueçam o casamento de vocês esqueçam o nascimento do primeiro filho de vocês essa vai ser a melhor noite das suas vidas""";Início;https://www.youtube.com/watch?v=Jl75d9WC_Lg;Positivo;Positivo;Negativo;Positivo;Positivo
Jl75d9WC_Lg;Bob Esponja | Os momentos mais engraçados do SpongeBob nos novos episódios! | Compilado | Português;"""não é deslumbrante doutor Estranho""";Início;https://www.youtube.com/watch?v=Jl75d9WC_Lg;Positivo;Positivo;Positivo;Neutro;Positivo
Jl75d9WC_Lg;Bob Esponja | Os momentos mais engraçados do SpongeBob nos novos episódios! | Compilado | Português;"""era uma vida simples e honesta sem um pingo de ganâncias mais um balde cheio Bet acho que eu consigo fazer uma ótima troca com isso""";Meio;https://www.youtube.com/watch?v=Jl75d9WC_Lg;Positivo;Positivo;Positivo;Positivo;Positivo
Jl75d9WC_Lg;Bob Esponja | Os momentos mais engraçados do SpongeBob nos novos episódios! | Compilado | Português;"""felizmente o xerife Esponja e o delegado Estrela restauraram a lei e a ordem""";Meio;https://www.youtube.com/watch?v=Jl75d9WC_Lg;Positivo;Positivo;Positivo;Positivo;Positivo
Jl75d9WC_Lg;Bob Esponja | Os momentos mais engraçados do SpongeBob nos novos episódios! | Compilado | Português;"""o primeiro restaurante da fenda do biquíni foi inaugurado o siri leitoso""";Meio;https://www.youtube.com/watch?v=Jl75d9WC_Lg;Positivo;Positivo;Positivo;Positivo;Positivo
Jl75d9WC_Lg;Bob Esponja | Os momentos mais engraçados do SpongeBob nos novos episódios! | Compilado | Português;"""puxa que legal Lula Molusco eu posso fazer hambúrguer e ficar enjoado ao mesmo tempo""";Meio;https://www.youtube.com/watch?v=Jl75d9WC_Lg;Positivo;Positivo;Positivo;Positivo;Positivo
Jl75d9WC_Lg;Bob Esponja | Os momentos mais engraçados do SpongeBob nos novos episódios! | Compilado | Português;"""Manos não tô sentindo porra nenhuma mano cumprimento dos manos eu disse eu sei foi o que eu disse""";Meio;https://www.youtube.com/watch?v=Jl75d9WC_Lg;Positivo;Positivo;Positivo;Positivo;Positivo
Jl75d9WC_Lg;Bob Esponja | Os momentos mais engraçados do SpongeBob nos novos episódios! | Compilado | Português;"""eu consegui tomem essa pés meus parabéns Plankton mas lembre-se essa técnica deve ser usada estritamente para autodefesa""";Fim;https://www.youtube.com/watch?v=Jl75d9WC_Lg;Positivo;Positivo;Positivo;Positivo;Positivo
Jl75d9WC_Lg;Bob Esponja | Os momentos mais engraçados do SpongeBob nos novos episódios! | Compilado | Português;"""ai ai isso foi incrível é deixa eu tentar visualize a técnica pegue torça e deixe a gravidade fazer o resto""";Fim;https://www.youtube.com/watch?v=Jl75d9WC_Lg;Positivo;Positivo;Positivo;Positivo;Positivo
Jl75d9WC_Lg;Bob Esponja | Os momentos mais engraçados do SpongeBob nos novos episódios! | Compilado | Português;"""você ganhou uma incrível viagem com tudo pago para ver a linda fenda de bora bora""";Fim;https://www.youtube.com/watch?v=Jl75d9WC_Lg;Positivo;Positivo;Positivo;Positivo;Positivo
Jl75d9WC_Lg;Bob Esponja | Os momentos mais engraçados do SpongeBob nos novos episódios! | Compilado | Português;"""nossa eu um vencedor curtindo num resorte tropical vamos ver a família vencedora""";Fim;https://www.youtube.com/watch?v=Jl75d9WC_Lg;Positivo;Positivo;Positivo;Positivo;Positivo
Jl75d9WC_Lg;Bob Esponja | Os momentos mais engraçados do SpongeBob nos novos episódios! | Compilado | Português;"""o Bob Esponja voltou pessoal chegou a nossa hora de brilhar lembre-se a sua verdadeira espátula está dentro de você""";Fim;https://www.youtube.com/watch?v=Jl75d9WC_Lg;Positivo;Positivo;Positivo;Positivo;Positivo
9RZm7GKJKWY;COLETÂNEA DE MÚSICAS INFANTIS - GALINHA PINTADINHA - O PATINHO COLORIDO E MAIS;"""fui ao mercado comprar café e a formiguinha subiu no meu pé eu sacudi sacudi sacudi mas a formiguinha não parava de subir""";Início;https://www.youtube.com/watch?v=9RZm7GKJKWY;Positivo;Positivo;Positivo;Positivo;Positivo
9RZm7GKJKWY;COLETÂNEA DE MÚSICAS INFANTIS - GALINHA PINTADINHA - O PATINHO COLORIDO E MAIS;"""Fui morar numa casinha enfeitada de estrelinha saiu de lá uma fadinha olhou pra mim olhou pra mim e fez assim plim plim""";Início;https://www.youtube.com/watch?v=9RZm7GKJKWY;Positivo;Positivo;Positivo;Positivo;Positivo
9RZm7GKJKWY;COLETÂNEA DE MÚSICAS INFANTIS - GALINHA PINTADINHA - O PATINHO COLORIDO E MAIS;"""fui ao mercado comprar telão e a formiguinha subiu na minha mão eu sacudi sacudi sacudi mas a formiguinha não parava de subir""";Início;https://www.youtube.com/watch?v=9RZm7GKJKWY;Positivo;Negativo;Positivo;Positivo;Positivo
9RZm7GKJKWY;COLETÂNEA DE MÚSICAS INFANTIS - GALINHA PINTADINHA - O PATINHO COLORIDO E MAIS;"""Fui morar numa casinha infestada de Cupim saiu de lá uma lagar olhou PR mim olhou PR mim e fez assim""";Início;https://www.youtube.com/watch?v=9RZm7GKJKWY;Positivo;Positivo;Positivo;Positivo;Negativo
9RZm7GKJKWY;COLETÂNEA DE MÚSICAS INFANTIS - GALINHA PINTADINHA - O PATINHO COLORIDO E MAIS;"""fui ao mercado comprar um giz e a formiguinha subiu no meu nariz eu sacudi sacudi sacudi mas a formiguinha não parava de subir""";Início;https://www.youtube.com/watch?v=9RZm7GKJKWY;Positivo;Positivo;Negativo;Positivo;Positivo
9RZm7GKJKWY;COLETÂNEA DE MÚSICAS INFANTIS - GALINHA PINTADINHA - O PATINHO COLORIDO E MAIS;"""meu pintinho amarelinho cabe aqui na minha mão na minha mão quando quer comer bichinhos com seus pezinhos ele se escan chão""";Meio;https://www.youtube.com/watch?v=9RZm7GKJKWY;Positivo;Positivo;Positivo;Positivo;Positivo
9RZm7GKJKWY;COLETÂNEA DE MÚSICAS INFANTIS - GALINHA PINTADINHA - O PATINHO COLORIDO E MAIS;"""ora palma palma palma ora pé pé ora roda roda roda caranguejo peixe é""";Meio;https://www.youtube.com/watch?v=9RZm7GKJKWY;Positivo;Positivo;Positivo;Positivo;Positivo
9RZm7GKJKWY;COLETÂNEA DE MÚSICAS INFANTIS - GALINHA PINTADINHA - O PATINHO COLORIDO E MAIS;"""já passou a chuva o sol já vem surgindo e a dona aranha continua a subir""";Meio;https://www.youtube.com/watch?v=9RZm7GKJKWY;Positivo;Positivo;Positivo;Positivo;Neutro
9RZm7GKJKWY;COLETÂNEA DE MÚSICAS INFANTIS - GALINHA PINTADINHA - O PATINHO COLORIDO E MAIS;"""Mariana conta três Mariana conta três é um é dois é três é Ana viva Mariana viva Mariana""";Meio;https://www.youtube.com/watch?v=9RZm7GKJKWY;Positivo;Positivo;Positivo;Positivo;Positivo
9RZm7GKJKWY;COLETÂNEA DE MÚSICAS INFANTIS - GALINHA PINTADINHA - O PATINHO COLORIDO E MAIS;"""Mariana Conta 10 é 1 é dois é TRS é quat é CCO é se é s é 8it é no é 10 é Ana viva Mariana viva Mariana""";Meio;https://www.youtube.com/watch?v=9RZm7GKJKWY;Positivo;Positivo;Positivo;Positivo;Positivo
9RZm7GKJKWY;COLETÂNEA DE MÚSICAS INFANTIS - GALINHA PINTADINHA - O PATINHO COLORIDO E MAIS;"""UPA cavalinho o cavalinho Piui pii pii pii lá vem o Trenzinho lá vem o Trenzinho""";Fim;https://www.youtube.com/watch?v=9RZm7GKJKWY;Positivo;Positivo;Positivo;Positivo;Positivo
9RZm7GKJKWY;COLETÂNEA DE MÚSICAS INFANTIS - GALINHA PINTADINHA - O PATINHO COLORIDO E MAIS;"""brilha brilha estrelin bril bril só PR mim ilumina este céu brul ar na terra mais F brilha brilha estrelinha quero ver você brilhar""";Fim;https://www.youtube.com/watch?v=9RZm7GKJKWY;Positivo;Positivo;Positivo;Positivo;Positivo
9RZm7GKJKWY;COLETÂNEA DE MÚSICAS INFANTIS - GALINHA PINTADINHA - O PATINHO COLORIDO E MAIS;"""cabeça ombro joelho e pé joelho e pé cabeça ombro joelho e pé joelho e pé olhos ouvidos boca e n""";Fim;https://www.youtube.com/watch?v=9RZm7GKJKWY;Positivo;Positivo;Positivo;Positivo;Positivo
9RZm7GKJKWY;COLETÂNEA DE MÚSICAS INFANTIS - GALINHA PINTADINHA - O PATINHO COLORIDO E MAIS;"""coelhinho da páscoa que trazes PR mim um ovo dois ovos três ovos assim um ovo dois ovos três ovos assim""";Fim;https://www.youtube.com/watch?v=9RZm7GKJKWY;Positivo;Neutro;Positivo;Positivo;Positivo
9RZm7GKJKWY;COLETÂNEA DE MÚSICAS INFANTIS - GALINHA PINTADINHA - O PATINHO COLORIDO E MAIS;"""coelhinho da páscoa que cor ele tem azul amarelo vermelho também azul amarelo vermelho também""";Fim;https://www.youtube.com/watch?v=9RZm7GKJKWY;Positivo;Positivo;Positivo;Positivo;Positivo
JWxjkWiH6Wc;BIG MOUTH - Mais um desenho pra adultos;big mouth uma série de animação da netflix.;Início;https://www.youtube.com/watch?v=JWxjkWiH6Wc;Neutro;Neutro;Neutro;Neutro;Neutro
S0Ciua_z4OE;É hora de festejar com o Bingo! 🎶💃🧡 | Bingo Português Brasil - Canal Oficial;"""que menina mais esperta""";Fim;https://www.youtube.com/watch?v=S0Ciua_z4OE;Positivo;Positivo;Positivo;Neutro;Positivo
JMp71mLRJSQ;Desenho Infantil... 32 Minutos (História: Máquina de Doces);deve ser só colocar a fruta e apertar o botão não acredito essa máquina é tudo que eu queria;Início;https://www.youtube.com/watch?v=JMp71mLRJSQ;Positivo;Positivo;Positivo;Negativo;Positivo
frHYQ_1bFME;A casa subterrânea! Peppa Pig (História: O Bazar);mamãe você deu a cadeira velha do papai esse é o nosso segredo ele nem vai notar;Meio;https://www.youtube.com/watch?v=frHYQ_1bFME;Positivo;Neutro;Positivo;Positivo;Positivo
S0Ciua_z4OE;É hora de festejar com o Bingo! 🎶💃🧡 | Bingo Português Brasil - Canal Oficial;"""você me viu de cabeça para baixo""";Fim;https://www.youtube.com/watch?v=S0Ciua_z4OE;Positivo;Positivo;Positivo;Positivo;Positivo
OwWVDq9wwKc;As Tartarugas Ninja Fizeram uma Corrida Divertida | Canções Infantis e Rimas para Crianças;"""os amigos fizeram fila para participar da diversão""";Fim;https://www.youtube.com/watch?v=OwWVDq9wwKc;Positivo;Positivo;Positivo;Positivo;Positivo
p3tWecdS3xE;44 Gatos | Ratos Vs Gatos: Amigos... ou inimigos?;"""temos um pequeno visitante na nossa casa """;Início;https://www.youtube.com/watch?v=p3tWecdS3xE;Positivo;Positivo;Positivo;Positivo;Negativo
-hgCtotSucs;Dora seguiu um rastro de conchas brilhantes 🐚✨ | Canção divertida para crianças;"""as aventuras estão por toda parte""";Fim;https://www.youtube.com/watch?v=-hgCtotSucs;Positivo;Positivo;Neutro;Positivo;Positivo
S0Ciua_z4OE;É hora de festejar com o Bingo! 🎶💃🧡 | Bingo Português Brasil - Canal Oficial;"""a gente tem que fazer a coisa certa""";Meio;https://www.youtube.com/watch?v=S0Ciua_z4OE;Positivo;Positivo;Positivo;Positivo;Positivo
rSfK571WN4E;Os Backyardigans: A Grande Corrida - Ep.17;"""tente pedir um sanduíche peppa""";Meio;https://www.youtube.com/watch?v=rSfK571WN4E;Neutro;Neutro;Neutro;Negativo;Neutro
qt1Qt7eMTYk;Dia da Gincana... Detetive Labrador (História: Ligações Falsas);tem alguém fingindo ser policial inacreditável;Meio;https://www.youtube.com/watch?v=qt1Qt7eMTYk;Neutro;Neutro;Neutro;Neutro;Neutro
kPn7VllMapI;Peppa Pig Português Brasil ⭐️ Vários Episódios Completos ⭐️ Pepa Ping Ping ⭐️ Desenhos Animados;o senhor touro lixeiro está recolhendo o lixo;Meio;https://www.youtube.com/watch?v=kPn7VllMapI;Neutro;Neutro;Neutro;Neutro;Neutro
SErY7GNv1Hg;FUNK DO PATINHO - Cantinho Encantado | Música Infantil;"""pula pula sai do chão""";Início;https://www.youtube.com/watch?v=SErY7GNv1Hg;Neutro;Neutro;Neutro;Neutro;Neutro
HQIVWQh5zcw;Peppa Pig AO VIVO! (História: Amigo de Faz de Conta);é uma honra conhecê-lo Rei Léo o papai está fingindo que consegue ver o Rei Léo;Fim;https://www.youtube.com/watch?v=HQIVWQh5zcw;Neutro;Neutro;Neutro;Neutro;Neutro
7bz65MLVvms;Peppa Pig... Compilation 14 (História: Tosse de Pedro);puxa todos os adultos estão com a tosse do pedro do douro sul marrom falando;Meio;https://www.youtube.com/watch?v=7bz65MLVvms;Neutro;Neutro;Neutro;Neutro;Neutro
rSfK571WN4E;Os Backyardigans: A Grande Corrida - Ep.17;"""todos adoram comer no restaurante de sushi""";Fim;https://www.youtube.com/watch?v=rSfK571WN4E;Neutro;Neutro;Neutro;Neutro;Neutro
0xWSgd5y-gQ;A Verdadeira Inspiração por Trás do Butters em South Park;butters é baseado no diretor de animação do programa.;Início;https://www.youtube.com/watch?v=0xWSgd5y-gQ;Neutro;Neutro;Neutro;Neutro;Negativo
x64zMoTFcb4;Ricky tem um pneu furado | Ricky Zoom Brasil | Desenhos Animados;"""ajudar os outros é o meu dever""";Fim;https://www.youtube.com/watch?v=x64zMoTFcb3;Neutro;Neutro;Neutro;Neutro;Neutro
HQIVWQh5zcw;Peppa Pig AO VIVO! (História: Amigo de Faz de Conta);vamos jogar bola tá bem pega aí Léo a Peppa jogou a bola para o amigo de faz de conta da Suzi;Início;https://www.youtube.com/watch?v=HQIVWQh5zcw;Neutro;Neutro;Neutro;Neutro;Positivo
qt1Qt7eMTYk;Dia da Gincana... Detetive Labrador (História: Ligações Falsas);transferência completa saldo da conta zero para onde foi o meu dinheiro;Início;https://www.youtube.com/watch?v=qt1Qt7eMTYk;Neutro;Neutro;Neutro;Neutro;Neutro
uOH9YS4ZcGI;A casa subterrânea! Peppa Pig (História: Engarrafamento);ah vovô nós estamos andando tão devagar assim nunca vamos chegar na casa do vovô;Meio;https://www.youtube.com/watch?v=uOH9YS4ZcGI;Neutro;Neutro;Negativo;Neutro;Neutro
1znJVrkFFF4;Peppa Pig... Compilation 14 (História: O Barco do Vovô);este barco enferrujado aqui ainda vai flutuar por muito tempo depois que este barco lata velha e foi parar no fundo do rio;Início;https://www.youtube.com/watch?v=1znJVrkFFF4;Neutro;Neutro;Neutro;Negativo;Neutro
0xWSgd5y-gQ;A Verdadeira Inspiração por Trás do Butters em South Park;E por falar no butters que mencionamos agorinha.;Início;https://www.youtube.com/watch?v=0xWSgd5y-gQ;Neutro;Neutro;Neutro;Negativo;Neutro
4w7cS9CL9QE;INGLÊS INFANTIL | APRENDER INGLÊS COM AMIGO MUMU | AULA DE INGLÊS PARA CRIANÇAS;"""agora você sabe contar até o que vem depois""";Início;https://www.youtube.com/watch?v=4w7cS9CL9QE;Neutro;Neutro;Neutro;Neutro;Neutro
AsijPlOOkMM;O Show do Garfield 😺A Pizza perfeita🍕PARA CRIANÇAS | O Reino Series;"""o meu método leva em conta o custo benefício""";Meio;https://www.youtube.com/watch?v=AsijPlOOkMM;Neutro;Neutro;Neutro;Neutro;Neutro
2X3vieGlcyY;Assista quando estiver em um dia ruim - BoJack Horseman;a moça da joalheria destruiu completamente dizendo que o colar não valia praticamente nada era só uma bijuteria folhada a ouro.;Meio;https://www.youtube.com/watch?v=2X3vieGlcyY;Neutro;Neutro;Neutro;Neutro;Neutro
frHYQ_1bFME;A casa subterrânea! Peppa Pig (História: O Bazar);conseguimos todo o dinheiro para um telhado novo para a escola viva;Fim;https://www.youtube.com/watch?v=frHYQ_1bFME;Positivo;Positivo;Negativo;Positivo;Positivo
7bz65MLVvms;Peppa Pig... Compilation 14 (História: Tosse de Pedro);e uma canção para fazê-lo se sentir melhor;Fim;https://www.youtube.com/watch?v=7bz65MLVvms;Neutro;Neutro;Neutro;Neutro;Neutro
BERLTuMKuJ8;Patrulha Canina | Missões da Torre de Observação da Patrulha Canina por 30 Minutos! | Nick Jr.;"""eu preciso de você e do seu helicóptero na ponte""";Fim;https://www.youtube.com/watch?v=BERLTuMKuJ8;Neutro;Neutro;Neutro;Neutro;Neutro
3CIPVQ4lRfo;BART VIROU AMANTE DA SHAUNA?! #simpsons #thesimpsons #shorts #homer #bart;mas o Jimbo é um mané mas continua a atrair ele e Bart se torna seu amante.;Meio;https://www.youtube.com/shorts/3CIPVQ4lRfo;Neutro;Neutro;Neutro;Neutro;Neutro
JMp71mLRJSQ;Desenho Infantil... 32 Minutos (História: Máquina de Doces);molho de pizza calabresa minha favorita oba eu também amo pizza quem não ama né;Fim;https://www.youtube.com/watch?v=JMp71mLRJSQ;Positivo;Positivo;Positivo;Positivo;Positivo
4w7cS9CL9QE;INGLÊS INFANTIL | APRENDER INGLÊS COM AMIGO MUMU | AULA DE INGLÊS PARA CRIANÇAS;"""Libélula em inglês se diz Dragon Fly""";Fim;https://www.youtube.com/watch?v=4w7cS9CL9QE;Neutro;Neutro;Neutro;Neutro;Neutro
dDsH7HOndWA;Peppa Pig... Compilation 14 (História: Carro de Bombeiro);o incêndio acabou obrigado por nos salvado a coelha sem problemas;Meio;https://www.youtube.com/watch?v=dDsH7HOndWA;Neutro;Neutro;Neutro;Neutro;Neutro
YggLBVSorVM;Um Filhote de Tucano Estava Fazendo Malabares 🐦🎪 | Canção Divertida para Bebês e Crianças;"""desvendando mistérios com risos e alegria""";Fim;https://www.youtube.com/watch?v=YggLBVSorVM;Neutro;Neutro;Neutro;Neutro;Neutro
SAVH83QDUbc;A Falsa perfeição de Peanutbutter em BoJack Horseman;ele comenta com a Diane sobre como todas essas garotas com que teve um relacionamento no passado eram alegres e cheias de vida no começo quando as conheceu mas sempre terminavam amargas depois de um tempo.;Fim;https://www.youtube.com/watch?v=SAVH83QDUbc;Positivo;Positivo;Positivo;Positivo;Positivo
3CIUr10_fUs;A PREVISÃO MAIS ABSURDA dos SIMPSONS…;a Disney comprou a Fox por 52 Bilhões de Dólares.;Meio;https://www.youtube.com/shorts/3CIUr10_fUs;Neutro;Neutro;Neutro;Neutro;Neutro
_MqImMufNaM;Spidey e Seus Amigos Espectaculares | EPISÓDIOS COMPLETOS | Vão, Dino-Webs, Vão! + Fantasma no Museu;"""não acreditamos em fantasmas pois eles não existem""";Fim;https://www.youtube.com/watch?v=_MqImMufNaM;Neutro;Neutro;Neutro;Neutro;Neutro
UXl96yLXHHY;Mix Melhores Músicas Infantis Brasileira | músicas para bebês - looloo kids;"""every day which is foreign thank you foreign""";Meio;https://www.youtube.com/watch?v=UXl96yLXHHY&list=TLGGPhoa04DFYM4yMTAxMjAyNg;Neutro;Neutro;Neutro;Neutro;Neutro
SrpHLLNoIMM;Bob Esponja ESTILOSO por 60 Minutos Seguidos 🔥 | Bob Esponja em Português;"""adoro fazer hora extra de graça""";Fim;https://www.youtube.com/watch?v=SrpHLLNoIMM;Positivo;Positivo;Positivo;Positivo;Positivo
JWxjkWiH6Wc;BIG MOUTH - Mais um desenho pra adultos;muita história da série é baseada em fatos reais.;Início;https://www.youtube.com/watch?v=JWxjkWiH6Wc;Neutro;Neutro;Neutro;Neutro;Neutro
u-pb6XvMOgo;Experimentos de ciência para crianças com Maria Clara e JP!!! - ÁGUAS QUE ANDAM.;Se você gostou desse vídeo que é mais experiências no canal não esqueça de compar;Fim;https://www.youtube.com/watch?v=u-pb6XvMOgo;Positivo;Positivo;Positivo;Positivo;Negativo
AsijPlOOkMM;O Show do Garfield 😺A Pizza perfeita🍕PARA CRIANÇAS | O Reino Series;"""deixa eu mostrar como uma pizza deve ser feita""";Meio;https://www.youtube.com/watch?v=AsijPlOOkMM;Neutro;Neutro;Neutro;Neutro;Neutro
S0Ciua_z4OE;É hora de festejar com o Bingo! 🎶💃🧡 | Bingo Português Brasil - Canal Oficial;"""vamos começar a música""";Fim;https://www.youtube.com/watch?v=S0Ciua_z4OE;Positivo;Positivo;Positivo;Positivo;Positivo
86lVTtWTLfc;O que é um diário? Peppa Pig (História: Espelhos);como se faz isso Papai Pig é muito simples ilusões e Ótica diferenciais;Meio;https://www.youtube.com/watch?v=86lVTtWTLfc;Positivo;Positivo;Positivo;Positivo;Positivo
nIyr14PwxSE;Alex se demite | TRÊS ESPIÂS DEMAIS | Episódio 19, Temporada 1;"""isso tudo vai dar certo como sempre""";Meio;https://www.youtube.com/watch?v=nIyr14PwxSE;Neutro;Positivo;Neutro;Neutro;Neutro
HmpiiNG6SQA;A LISTA DOS MAIS BONITOS EM SOUTH PARK #southpark;butters avisa que as meninas estão fazendo a lista dos meninos mais bonitos da sala.;Início;https://www.youtube.com/shorts/HmpiiNG6SQA;Neutro;Neutro;Neutro;Neutro;Neutro
JMp71mLRJSQ;Desenho Infantil... 32 Minutos (História: Máquina de Doces);só se for pizza sabor teto Só o que faltava pizza sabor José foi mal José;Fim;https://www.youtube.com/watch?v=JMp71mLRJSQ;Positivo;Positivo;Positivo;Positivo;Positivo
-TCnAM_PvEw;Peppa Pig... Compilation 14 (História: Lavando Roupa);mas papai o senhor está com uma camisa branca é só o senhor tirar o seu casaco viu fantástico;Fim;https://www.youtube.com/watch?v=-TCnAM_PvEw;Negativo;Negativo;Negativo;Negativo;Negativo
OwWVDq9wwKc;As Tartarugas Ninja Fizeram uma Corrida Divertida | Canções Infantis e Rimas para Crianças;"""as tartarugas riram enquanto os confeitos estavam por toda parte""";Início;https://www.youtube.com/watch?v=OwWVDq9wwKc;Positivo;Positivo;Negativo;Positivo;Positivo
QI6ZQCh-Zrw;Para Onde Vai a Água? | Episódios Completos 🐵 George, o Curioso;"""george não entendia porque mais pessoas não faziam isso""";Fim;https://www.youtube.com/watch?v=QI6ZQCh-Zrw;Neutro;Neutro;Neutro;Neutro;Neutro
Xc6TPar4KSc;Close Enough e Apenas um Show SÃO do MESMO UNIVERSO;o bico de volta conjure-up a ser aquele canal mas não uso ele mostra algumas das notícias mais importantes do mundo desenhos animados.;Início;https://www.youtube.com/watch?v=Xc6TPar4KSc;Neutro;Neutro;Neutro;Neutro;Neutro
4s6mSWpKeCM;A casa subterrânea! Peppa Pig (História: Armário de Brinquedos);coitado do Ted do Senhor dinossauro onde é que eles vão morar agora por que vocês não encomendam outro armário;Fim;https://www.youtube.com/watch?v=4s6mSWpKeCM;Positivo;Positivo;Positivo;Positivo;Positivo
rSfK571WN4E;Os Backyardigans: A Grande Corrida - Ep.17;"""todos adoram preparar massas""";Fim;https://www.youtube.com/watch?v=rSfK571WN4E;Neutro;Neutro;Neutro;Neutro;Neutro
1znJVrkFFF4;Peppa Pig... Compilation 14 (História: O Barco do Vovô);eu posso ensinar a pole o que dizer o vovô big disse ging disse socorro socorro;Meio;https://www.youtube.com/watch?v=1znJVrkFFF4;Neutro;Neutro;Neutro;Neutro;Neutro
p3tWecdS3xE;44 Gatos | Ratos Vs Gatos: Amigos... ou inimigos?;"""eu preciso de ajuda para salvar os meus filhos """;Início;https://www.youtube.com/watch?v=p3tWecdS3xE;Positivo;Positivo;Positivo;Positivo;Positivo
frHYQ_1bFME;A casa subterrânea! Peppa Pig (História: O Bazar);Obrigada Papai Pig Tudo bem não tem de qu;Fim;https://www.youtube.com/watch?v=frHYQ_1bFME;Positivo;Positivo;Positivo;Positivo;Neutro
qt1Qt7eMTYk;Dia da Gincana... Detetive Labrador (História: Ligações Falsas);antel enganou vocês ela usou uma voz falsa para aparecer comigo e fazer todos esses pedidos;Meio;https://www.youtube.com/watch?v=qt1Qt7eMTYk;Neutro;Negativo;Neutro;Neutro;Neutro
SrpHLLNoIMM;Bob Esponja ESTILOSO por 60 Minutos Seguidos 🔥 | Bob Esponja em Português;"""o senhor está sensacional""";Meio;https://www.youtube.com/watch?v=SrpHLLNoIMM;Positivo;Positivo;Positivo;Positivo;Positivo
doAenkESxww;He Man em Português DUBLADO | O Dia das Maquinas | Desenhos Animados;"""estava funcionando o computador de verdade""";Início;https://www.youtube.com/watch?v=doAenkESxww;Neutro;Neutro;Neutro;Neutro;Neutro
HQIVWQh5zcw;Peppa Pig AO VIVO! (História: Amigo de Faz de Conta);ele está usando a melhor camisa azul dele bom é meio azul e esverdeada;Fim;https://www.youtube.com/watch?v=HQIVWQh5zcw;Neutro;Neutro;Neutro;Neutro;Neutro
S0Ciua_z4OE;É hora de festejar com o Bingo! 🎶💃🧡 | Bingo Português Brasil - Canal Oficial;"""prontas para passar o pacote crianças""";Início;https://www.youtube.com/watch?v=S0Ciua_z4OE;Positivo;Positivo;Positivo;Positivo;Positivo
4w7cS9CL9QE;INGLÊS INFANTIL | APRENDER INGLÊS COM AMIGO MUMU | AULA DE INGLÊS PARA CRIANÇAS;"""Amarelo com vermelho fica laranja""";Meio;https://www.youtube.com/watch?v=4w7cS9CL9QE;Neutro;Neutro;Neutro;Neutro;Neutro
0xWSgd5y-gQ;A Verdadeira Inspiração por Trás do Butters em South Park;O culpado ou a inspiração é o diretor de animação Eric stalf.;Meio;https://www.youtube.com/watch?v=0xWSgd5y-gQ;Neutro;Neutro;Positivo;Neutro;Neutro
OwWVDq9wwKc;As Tartarugas Ninja Fizeram uma Corrida Divertida | Canções Infantis e Rimas para Crianças;"""agora todos os tobogãs de água são pura diversão""";Meio;https://www.youtube.com/watch?v=OwWVDq9wwKc;Positivo;Positivo;Positivo;Positivo;Positivo
BO6e7Gq1jWM;A filosofia presente no Fim de BoJack Horseman;esse episódio é tão bom que muita gente achou que deveria ter acabado aqui com a morte double jack.;Início;https://www.youtube.com/watch?v=BO6e7Gq1jWM;Neutro;Neutro;Neutro;Neutro;Neutro
BO6e7Gq1jWM;A filosofia presente no Fim de BoJack Horseman;eu pretendo focar no episódio específico chamado à vista do meio para baixo.;Início;https://www.youtube.com/watch?v=BO6e7Gq1jWM;Neutro;Neutro;Neutro;Neutro;Neutro
_MqImMufNaM;Spidey e Seus Amigos Espectaculares | EPISÓDIOS COMPLETOS | Vão, Dino-Webs, Vão! + Fantasma no Museu;"""essa equipe sempre ganha quando trabalha junta""";Fim;https://www.youtube.com/watch?v=_MqImMufNaM;Neutro;Neutro;Neutro;Neutro;Neutro
pEDR54o4HVc;COM QUANTOS ANOS VOCÊ DESCOBRIU ISSO??? #curiosidades #shorts #coelho;que dá impressão né que é um pompom se você não puxar.;Meio;https://www.youtube.com/shorts/pEDR54o4HVc;Neutro;Neutro;Neutro;Neutro;Neutro
uOH9YS4ZcGI;A casa subterrânea! Peppa Pig (História: Engarrafamento);Eles já vão chegar tem bastante tempo São apenas 11 horas;Início;https://www.youtube.com/watch?v=uOH9YS4ZcGI;Neutro;Positivo;Neutro;Neutro;Neutro
0nMmWgETnMY;Nem tudo nasce da semente? 🍌🍌 - O Show da Luna! Episódio Completo 03 | Primeira Temporada | Kids;nem tudo nasce da semente vou apontar você na hora do papai lá é lindo;Início;https://www.youtube.com/watch?v=0nMmWgETnMY;Positivo;Positivo;Positivo;Positivo;Positivo
3CIPVQ4lRfo;BART VIROU AMANTE DA SHAUNA?! #simpsons #thesimpsons #shorts #homer #bart;Olha não desgruda da minha chauna.;Início;https://www.youtube.com/shorts/3CIPVQ4lRfo;Neutro;Neutro;Neutro;Neutro;Neutro
JMp71mLRJSQ;Desenho Infantil... 32 Minutos (História: Máquina de Doces);agora que já temos a massa de pizza é só amassar agora que a massa ficou pronta;Fim;https://www.youtube.com/watch?v=JMp71mLRJSQ;Positivo;Positivo;Positivo;Positivo;Positivo
YggLBVSorVM;Um Filhote de Tucano Estava Fazendo Malabares 🐦🎪 | Canção Divertida para Bebês e Crianças;"""com um rastro viscoso na grama""";Meio;https://www.youtube.com/watch?v=YggLBVSorVM;Neutro;Neutro;Neutro;Neutro;Neutro
3CIPVQ4lRfo;BART VIROU AMANTE DA SHAUNA?! #simpsons #thesimpsons #shorts #homer #bart;Pra quem tá na segunda série você é bem esperto viu.;Início;https://www.youtube.com/shorts/3CIPVQ4lRfo;Neutro;Neutro;Neutro;Neutro;Neutro
F1OZbKj4yoQ;A casa subterrânea! Peppa Pig (História: Reciclagem);para é nosso carro o quê É mesmo é nosso carro não é velho nem enferrujado;Fim;https://www.youtube.com/watch?v=F1OZbKj4yoQ;Positivo;Positivo;Neutro;Positivo;Positivo
kAweJWwmZ2c;Bob Esponja cozinha tudo, menos hambúrguer de siri 🍳 | Nickelodeon em Português;"""saudações digníssimo fornecedor de produtos""";Início;https://www.youtube.com/watch?v=kAweJWwmZ2c;Neutro;Neutro;Neutro;Neutro;Neutro
qV0Nrut-T9c;9 Lições de vida em Bojack Horseman;o passado só é útil com aprendizado e nada mais são inúmeras as cenas e até mesmo episódios inte.;Início;https://www.youtube.com/watch?v=qV0Nrut-T9c;Neutro;Neutro;Neutro;Neutro;Neutro
dDsH7HOndWA;Peppa Pig... Compilation 14 (História: Carro de Bombeiro);o que você vai fazer hoje papai eu tenho um encontro importante com o time de futebol dos papais;Início;https://www.youtube.com/watch?v=dDsH7HOndWA;Neutro;Neutro;Neutro;Neutro;Neutro
0nMmWgETnMY;Nem tudo nasce da semente? 🍌🍌 - O Show da Luna! Episódio Completo 03 | Primeira Temporada | Kids;todas essas frutas tem sementes porque a banana não tem vamos todos subir para o meu quarto para desvendar esse mistério;Início;https://www.youtube.com/watch?v=0nMmWgETnMY;Neutro;Neutro;Neutro;Neutro;Neutro
HmpiiNG6SQA;A LISTA DOS MAIS BONITOS EM SOUTH PARK #southpark;primeiro que as garotas não t bolas com certeza não.;Meio;https://www.youtube.com/shorts/HmpiiNG6SQA;Neutro;Positivo;Neutro;Neutro;Neutro
HQIVWQh5zcw;Peppa Pig AO VIVO! (História: Amigo de Faz de Conta);até mesmo amigos de faz de conta o porquinho bebê;Fim;https://www.youtube.com/watch?v=HQIVWQh5zcw;Neutro;Neutro;Positivo;Neutro;Neutro
BERLTuMKuJ8;Patrulha Canina | Missões da Torre de Observação da Patrulha Canina por 30 Minutos! | Nick Jr.;"""vamos correr vamos testar primeiro""";Meio;https://www.youtube.com/watch?v=BERLTuMKuJ8;Neutro;Neutro;Neutro;Neutro;Positivo
cqryXNQUew8;Desenho Educativo Infantil - 24 Minutos de Historinhas da Sara!!! Em Português Completo;"Sara olha pra frente mamia a primeira vez é assim mesmo""";Início;https://www.youtube.com/watch?v=cqryXNQUew8;Neutro;Neutro;Neutro;Neutro;Neutro
dDsH7HOndWA;Peppa Pig... Compilation 14 (História: Carro de Bombeiro);nas poças de lama de bombeiros principalmente poder estar livre de aftosa;Fim;https://www.youtube.com/watch?v=dDsH7HOndWA;Neutro;Neutro;Neutro;Neutro;Neutro
1j3zTuJiy0Q;Scooby-Doo Encontra um SUPER Amigo! | Scooby-Doo! em Português 🇧🇷 | ‪@WBKidsBrasil‬;"""o mundo precisa de ajuda""";Início;https://www.youtube.com/watch?v=1j3zTuJiy0Q;Neutro;Neutro;Neutro;Neutro;Neutro
doAenkESxww;He Man em Português DUBLADO | O Dia das Maquinas | Desenhos Animados;"""as máquinas do palácio""";Fim;https://www.youtube.com/watch?v=doAenkESxww;Neutro;Negativo;Neutro;Neutro;Neutro
nIyr14PwxSE;Alex se demite | TRÊS ESPIÂS DEMAIS | Episódio 19, Temporada 1;"""o mundo acertou o passo graças a você""";Fim;https://www.youtube.com/watch?v=nIyr14PwxSE;Neutro;Neutro;Neutro;Neutro;Neutro
BfFBPWo7SbU;SONIC X | episódio 24 - Aponte Para Ele! O Navio Afundado No Sul (Dublado);"""não se preocupe eu peguei você""";Início;https://www.youtube.com/watch?v=BfFBPWo7SbU;Neutro;Neutro;Neutro;Neutro;Neutro
uOH9YS4ZcGI;A casa subterrânea! Peppa Pig (História: Engarrafamento);tive uma ótima ideia V pegar o meu carrinho de mão o que o vovô está fazendo;Fim;https://www.youtube.com/watch?v=uOH9YS4ZcGI;Neutro;Neutro;Neutro;Neutro;Neutro
-hgCtotSucs;Dora seguiu um rastro de conchas brilhantes 🐚✨ | Canção divertida para crianças;"""colecionar tesouros com prazer""";Fim;https://www.youtube.com/watch?v=-hgCtotSucs;Positivo;Positivo;Positivo;Positivo;Neutro
uOH9YS4ZcGI;A casa subterrânea! Peppa Pig (História: Engarrafamento);a vovó e o vovô estão fazendo o almoço para Peppa e a sua família;Início;https://www.youtube.com/watch?v=uOH9YS4ZcGI;Neutro;Neutro;Neutro;Neutro;Neutro
-hgCtotSucs;Dora seguiu um rastro de conchas brilhantes 🐚✨ | Canção divertida para crianças;"""os macacos desceram e se juntaram à brincadeira""";Início;https://www.youtube.com/watch?v=-hgCtotSucs;Positivo;Positivo;Positivo;Positivo;Positivo
x64zMoTFcb4;Ricky tem um pneu furado | Ricky Zoom Brasil | Desenhos Animados;"""a rampa vai ser demais""";Início;https://www.youtube.com/watch?v=x64zMoTFcb3;Neutro;Neutro;Neutro;Neutro;Neutro
kAweJWwmZ2c;Bob Esponja cozinha tudo, menos hambúrguer de siri 🍳 | Nickelodeon em Português;"""eu sou doce como um Sunday matinal""";Fim;https://www.youtube.com/watch?v=kAweJWwmZ2c;Neutro;Neutro;Neutro;Neutro;Neutro
hyy47h2fNn4;O Show do Garfield 😺 Treinamento radical | DESENHO INFANTIL🌈PORTUGUÊS do BRASIL;"""eu não sei como foi que eu consegui sobreviver""";Meio;https://www.youtube.com/watch?v=hyy47h2fNn4;Neutro;Neutro;Neutro;Neutro;Neutro
JMp71mLRJSQ;Desenho Infantil... 32 Minutos (História: Máquina de Doces);como vou fazer pizza de calabresa sem calabresa calma José tem outros sabores tão gostosos;Fim;https://www.youtube.com/watch?v=JMp71mLRJSQ;Positivo;Positivo;Positivo;Positivo;Positivo
-hgCtotSucs;Dora seguiu um rastro de conchas brilhantes 🐚✨ | Canção divertida para crianças;"""todos os tesouros são cuidadosamente guardados""";Fim;https://www.youtube.com/watch?v=-hgCtotSucs;Positivo;Positivo;Positivo;Positivo;Positivo
3yaIKm_WZFs;O susto! - Contação de Histórias infantis - Varal de Histórias;"""não se esqueçam que todo sábado horas da manhã em ponto nós temos um encontro""";Fim;https://www.youtube.com/watch?v=3yaIKm_WZFs;Neutro;Neutro;Neutro;Neutro;Neutro
AsijPlOOkMM;O Show do Garfield 😺A Pizza perfeita🍕PARA CRIANÇAS | O Reino Series;"""chegamos bem na hora certa""";Fim;https://www.youtube.com/watch?v=AsijPlOOkMM;Neutro;Neutro;Neutro;Neutro;Neutro
S0Ciua_z4OE;É hora de festejar com o Bingo! 🎶💃🧡 | Bingo Português Brasil - Canal Oficial;"""a muffin escolheu a regra""";Fim;https://www.youtube.com/watch?v=S0Ciua_z4OE;Positivo;Positivo;Positivo;Positivo;Positivo
S0Ciua_z4OE;É hora de festejar com o Bingo! 🎶💃🧡 | Bingo Português Brasil - Canal Oficial;"""eu vou começar""";Início;https://www.youtube.com/watch?v=S0Ciua_z4OE;Positivo;Positivo;Positivo;Positivo;Positivo
AMxOelWy0UQ;O amigo travesso de Obby no Roblox escorregou 😆🧱 | Canção Divertida para Crianças;"""o amigo travesso correu até o topo""";Início;https://www.youtube.com/watch?v=AMxOelWy0UQ;Positivo;Positivo;Positivo;Neutro;Positivo
qV0Nrut-T9c;9 Lições de vida em Bojack Horseman;amigos são os que nos protegem em nós mesmos nos momentos mais baixos e desesperadores.;Fim;https://www.youtube.com/watch?v=qV0Nrut-T9c;Neutro;Neutro;Neutro;Neutro;Neutro
_7XBFxFXMRQ;Desenhos Assustadores Feitos Por Crianças Pt.1 - #Shorts 📝👹😱;e por último uma mãe pediu para sua filha desenhar seu amigo imaginário e Isso foi o que ela desenhou.;Início;https://www.youtube.com/shorts/_7XBFxFXMRQ;Neutro;Positivo;Neutro;Neutro;Neutro
86lVTtWTLfc;O que é um diário? Peppa Pig (História: Espelhos);uh o que aconteceu com o meu corpo você é uma gelatina trêmula treme treme;Meio;https://www.youtube.com/watch?v=86lVTtWTLfc;Positivo;Positivo;Positivo;Positivo;Positivo
0nMmWgETnMY;Nem tudo nasce da semente? 🍌🍌 - O Show da Luna! Episódio Completo 03 | Primeira Temporada | Kids;Eco ele também não tem semente nem o morango e a batata a batata tem semente;Fim;https://www.youtube.com/watch?v=0nMmWgETnMY;Neutro;Neutro;Neutro;Neutro;Neutro
Xc6TPar4KSc;Close Enough e Apenas um Show SÃO do MESMO UNIVERSO;parece que faz anos que lançou um teaser trailer do show da honra de miami quer o show de internet que deixou muita gente confusa e com medo.;Meio;https://www.youtube.com/watch?v=Xc6TPar4KSc;Neutro;Negativo;Neutro;Neutro;Neutro
x64zMoTFcb4;Ricky tem um pneu furado | Ricky Zoom Brasil | Desenhos Animados;"""preciso te levar para consertar o seu pneu""";Meio;https://www.youtube.com/watch?v=x64zMoTFcb3;Neutro;Neutro;Neutro;Neutro;Neutro
F1OZbKj4yoQ;A casa subterrânea! Peppa Pig (História: Reciclagem);mas todas as coisas que podem ser usadas de novo colocamos nas caixas de reciclagem;Início;https://www.youtube.com/watch?v=F1OZbKj4yoQ;Positivo;Positivo;Positivo;Positivo;Positivo
4s6mSWpKeCM;A casa subterrânea! Peppa Pig (História: Armário de Brinquedos);mamãe podemos ajudar Claro primeiro uma prateleira aqui tem uma verde Obrigada Peppa agora preciso de quatro pés;Meio;https://www.youtube.com/watch?v=4s6mSWpKeCM;Positivo;Positivo;Positivo;Positivo;Positivo
S78QxkZuUfQ;Episódio de Os Simpsons onde CRITICAM O BRASIL é Censurado #SHORTS;os dubladores brasileiros se recusaram a dizer as falas do roteiro original entendo caso.;Início;https://www.youtube.com/shorts/S78QxkZuUfQ;Neutro;Neutro;Neutro;Neutro;Neutro
HmpiiNG6SQA;A LISTA DOS MAIS BONITOS EM SOUTH PARK #southpark;eles discutem Quem ficará no Fim deve ter colocado você no Fim porque tem dentes horríveis ou Keno porque é pobre.;Início;https://www.youtube.com/shorts/HmpiiNG6SQA;Neutro;Neutro;Neutro;Neutro;Neutro
F1OZbKj4yoQ;A casa subterrânea! Peppa Pig (História: Reciclagem);quem sabe me dizer onde se coloca as garrafas na Caixa Verde isso mesmo;Meio;https://www.youtube.com/watch?v=F1OZbKj4yoQ;Positivo;Positivo;Positivo;Positivo;Positivo
AMxOelWy0UQ;O amigo travesso de Obby no Roblox escorregou 😆🧱 | Canção Divertida para Crianças;"""as aventuras de minecraft trazem alegria""";Meio;https://www.youtube.com/watch?v=AMxOelWy0UQ;Positivo;Positivo;Positivo;Positivo;Positivo
SrpHLLNoIMM;Bob Esponja ESTILOSO por 60 Minutos Seguidos 🔥 | Bob Esponja em Português;"""preciso do meu sono de beleza""";Início;https://www.youtube.com/watch?v=SrpHLLNoIMM;Neutro;Neutro;Neutro;Neutro;Neutro
YggLBVSorVM;Um Filhote de Tucano Estava Fazendo Malabares 🐦🎪 | Canção Divertida para Bebês e Crianças;"""os amigos riem alto quando estão perto uns dos outros""";Fim;https://www.youtube.com/watch?v=YggLBVSorVM;Neutro;Neutro;Neutro;Neutro;Neutro
BERLTuMKuJ8;Patrulha Canina | Missões da Torre de Observação da Patrulha Canina por 30 Minutos! | Nick Jr.;"""o volante por favor""";Meio;https://www.youtube.com/watch?v=BERLTuMKuJ8;Neutro;Neutro;Neutro;Neutro;Neutro
7bz65MLVvms;Peppa Pig... Compilation 14 (História: Tosse de Pedro);quando uma pessoa tem matonse algumas vezes outras pessoas pegam é só torcer também;Início;https://www.youtube.com/watch?v=7bz65MLVvms;Neutro;Neutro;Neutro;Neutro;Neutro
KMcR9YuIh0o;Pea Pea Explora El Desafío Del Baño Frío Y Caliente 🔥❄ Divertidos Dibujos Animados Para Niños;"""descobre brinquedos de argila e diversão""";Meio;https://www.youtube.com/watch?v=KMcR9YuIh0o;Neutro;Neutro;Neutro;Negativo;Neutro
F1OZbKj4yoQ;A casa subterrânea! Peppa Pig (História: Reciclagem);o senhor touro o lixeiro está recolhendo o lixo é de manhã cedinho;Início;https://www.youtube.com/watch?v=F1OZbKj4yoQ;Positivo;Positivo;Positivo;Positivo;Positivo
uOH9YS4ZcGI;A casa subterrânea! Peppa Pig (História: Engarrafamento);está certo temos que tentar outro caminho mas não existe outra Estrada Principal;Meio;https://www.youtube.com/watch?v=uOH9YS4ZcGI;Neutro;Neutro;Neutro;Negativo;Neutro
doAenkESxww;He Man em Português DUBLADO | O Dia das Maquinas | Desenhos Animados;"""alguma foi deixada com os controles""";Início;https://www.youtube.com/watch?v=doAenkESxww;Neutro;Positivo;Neutro;Neutro;Neutro
KomCGixRjT8;Peppa Pig Português Brasil ⭐️ Vários Episódios Completos  ⭐️ Desenhos Animados;"""a mamãe pig ganhou o prêmio incrível""";Início;https://www.youtube.com/watch?v=KomCGixRjT8;Positivo;Positivo;Positivo;Negativo;Positivo
QI6ZQCh-Zrw;Para Onde Vai a Água? | Episódios Completos 🐵 George, o Curioso;"""o desentupidor pressiona a água para descer pelo cano""";Início;https://www.youtube.com/watch?v=QI6ZQCh-Zrw;Neutro;Neutro;Neutro;Neutro;Neutro
hyy47h2fNn4;O Show do Garfield 😺 Treinamento radical | DESENHO INFANTIL🌈PORTUGUÊS do BRASIL;"""isso é ainda melhor""";Fim;https://www.youtube.com/watch?v=hyy47h2fNn4;Neutro;Positivo;Neutro;Neutro;Neutro
SErY7GNv1Hg;FUNK DO PATINHO - Cantinho Encantado | Música Infantil;"""mexe mexe sem parar""";Início;https://www.youtube.com/watch?v=SErY7GNv1Hg;Neutro;Neutro;Neutro;Neutro;Neutro
HmpiiNG6SQA;A LISTA DOS MAIS BONITOS EM SOUTH PARK #southpark;mas falham já que garotas não tem bolas.;Meio;https://www.youtube.com/shorts/HmpiiNG6SQA;Neutro;Neutro;Neutro;Neutro;Neutro
yvCDV6Bh2d8;Desenho Infantil... 28 Minutos (História: Bolha de Sabão);aham já sei o que eu tenho que fazer para pegar meu bolinho de volta;Meio;https://www.youtube.com/watch?v=yvCDV6Bh2d8;Positivo;Positivo;Positivo;Positivo;Positivo
1znJVrkFFF4;Peppa Pig... Compilation 14 (História: O Barco do Vovô);eu iria também mas meu barco precisa de limpeza só eu não sei por que você se incomoda em limpar este barco enferrujado;Início;https://www.youtube.com/watch?v=1znJVrkFFF4;Neutro;Neutro;Neutro;Neutro;Neutro
x64zMoTFcb4;Ricky tem um pneu furado | Ricky Zoom Brasil | Desenhos Animados;"""vamos resgatar o bicho que precisa de ajuda""";Meio;https://www.youtube.com/watch?v=x64zMoTFcb3;Neutro;Neutro;Neutro;Neutro;Neutro
F1OZbKj4yoQ;A casa subterrânea! Peppa Pig (História: Reciclagem);ela pode ser reciclada o que isso quer dizer todas as coisas que não usamos de novo botamos na lata de lixo;Início;https://www.youtube.com/watch?v=F1OZbKj4yoQ;Positivo;Positivo;Positivo;Positivo;Positivo
HQIVWQh5zcw;Peppa Pig AO VIVO! (História: Amigo de Faz de Conta);eu perguntei pro Léo ah o Léo disse que gosta de brincar com as fantasias ótimo vamos Léo;Meio;https://www.youtube.com/watch?v=HQIVWQh5zcw;Positivo;Positivo;Positivo;Positivo;Positivo
9LM6TXghK_k;O MELHOR VÍDEO PARA APRENDER A LER - VOL 2 | + 40 MIN DE VÍDEOS PARA AJUDAR NA ALFABETIZAÇÃO;"""o x a letra da xícara xícara começa com x x de xícara xícara xícara""";Fim;https://www.youtube.com/watch?v=9LM6TXghK_k;Neutro;Neutro;Neutro;Neutro;Neutro
JWxjkWiH6Wc;BIG MOUTH - Mais um desenho pra adultos;se você usa o twitter o índico cid o perfil do big mal é muito engraçado eles convidam a galera que segue para contar histórias embaraçosos sobre a vida.;Fim;https://www.youtube.com/watch?v=JWxjkWiH6Wc;Neutro;Neutro;Neutro;Neutro;Neutro
JMp71mLRJSQ;Desenho Infantil... 32 Minutos (História: Máquina de Doces);chegou minha máquina de fazer docinhos eu esperei tanto tempo;Início;https://www.youtube.com/watch?v=JMp71mLRJSQ;Positivo;Positivo;Positivo;Positivo;Positivo
86lVTtWTLfc;O que é um diário? Peppa Pig (História: Espelhos);uau eu posso ver duas de você o que quer dizer eu posso ver você no espelho;Fim;https://www.youtube.com/watch?v=86lVTtWTLfc;Positivo;Positivo;Positivo;Positivo;Positivo
KomCGixRjT8;Peppa Pig Português Brasil ⭐️ Vários Episódios Completos  ⭐️ Desenhos Animados;"""ótima ideia peppa vamos dar para os amigos""";Meio;https://www.youtube.com/watch?v=KomCGixRjT8;Positivo;Positivo;Positivo;Positivo;Positivo
S0Ciua_z4OE;É hora de festejar com o Bingo! 🎶💃🧡 | Bingo Português Brasil - Canal Oficial;"""deixa elas se divertirem""";Fim;https://www.youtube.com/watch?v=S0Ciua_z4OE;Positivo;Positivo;Negativo;Positivo;Positivo
3CIPVQ4lRfo;BART VIROU AMANTE DA SHAUNA?! #simpsons #thesimpsons #shorts #homer #bart;não tão rápido Simpson.;Fim;https://www.youtube.com/shorts/3CIPVQ4lRfo;Neutro;Neutro;Neutro;Neutro;Neutro
7bz65MLVvms;Peppa Pig... Compilation 14 (História: Tosse de Pedro);mas mamãe papai eu estou com tosse o doutor urso marrom esteve aqui cuida da gente;Meio;https://www.youtube.com/watch?v=7bz65MLVvms;Neutro;Neutro;Neutro;Neutro;Neutro
-TCnAM_PvEw;Peppa Pig... Compilation 14 (História: Lavando Roupa);vamos pegar mais umas coisas para colocar na máquina ah o meu vestido está com um pouco de lama;Início;https://www.youtube.com/watch?v=-TCnAM_PvEw;Negativo;Negativo;Negativo;Negativo;Negativo
Xc6TPar4KSc;Close Enough e Apenas um Show SÃO do MESMO UNIVERSO;o programa de tv seria alvo bom porque o dinheiro que eles irão ganhar seria o maior dando liberdade para eles fazerem mais coisas.;Meio;https://www.youtube.com/watch?v=Xc6TPar4KSc;Neutro;Positivo;Neutro;Neutro;Neutro
QI6ZQCh-Zrw;Para Onde Vai a Água? | Episódios Completos 🐵 George, o Curioso;"""parecia um dia perfeito para uma longa caminhada""";Fim;https://www.youtube.com/watch?v=QI6ZQCh-Zrw;Positivo;Positivo;Positivo;Positivo;Positivo
4w7cS9CL9QE;INGLÊS INFANTIL | APRENDER INGLÊS COM AMIGO MUMU | AULA DE INGLÊS PARA CRIANÇAS;"""essa aqui é a lagarta em inglês se pronuncia carepeller""";Fim;https://www.youtube.com/watch?v=4w7cS9CL9QE;Neutro;Neutro;Neutro;Neutro;Neutro
kPn7VllMapI;Peppa Pig Português Brasil ⭐️ Vários Episódios Completos ⭐️ Pepa Ping Ping ⭐️ Desenhos Animados;eu vou dar este chapéu;Início;https://www.youtube.com/watch?v=kPn7VllMapI;Neutro;Neutro;Neutro;Positivo;Neutro
dDsH7HOndWA;Peppa Pig... Compilation 14 (História: Carro de Bombeiro);um churrasco do papai pipe está em chamas desejo o desejo;Meio;https://www.youtube.com/watch?v=dDsH7HOndWA;Neutro;Neutro;Neutro;Negativo;Neutro
FXdKwbOQce4;MARATONA MELHORES EPISÓDIOS... O Show da Luna! (História: Sol Verde);e azul com vermelho vira roxo eu sei agora eu sei eu sei como as cores se misturam;Fim;https://www.youtube.com/watch?v=FXdKwbOQce4;Neutro;Neutro;Neutro;Neutro;Neutro
3CIPVQ4lRfo;BART VIROU AMANTE DA SHAUNA?! #simpsons #thesimpsons #shorts #homer #bart;eu roubei isso cara isso foi muito maneiro.;Meio;https://www.youtube.com/shorts/3CIPVQ4lRfo;Neutro;Neutro;Negativo;Neutro;Neutro
cqryXNQUew8;Desenho Educativo Infantil - 24 Minutos de Historinhas da Sara!!! Em Português Completo;"""vou achar sozinha aqui não consegui achar os ovinhos vovô""";Fim;https://www.youtube.com/watch?v=cqryXNQUew8;Neutro;Positivo;Neutro;Neutro;Neutro
Xc6TPar4KSc;Close Enough e Apenas um Show SÃO do MESMO UNIVERSO;a gente tem duas imagens que mostram que não são humanos mas é são os sapos os personagens.;Meio;https://www.youtube.com/watch?v=Xc6TPar4KSc;Neutro;Neutro;Neutro;Neutro;Neutro
AsijPlOOkMM;O Show do Garfield 😺A Pizza perfeita🍕PARA CRIANÇAS | O Reino Series;"""alguma coisa muito errada está acontecendo""";Início;https://www.youtube.com/watch?v=AsijPlOOkMM;Neutro;Neutro;Neutro;Neutro;Neutro
S0Ciua_z4OE;É hora de festejar com o Bingo! 🎶💃🧡 | Bingo Português Brasil - Canal Oficial;"""estão prontos para passar o pacote""";Início;https://www.youtube.com/watch?v=S0Ciua_z4OE;Positivo;Positivo;Positivo;Positivo;Positivo
xr5KQQN7Big;Cenas do Hambúrguer de Siri | Parte 2 | Bob Esponja em Português;"""obrigado eu espero que o patrão não confisco""";Início;https://www.youtube.com/watch?v=xr5KQQN7Big;Positivo;Positivo;Positivo;Negativo;Positivo
HQIVWQh5zcw;Peppa Pig AO VIVO! (História: Amigo de Faz de Conta);george você tá sentado em cima do Léo o George não sabe que a Suzi tem um amigo de faz de conta;Meio;https://www.youtube.com/watch?v=HQIVWQh5zcw;Neutro;Neutro;Neutro;Neutro;Neutro
JWxjkWiH6Wc;BIG MOUTH - Mais um desenho pra adultos;big mal é tipo uma lição de educação sexual que ele queria poder ter tido na escola quando ele era mais jovem.;Meio;https://www.youtube.com/watch?v=JWxjkWiH6Wc;Neutro;Neutro;Neutro;Neutro;Neutro
UXl96yLXHHY;Mix Melhores Músicas Infantis Brasileira | músicas para bebês - looloo kids;"""ha ha like myself hey hey yeah laughs""";Fim;https://www.youtube.com/watch?v=UXl96yLXHHY&list=TLGGPhoa04DFYM4yMTAxMjAyNg;Neutro;Neutro;Neutro;Neutro;Neutro
doAenkESxww;He Man em Português DUBLADO | O Dia das Maquinas | Desenhos Animados;"""fazer mais carga negativa""";Fim;https://www.youtube.com/watch?v=doAenkESxww;Neutro;Neutro;Neutro;Neutro;Neutro
cqryXNQUew8;Desenho Educativo Infantil - 24 Minutos de Historinhas da Sara!!! Em Português Completo;"""vamos tentar de novo não quero mais andar de bicicleta"".";Início;https://www.youtube.com/watch?v=cqryXNQUew8;Neutro;Neutro;Neutro;Neutro;Neutro
kAweJWwmZ2c;Bob Esponja cozinha tudo, menos hambúrguer de siri 🍳 | Nickelodeon em Português;"""uma cobertura extra machuca ninguém""";Meio;https://www.youtube.com/watch?v=kAweJWwmZ2c;Neutro;Neutro;Neutro;Neutro;Neutro
2X3vieGlcyY;Assista quando estiver em um dia ruim - BoJack Horseman;às vezes os nossos dias vão ser terríveis e não vai ter nada além disso não vai ter uma reviravolta no fim para que tudo termine magicamente bem.;Fim;https://www.youtube.com/watch?v=2X3vieGlcyY;Neutro;Neutro;Neutro;Neutro;Neutro
qt1Qt7eMTYk;Dia da Gincana... Detetive Labrador (História: Ligações Falsas);vou ajudar você a recuperar o seu dinheiro senhores e senhoras suas contas também estão em perigo;Início;https://www.youtube.com/watch?v=qt1Qt7eMTYk;Neutro;Neutro;Neutro;Neutro;Neutro
hyy47h2fNn4;O Show do Garfield 😺 Treinamento radical | DESENHO INFANTIL🌈PORTUGUÊS do BRASIL;"""fingindo ser um gato obediente""";Meio;https://www.youtube.com/watch?v=hyy47h2fNn4;Neutro;Neutro;Neutro;Neutro;Neutro
doAenkESxww;He Man em Português DUBLADO | O Dia das Maquinas | Desenhos Animados;"""o controle de mando por computador""";Meio;https://www.youtube.com/watch?v=doAenkESxww;Neutro;Neutro;Negativo;Neutro;Neutro
p3tWecdS3xE;44 Gatos | Ratos Vs Gatos: Amigos... ou inimigos?;"""olhem onde pisa """;Meio;https://www.youtube.com/watch?v=p3tWecdS3xE;Positivo;Positivo;Positivo;Positivo;Positivo
9LM6TXghK_k;O MELHOR VÍDEO PARA APRENDER A LER - VOL 2 | + 40 MIN DE VÍDEOS PARA AJUDAR NA ALFABETIZAÇÃO;"""letra U de ursinho Pooh de ukulelê u de uva""";Início;https://www.youtube.com/watch?v=9LM6TXghK_k;Neutro;Negativo;Neutro;Neutro;Neutro
vbM7Y92oWQI;Bolsa da Tucci;O kit do Ibira tá com as outras bolsas.;Início;https://www.youtube.com/shorts/vbM7Y92oWQI;Neutro;Neutro;Neutro;Neutro;Neutro
xr5KQQN7Big;Cenas do Hambúrguer de Siri | Parte 2 | Bob Esponja em Português;"""legal agora peguei você""";Início;https://www.youtube.com/watch?v=xr5KQQN7Big;Neutro;Neutro;Neutro;Neutro;Neutro
-TCnAM_PvEw;Peppa Pig... Compilation 14 (História: Lavando Roupa);o papai está lavando roupa essa manhã papai que camisa é essa;Início;https://www.youtube.com/watch?v=-TCnAM_PvEw;Negativo;Negativo;Negativo;Negativo;Negativo
7bz65MLVvms;Peppa Pig... Compilation 14 (História: Tosse de Pedro);aqui está o remédio não tem gosto de meias e creme com sabor de yogurte de jane;Fim;https://www.youtube.com/watch?v=7bz65MLVvms;Neutro;Neutro;Neutro;Neutro;Neutro
YggLBVSorVM;Um Filhote de Tucano Estava Fazendo Malabares 🐦🎪 | Canção Divertida para Bebês e Crianças;"""alternando frutas coloridas no ar""";Início;https://www.youtube.com/watch?v=YggLBVSorVM;Neutro;Neutro;Neutro;Neutro;Neutro
kAweJWwmZ2c;Bob Esponja cozinha tudo, menos hambúrguer de siri 🍳 | Nickelodeon em Português;"""você é mesmo um grande amigo lula molusco""";Fim;https://www.youtube.com/watch?v=kAweJWwmZ2c;Neutro;Neutro;Neutro;Neutro;Positivo
hYZvoyPLFRk;Passeio Infinito na Escada Rolante ⬆️ Peppa Pig Português Brasil | 30 min;"""o trem está a caminho novamente""";Meio;https://www.youtube.com/watch?v=hYZvoyPLFRk;Neutro;Neutro;Neutro;Neutro;Neutro
pEDR54o4HVc;COM QUANTOS ANOS VOCÊ DESCOBRIU ISSO??? #curiosidades #shorts #coelho;E várias pessoas na internet resolveram mostrar isso de fato curioso.;Meio;https://www.youtube.com/shorts/pEDR54o4HVc;Neutro;Neutro;Neutro;Neutro;Neutro
x64zMoTFcb4;Ricky tem um pneu furado | Ricky Zoom Brasil | Desenhos Animados;"""agora o projeto está entregue e pronto""";Fim;https://www.youtube.com/watch?v=x64zMoTFcb3;Neutro;Neutro;Neutro;Neutro;Neutro
5fx72a2ezys;A casa subterrânea! Peppa Pig (História: A Chave Perdida);o que nós precisamos é de uma vara de pescar então nós poderemos alcançar com um anzol;Meio;https://www.youtube.com/watch?v=5fx72a2ezys;Neutro;Neutro;Neutro;Neutro;Neutro
S78QxkZuUfQ;Episódio de Os Simpsons onde CRITICAM O BRASIL é Censurado #SHORTS;É sério você acha mesmo que eu farei época.;Meio;https://www.youtube.com/shorts/S78QxkZuUfQ;Neutro;Neutro;Neutro;Neutro;Neutro
hyy47h2fNn4;O Show do Garfield 😺 Treinamento radical | DESENHO INFANTIL🌈PORTUGUÊS do BRASIL;"""se obedecer direitinho vai sair daqui bem rápido""";Início;https://www.youtube.com/watch?v=hyy47h2fNn4;Neutro;Neutro;Neutro;Negativo;Neutro
BO6e7Gq1jWM;A filosofia presente no Fim de BoJack Horseman;O filósofo alemão heidegger recomendo que você seja autêntico para fugir do dizem que numa tradução meio grosseira significa eles uma espécie de fantasma cultural que julga as suas ações.;Meio;https://www.youtube.com/watch?v=BO6e7Gq1jWM;Neutro;Neutro;Neutro;Neutro;Neutro
kAweJWwmZ2c;Bob Esponja cozinha tudo, menos hambúrguer de siri 🍳 | Nickelodeon em Português;"""não é um hambúrguer de siri mas talvez eu consiga gostar""";Meio;https://www.youtube.com/watch?v=kAweJWwmZ2c;Neutro;Neutro;Neutro;Neutro;Neutro
S0Ciua_z4OE;É hora de festejar com o Bingo! 🎶💃🧡 | Bingo Português Brasil - Canal Oficial;"""o vencedor fica com ele""";Meio;https://www.youtube.com/watch?v=S0Ciua_z4OE;Positivo;Positivo;Positivo;Positivo;Neutro
F1OZbKj4yoQ;A casa subterrânea! Peppa Pig (História: Reciclagem);agora chega de reciclar por hoje é vamos PR casa onde é que tá nosso carro;Fim;https://www.youtube.com/watch?v=F1OZbKj4yoQ;Positivo;Positivo;Positivo;Positivo;Positivo
UXl96yLXHHY;Mix Melhores Músicas Infantis Brasileira | músicas para bebês - looloo kids;"""then your life is la la la la la la la la la la la""";Início;https://www.youtube.com/watch?v=UXl96yLXHHY&list=TLGGPhoa04DFYM4yMTAxMjAyNg;Neutro;Neutro;Neutro;Neutro;Neutro
cqryXNQUew8;Desenho Educativo Infantil - 24 Minutos de Historinhas da Sara!!! Em Português Completo;"""olha uma árvore é para lá não é não é pro outro lado é sim me dá""";Fim;https://www.youtube.com/watch?v=cqryXNQUew8;Neutro;Neutro;Neutro;Neutro;Neutro
l8rr0QZqYRs;A Caixa Mágica... Detetive Labrador (História: Piscina de Bolinhas);chegaram os resultados dos exames eles estão com coceira por causa de uma alergia na pele;Meio;https://www.youtube.com/watch?v=l8rr0QZqYRs;Neutro;Neutro;Neutro;Neutro;Neutro
dDsH7HOndWA;Peppa Pig... Compilation 14 (História: Carro de Bombeiro);e agora que a dona coelha gentilmente inundou jardim podemos pular pra cima e pra baixo;Fim;https://www.youtube.com/watch?v=dDsH7HOndWA;Neutro;Neutro;Neutro;Neutro;Neutro
x64zMoTFcb4;Ricky tem um pneu furado | Ricky Zoom Brasil | Desenhos Animados;"""os amigos nunca deixam um outro para trás""";Meio;https://www.youtube.com/watch?v=x64zMoTFcb3;Neutro;Neutro;Neutro;Neutro;Neutro
AsijPlOOkMM;O Show do Garfield 😺A Pizza perfeita🍕PARA CRIANÇAS | O Reino Series;"""obrigado gato acho que você merece um pouco também""";Fim;https://www.youtube.com/watch?v=AsijPlOOkMM;Positivo;Positivo;Positivo;Positivo;Positivo
7QaVz97-ejE;SOBREVIVI de BEBÊ até IMORTAL no Minecraft;"""se inscrevam no canal e assistam os outros vídeos""";Fim;https://www.youtube.com/watch?v=7QaVz97-ejE;Neutro;Neutro;Neutro;Neutro;Neutro
SErY7GNv1Hg;FUNK DO PATINHO - Cantinho Encantado | Música Infantil;"""jogue a bola que ele traz ela de volta""";Meio;https://www.youtube.com/watch?v=SErY7GNv1Hg;Neutro;Neutro;Neutro;Neutro;Neutro
kPn7VllMapI;Peppa Pig Português Brasil ⭐️ Vários Episódios Completos ⭐️ Pepa Ping Ping ⭐️ Desenhos Animados;podemos ajudar mãe;Meio;https://www.youtube.com/watch?v=kPn7VllMapI;Neutro;Neutro;Neutro;Neutro;Neutro
7bz65MLVvms;Peppa Pig... Compilation 14 (História: Tosse de Pedro);obrigado doutor urso marrom talk como eu pensei a tosse do pedro é contagiosa;Meio;https://www.youtube.com/watch?v=7bz65MLVvms;Positivo;Positivo;Positivo;Positivo;Positivo
kAweJWwmZ2c;Bob Esponja cozinha tudo, menos hambúrguer de siri 🍳 | Nickelodeon em Português;"""o abacaxi é doce e você também é doce""";Fim;https://www.youtube.com/watch?v=kAweJWwmZ2c;Neutro;Neutro;Neutro;Neutro;Positivo
AMxOelWy0UQ;O amigo travesso de Obby no Roblox escorregou 😆🧱 | Canção Divertida para Crianças;"""indo juntos a diversão nunca acaba""";Fim;https://www.youtube.com/watch?v=AMxOelWy0UQ;Positivo;Positivo;Positivo;Positivo;Positivo
86lVTtWTLfc;O que é um diário? Peppa Pig (História: Espelhos);o George está se olhando no nosso grande espelho brilhante ele é muito brilhante mesmo;Início;https://www.youtube.com/watch?v=86lVTtWTLfc;Positivo;Positivo;Positivo;Positivo;Positivo
KomCGixRjT8;Peppa Pig Português Brasil ⭐️ Vários Episódios Completos  ⭐️ Desenhos Animados;"""estamos navegando para o mercado no barco""";Fim;https://www.youtube.com/watch?v=KomCGixRjT8;Neutro;Neutro;Neutro;Neutro;Neutro
BERLTuMKuJ8;Patrulha Canina | Missões da Torre de Observação da Patrulha Canina por 30 Minutos! | Nick Jr.;"""vai dar tudo certo você consegue""";Fim;https://www.youtube.com/watch?v=BERLTuMKuJ8;Neutro;Neutro;Neutro;Neutro;Neutro
4s6mSWpKeCM;A casa subterrânea! Peppa Pig (História: Armário de Brinquedos);está na hora da Peppa e do George irem para a cama mas o que é isso por que todos esses brinquedos estão aí;Início;https://www.youtube.com/watch?v=4s6mSWpKeCM;Positivo;Negativo;Positivo;Positivo;Positivo
QI6ZQCh-Zrw;Para Onde Vai a Água? | Episódios Completos 🐵 George, o Curioso;"""george estava curtindo um banho de banheira quentinho""";Meio;https://www.youtube.com/watch?v=QI6ZQCh-Zrw;Neutro;Neutro;Neutro;Neutro;Neutro
_MqImMufNaM;Spidey e Seus Amigos Espectaculares | EPISÓDIOS COMPLETOS | Vão, Dino-Webs, Vão! + Fantasma no Museu;"""com os dino poderes temos mais formas de ajudar todo mundo""";Meio;https://www.youtube.com/watch?v=_MqImMufNaM;Neutro;Neutro;Neutro;Neutro;Neutro
hyy47h2fNn4;O Show do Garfield 😺 Treinamento radical | DESENHO INFANTIL🌈PORTUGUÊS do BRASIL;"""vocês podem treinar seus animais usando minha exclusiva linha de produtos""";Início;https://www.youtube.com/watch?v=hyy47h2fNn4;Neutro;Neutro;Neutro;Neutro;Neutro
FXdKwbOQce4;MARATONA MELHORES EPISÓDIOS... O Show da Luna! (História: Sol Verde);viram isso mágica a água azul ficou verde isso quer dizer que que gente as cores se misturam será;Meio;https://www.youtube.com/watch?v=FXdKwbOQce4;Neutro;Neutro;Neutro;Neutro;Neutro
-hgCtotSucs;Dora seguiu um rastro de conchas brilhantes 🐚✨ | Canção divertida para crianças;"""os amigos se juntaram pulando de alegria""";Meio;https://www.youtube.com/watch?v=-hgCtotSucs;Positivo;Positivo;Positivo;Positivo;Positivo
F1OZbKj4yoQ;A casa subterrânea! Peppa Pig (História: Reciclagem);a vermelha é para os papéis a azul é para todo tipo de alumínio e a verde é para os vidros;Início;https://www.youtube.com/watch?v=F1OZbKj4yoQ;Positivo;Positivo;Positivo;Positivo;Neutro
86lVTtWTLfc;O que é um diário? Peppa Pig (História: Espelhos);espelhos são brilhantes por isso você pode ver a si mesmo;Início;https://www.youtube.com/watch?v=86lVTtWTLfc;Positivo;Positivo;Positivo;Positivo;Positivo
BfFBPWo7SbU;SONIC X | episódio 24 - Aponte Para Ele! O Navio Afundado No Sul (Dublado);"""ele está no mundo da lua agora""";Início;https://www.youtube.com/watch?v=BfFBPWo7SbU;Neutro;Negativo;Neutro;Neutro;Neutro
3CIPVQ4lRfo;BART VIROU AMANTE DA SHAUNA?! #simpsons #thesimpsons #shorts #homer #bart;Sha sente peso na consciência por trair seu namorado.;Meio;https://www.youtube.com/shorts/3CIPVQ4lRfo;Neutro;Neutro;Neutro;Negativo;Neutro
AsijPlOOkMM;O Show do Garfield 😺A Pizza perfeita🍕PARA CRIANÇAS | O Reino Series;"""comam quantas pizzas quiserem de hoje em diante""";Fim;https://www.youtube.com/watch?v=AsijPlOOkMM;Neutro;Neutro;Neutro;Neutro;Neutro
5ZN0oh60lwk;BIG MOUTH DUBLADO: QUATRO CURIOSIDADES;além disso uma outra dubladora lado dos estados unidos chamado chamada maya rudolph ela dublou a kone a monstra do hormônio.;Início;https://www.youtube.com/watch?v=5ZN0oh60lwk;Neutro;Neutro;Negativo;Neutro;Neutro
-TCnAM_PvEw;Peppa Pig... Compilation 14 (História: Lavando Roupa);Peppa e o seu vestido eu coloquei ele para lavar o quê ah não;Meio;https://www.youtube.com/watch?v=-TCnAM_PvEw;Negativo;Negativo;Negativo;Negativo;Negativo
-hgCtotSucs;Dora seguiu um rastro de conchas brilhantes 🐚✨ | Canção divertida para crianças;"""pulou ao lado dela com um sorriso alegre""";Início;https://www.youtube.com/watch?v=-hgCtotSucs;Positivo;Positivo;Positivo;Positivo;Negativo
7bz65MLVvms;Peppa Pig... Compilation 14 (História: Tosse de Pedro);nossa o doutor urso marrom está com a tocha do pedro não se preocupe;Fim;https://www.youtube.com/watch?v=7bz65MLVvms;Neutro;Neutro;Neutro;Neutro;Neutro
UXl96yLXHHY;Mix Melhores Músicas Infantis Brasileira | músicas para bebês - looloo kids;"""beautiful Phillies fingers thank you""";Meio;https://www.youtube.com/watch?v=UXl96yLXHHY&list=TLGGPhoa04DFYM4yMTAxMjAyNg;Neutro;Neutro;Neutro;Neutro;Neutro
HQIVWQh5zcw;Peppa Pig AO VIVO! (História: Amigo de Faz de Conta);o Léo acabou de me dizer que ele não quer mais bolo então George pode comer;Meio;https://www.youtube.com/watch?v=HQIVWQh5zcw;Neutro;Positivo;Neutro;Neutro;Neutro
p3tWecdS3xE;44 Gatos | Ratos Vs Gatos: Amigos... ou inimigos?;"""faz a vovó um prato poderoso que é uma delícia """;Fim;https://www.youtube.com/watch?v=p3tWecdS3xE;Positivo;Positivo;Negativo;Positivo;Positivo
3CIUr10_fUs;A PREVISÃO MAIS ABSURDA dos SIMPSONS…;Os Simpsons pertencia a Fox.;Meio;https://www.youtube.com/shorts/3CIUr10_fUs;Neutro;Neutro;Neutro;Neutro;Neutro
_MqImMufNaM;Spidey e Seus Amigos Espectaculares | EPISÓDIOS COMPLETOS | Vão, Dino-Webs, Vão! + Fantasma no Museu;"""minha gema tem poderes dentro dela""";Meio;https://www.youtube.com/watch?v=_MqImMufNaM;Neutro;Neutro;Negativo;Neutro;Neutro
BO6e7Gq1jWM;A filosofia presente no Fim de BoJack Horseman;a gente tem duas posições sobre o sentido da vida o rap representa o existencialismo na sua forma mais pura.;Início;https://www.youtube.com/watch?v=BO6e7Gq1jWM;Neutro;Neutro;Neutro;Neutro;Neutro
YggLBVSorVM;Um Filhote de Tucano Estava Fazendo Malabares 🐦🎪 | Canção Divertida para Bebês e Crianças;"""o pequeno caracol carregava uma concha brilhante""";Meio;https://www.youtube.com/watch?v=YggLBVSorVM;Neutro;Neutro;Negativo;Neutro;Neutro
UXl96yLXHHY;Mix Melhores Músicas Infantis Brasileira | músicas para bebês - looloo kids;"""Lulu kids down my feet""";Início;https://www.youtube.com/watch?v=UXl96yLXHHY&list=TLGGPhoa04DFYM4yMTAxMjAyNg;Neutro;Neutro;Neutro;Neutro;Neutro
bHADH18n_Qg;🐶🦴 O MELHOR de Krypto, o Supercão! | Krypto the Superdog em Português 🇧🇷 | ‪@DCKidsBrasil‬;"""eu fico feliz em poder ajudar""";Fim;https://www.youtube.com/watch?v=bHADH18n_Qg;Positivo;Positivo;Positivo;Positivo;Positivo
YggLBVSorVM;Um Filhote de Tucano Estava Fazendo Malabares 🐦🎪 | Canção Divertida para Bebês e Crianças;"""o caranguejo bebê caminha na areia fofa""";Fim;https://www.youtube.com/watch?v=YggLBVSorVM;Neutro;Neutro;Neutro;Neutro;Neutro
0565ORPLgRQ;EPISÓDIOS DE DESENHOS QUE FORAM BANIDOS #shorts;confusa Beth fala com uma coruja que diz de um homem velho das montanhas que tá ameaçando a vida dos moradores principalmente das mulheres.;Início;https://www.youtube.com/shorts/0565ORPLgRQ;Neutro;Positivo;Neutro;Neutro;Neutro
1znJVrkFFF4;Peppa Pig... Compilation 14 (História: O Barco do Vovô);de algum jeito nós temos que mandar uma mensagem para vovó de voar devido à boa ideia;Meio;https://www.youtube.com/watch?v=1znJVrkFFF4;Neutro;Negativo;Neutro;Neutro;Neutro
1znJVrkFFF4;Peppa Pig... Compilation 14 (História: O Barco do Vovô);olhe é um papagaio muito esperto diga eu sou um papagaio espero;Fim;https://www.youtube.com/watch?v=1znJVrkFFF4;Neutro;Neutro;Positivo;Neutro;Neutro
HthEOHxGJrg;Peppa Pig Português Brasil | Dias de brincadeira da Peppa | Desenhos Animados;"""o papai vai ler uma história para vocês""";Fim;https://www.youtube.com/watch?v=HthEOHxGJrg;Neutro;Positivo;Neutro;Neutro;Neutro
0xWSgd5y-gQ;A Verdadeira Inspiração por Trás do Butters em South Park;O personagem Alegre ingênuo E otimista e gente boa do burs é baseado em Eric stalf diretor de animação de South Park.;Início;https://www.youtube.com/watch?v=0xWSgd5y-gQ;Positivo;Positivo;Positivo;Positivo;Positivo
doAenkESxww;He Man em Português DUBLADO | O Dia das Maquinas | Desenhos Animados;"""tudo se pode melhorar""";Fim;https://www.youtube.com/watch?v=doAenkESxww;Neutro;Negativo;Neutro;Neutro;Neutro
FXdKwbOQce4;MARATONA MELHORES EPISÓDIOS... O Show da Luna! (História: Sol Verde);meu lindo e Radiante só não está verde ele está Não só está verde como o meu sol pode estar verde;Início;https://www.youtube.com/watch?v=FXdKwbOQce4;Positivo;Positivo;Positivo;Positivo;Neutro
FXdKwbOQce4;MARATONA MELHORES EPISÓDIOS... O Show da Luna! (História: Sol Verde);Olha só o verde chegou meninas vamos colocar nossos óculos escuros para falar com o sol;Meio;https://www.youtube.com/watch?v=FXdKwbOQce4;Neutro;Neutro;Neutro;Neutro;Neutro
3yaIKm_WZFs;O susto! - Contação de Histórias infantis - Varal de Histórias;"""o pato dizia é a pata a pata dizia é o pato""";Meio;https://www.youtube.com/watch?v=3yaIKm_WZFs;Neutro;Neutro;Neutro;Neutro;Neutro
hYZvoyPLFRk;Passeio Infinito na Escada Rolante ⬆️ Peppa Pig Português Brasil | 30 min;"""lá tem lojas restaurantes e muitas escadas rolantes""";Início;https://www.youtube.com/watch?v=hYZvoyPLFRk;Neutro;Neutro;Neutro;Neutro;Neutro
-TCnAM_PvEw;Peppa Pig... Compilation 14 (História: Lavando Roupa);viva papai o senhor sujou a sua camisa toda de lama é claro Peppa;Fim;https://www.youtube.com/watch?v=-TCnAM_PvEw;Negativo;Negativo;Negativo;Negativo;Negativo
9LM6TXghK_k;O MELHOR VÍDEO PARA APRENDER A LER - VOL 2 | + 40 MIN DE VÍDEOS PARA AJUDAR NA ALFABETIZAÇÃO;"""a b a letra da vassoura vassoura começa com v Verde vassoura vá sou Lara vassoura""";Fim;https://www.youtube.com/watch?v=9LM6TXghK_k;Neutro;Neutro;Neutro;Positivo;Neutro
-hgCtotSucs;Dora seguiu um rastro de conchas brilhantes 🐚✨ | Canção divertida para crianças;"""as aventuras com conchas foram perfeitas""";Meio;https://www.youtube.com/watch?v=-hgCtotSucs;Positivo;Positivo;Positivo;Positivo;Positivo
4w7cS9CL9QE;INGLÊS INFANTIL | APRENDER INGLÊS COM AMIGO MUMU | AULA DE INGLÊS PARA CRIANÇAS;"""espero que você esteja feliz feliz em inglês se diz happy""";Meio;https://www.youtube.com/watch?v=4w7cS9CL9QE;Positivo;Positivo;Positivo;Positivo;Positivo
0565ORPLgRQ;EPISÓDIOS DE DESENHOS QUE FORAM BANIDOS #shorts;quando de repente todos os moradores começam a fazer as malas e fugiu.;Início;https://www.youtube.com/shorts/0565ORPLgRQ;Neutro;Neutro;Neutro;Neutro;Neutro
yvCDV6Bh2d8;Desenho Infantil... 28 Minutos (História: Bolha de Sabão);muito bem José conseguimos acabar seu bolinho sabor nuvem do céu oba hora de comer;Início;https://www.youtube.com/watch?v=yvCDV6Bh2d8;Positivo;Positivo;Positivo;Positivo;Positivo
BO6e7Gq1jWM;A filosofia presente no Fim de BoJack Horseman;para fugir da responsabilidade de ser livre a gente mente para si mesmo.;Meio;https://www.youtube.com/watch?v=BO6e7Gq1jWM;Neutro;Neutro;Neutro;Neutro;Neutro
SErY7GNv1Hg;FUNK DO PATINHO - Cantinho Encantado | Música Infantil;"""essa amizade só depende de você""";Meio;https://www.youtube.com/watch?v=SErY7GNv1Hg;Neutro;Neutro;Neutro;Neutro;Neutro
xr5KQQN7Big;Cenas do Hambúrguer de Siri | Parte 2 | Bob Esponja em Português;"""esse sanduíche é muito dinâmico""";Fim;https://www.youtube.com/watch?v=xr5KQQN7Big;Neutro;Neutro;Neutro;Neutro;Negativo
YggLBVSorVM;Um Filhote de Tucano Estava Fazendo Malabares 🐦🎪 | Canção Divertida para Bebês e Crianças;"""a pequena água viva brilhava no mar escuro""";Meio;https://www.youtube.com/watch?v=YggLBVSorVM;Neutro;Neutro;Neutro;Neutro;Neutro
SErY7GNv1Hg;FUNK DO PATINHO - Cantinho Encantado | Música Infantil;"""feliz aniversário para você""";Fim;https://www.youtube.com/watch?v=SErY7GNv1Hg;Positivo;Positivo;Positivo;Positivo;Positivo
FXdKwbOQce4;MARATONA MELHORES EPISÓDIOS... O Show da Luna! (História: Sol Verde);esse seu sol verde que tá aparecendo um alho legal negativo Júpiter;Início;https://www.youtube.com/watch?v=FXdKwbOQce4;Neutro;Neutro;Neutro;Neutro;Neutro
5ZN0oh60lwk;BIG MOUTH DUBLADO: QUATRO CURIOSIDADES;ele dobrou o a lola que é a transex tinta da escola muito engraçada.;Início;https://www.youtube.com/watch?v=5ZN0oh60lwk;Neutro;Neutro;Neutro;Neutro;Neutro
SErY7GNv1Hg;FUNK DO PATINHO - Cantinho Encantado | Música Infantil;"""amanhã chegará com uma brisa colhedora""";Fim;https://www.youtube.com/watch?v=SErY7GNv1Hg;Neutro;Neutro;Negativo;Neutro;Neutro
cqryXNQUew8;Desenho Educativo Infantil - 24 Minutos de Historinhas da Sara!!! Em Português Completo;"""ali pegada de coelho achei""";Fim;https://www.youtube.com/watch?v=cqryXNQUew8;Neutro;Neutro;Neutro;Positivo;Neutro
1j3zTuJiy0Q;Scooby-Doo Encontra um SUPER Amigo! | Scooby-Doo! em Português 🇧🇷 | ‪@WBKidsBrasil‬;"""chega de enrolação a gente tem que procurar pistas""";Fim;https://www.youtube.com/watch?v=1j3zTuJiy0Q;Neutro;Neutro;Neutro;Neutro;Neutro
7bz65MLVvms;Peppa Pig... Compilation 14 (História: Tosse de Pedro);desculpe madame gazela puxa o pedro está contou assim não se preocupe e vou ligar para o doutor;Início;https://www.youtube.com/watch?v=7bz65MLVvms;Neutro;Neutro;Neutro;Neutro;Neutro
4s6mSWpKeCM;A casa subterrânea! Peppa Pig (História: Armário de Brinquedos);é de manhã e o Senor zebra o carteiro veio fazer uma entrega especial correio entrega especial;Meio;https://www.youtube.com/watch?v=4s6mSWpKeCM;Positivo;Positivo;Positivo;Neutro;Positivo
Xc6TPar4KSc;Close Enough e Apenas um Show SÃO do MESMO UNIVERSO;é muito fácil fazer a comparação e é mais fácil esperar que o desenho teria referências é apenas um show.;Início;https://www.youtube.com/watch?v=Xc6TPar4KSc;Neutro;Neutro;Neutro;Neutro;Neutro
cqryXNQUew8;Desenho Educativo Infantil - 24 Minutos de Historinhas da Sara!!! Em Português Completo;"""eu vou tentar primeiro com cuidado Nina muito bem""";Início;https://www.youtube.com/watch?v=cqryXNQUew8;Positivo;Positivo;Positivo;Positivo;Positivo
AsijPlOOkMM;O Show do Garfield 😺A Pizza perfeita🍕PARA CRIANÇAS | O Reino Series;"""estou faminto para atender a porta""";Início;https://www.youtube.com/watch?v=AsijPlOOkMM;Neutro;Neutro;Neutro;Neutro;Neutro
7QaVz97-ejE;SOBREVIVI de BEBÊ até IMORTAL no Minecraft;"""Galinha Azul mas isso nem existe existem sim ela é a galinha mais rara do mundo""";Meio;https://www.youtube.com/watch?v=7QaVz97-ejE;Neutro;Neutro;Neutro;Neutro;Neutro
vbM7Y92oWQI;Bolsa da Tucci;É magoou só que a vista leitor.;Meio;https://www.youtube.com/shorts/vbM7Y92oWQI;Neutro;Neutro;Neutro;Negativo;Neutro
uOH9YS4ZcGI;A casa subterrânea! Peppa Pig (História: Engarrafamento);estão quase chegando mas ainda estão no engarrafamento coitados assim a comida vai ficar fria;Fim;https://www.youtube.com/watch?v=uOH9YS4ZcGI;Neutro;Neutro;Neutro;Neutro;Positivo
OwWVDq9wwKc;As Tartarugas Ninja Fizeram uma Corrida Divertida | Canções Infantis e Rimas para Crianças;"""dança da vitória com uma curva alegre""";Meio;https://www.youtube.com/watch?v=OwWVDq9wwKc;Positivo;Positivo;Negativo;Positivo;Positivo
9LM6TXghK_k;O MELHOR VÍDEO PARA APRENDER A LER - VOL 2 | + 40 MIN DE VÍDEOS PARA AJUDAR NA ALFABETIZAÇÃO;"""lata de leite leite leite vamos falar mais uma vez""";Meio;https://www.youtube.com/watch?v=9LM6TXghK_k;Neutro;Neutro;Neutro;Neutro;Neutro
Xc6TPar4KSc;Close Enough e Apenas um Show SÃO do MESMO UNIVERSO;é uma história muito fofinho mas para esse tipo de desenho que acha que coisas altas e barulho a intenção engraçadas.;Fim;https://www.youtube.com/watch?v=Xc6TPar4KSc;Neutro;Neutro;Neutro;Neutro;Neutro
AMxOelWy0UQ;O amigo travesso de Obby no Roblox escorregou 😆🧱 | Canção Divertida para Crianças;"""diamantes caíram com um brilho deslumbrante""";Meio;https://www.youtube.com/watch?v=AMxOelWy0UQ;Positivo;Positivo;Positivo;Positivo;Positivo
SAVH83QDUbc;A Falsa perfeição de Peanutbutter em BoJack Horseman;O Senor pen Butter é aquela pessoa divertida extrovertida que tu amaria ter como amigo o marido exemplar que tá sempre demonstrando o seu afeto através de presentes festas e grandes gestos aparentemente atenciosos.;Início;https://www.youtube.com/watch?v=SAVH83QDUbc;Positivo;Negativo;Positivo;Positivo;Positivo
xr5KQQN7Big;Cenas do Hambúrguer de Siri | Parte 2 | Bob Esponja em Português;"""hoje eu trago o outro grupo aqui""";Início;https://www.youtube.com/watch?v=xr5KQQN7Big;Neutro;Neutro;Neutro;Neutro;Neutro
QI6ZQCh-Zrw;Para Onde Vai a Água? | Episódios Completos 🐵 George, o Curioso;"""canos precisam sempre ser bem instalados""";Meio;https://www.youtube.com/watch?v=QI6ZQCh-Zrw;Neutro;Neutro;Neutro;Neutro;Positivo
1znJVrkFFF4;Peppa Pig... Compilation 14 (História: O Barco do Vovô);espero que mantenhamos a varial e pois queremos lá a água;Fim;https://www.youtube.com/watch?v=1znJVrkFFF4;Neutro;Neutro;Negativo;Neutro;Neutro
0nMmWgETnMY;Nem tudo nasce da semente? 🍌🍌 - O Show da Luna! Episódio Completo 03 | Primeira Temporada | Kids;como será que a banana nasce se ela não tem semente deixa eu ver vai calma todos vão ver na sua vez;Início;https://www.youtube.com/watch?v=0nMmWgETnMY;Neutro;Neutro;Neutro;Neutro;Neutro
OwWVDq9wwKc;As Tartarugas Ninja Fizeram uma Corrida Divertida | Canções Infantis e Rimas para Crianças;"""a linha de chegada foi alcançada com uma ovação de alegria""";Início;https://www.youtube.com/watch?v=OwWVDq9wwKc;Positivo;Positivo;Positivo;Positivo;Positivo
86lVTtWTLfc;O que é um diário? Peppa Pig (História: Espelhos);olha para mim eu estou todo torto Hum eu tenho um pescoço longo como uma girafa;Meio;https://www.youtube.com/watch?v=86lVTtWTLfc;Positivo;Positivo;Positivo;Positivo;Positivo
QI6ZQCh-Zrw;Para Onde Vai a Água? | Episódios Completos 🐵 George, o Curioso;"""deixa o encanamento para o especialista""";Meio;https://www.youtube.com/watch?v=QI6ZQCh-Zrw;Neutro;Neutro;Neutro;Neutro;Neutro
xr5KQQN7Big;Cenas do Hambúrguer de Siri | Parte 2 | Bob Esponja em Português;"""não importa vocês estão muito agitados""";Meio;https://www.youtube.com/watch?v=xr5KQQN7Big;Neutro;Neutro;Neutro;Neutro;Neutro
UXl96yLXHHY;Mix Melhores Músicas Infantis Brasileira | músicas para bebês - looloo kids;"""ha ha like myself""";Fim;https://www.youtube.com/watch?v=UXl96yLXHHY&list=TLGGPhoa04DFYM4yMTAxMjAyNg;Neutro;Neutro;Neutro;Neutro;Neutro
k7F5xiIOSpA;44 Gatos | O médico gatinho | Pilou tem medo do MÉDICO | Vídeo para crianças;"""Sopa de legumes é um ótimo alimento para curar um resfriado """;Fim;https://www.youtube.com/watch?v=k7F5xiIOSpA;Positivo;Positivo;Positivo;Positivo;Positivo
SrpHLLNoIMM;Bob Esponja ESTILOSO por 60 Minutos Seguidos 🔥 | Bob Esponja em Português;"""você deve estar mais bonito do que antes""";Início;https://www.youtube.com/watch?v=SrpHLLNoIMM;Neutro;Neutro;Neutro;Neutro;Neutro
4w7cS9CL9QE;INGLÊS INFANTIL | APRENDER INGLÊS COM AMIGO MUMU | AULA DE INGLÊS PARA CRIANÇAS;"""não costumo ficar bravo ou irritado Bravo em inglês se diz Andrey""";Meio;https://www.youtube.com/watch?v=4w7cS9CL9QE;Neutro;Neutro;Neutro;Neutro;Neutro
AsijPlOOkMM;O Show do Garfield 😺A Pizza perfeita🍕PARA CRIANÇAS | O Reino Series;"""a máquina pode fazer muitas pizzas por minuto""";Meio;https://www.youtube.com/watch?v=AsijPlOOkMM;Neutro;Neutro;Neutro;Neutro;Positivo
F1OZbKj4yoQ;A casa subterrânea! Peppa Pig (História: Reciclagem);o George quer reciclar o jornal do papai Espere um pouco filho eu ainda não acabei de ler o meu jornal;Meio;https://www.youtube.com/watch?v=F1OZbKj4yoQ;Positivo;Positivo;Positivo;Positivo;Positivo
SrpHLLNoIMM;Bob Esponja ESTILOSO por 60 Minutos Seguidos 🔥 | Bob Esponja em Português;"""a minha gravata está em ordem""";Meio;https://www.youtube.com/watch?v=SrpHLLNoIMM;Neutro;Neutro;Neutro;Neutro;Neutro
OwWVDq9wwKc;As Tartarugas Ninja Fizeram uma Corrida Divertida | Canções Infantis e Rimas para Crianças;"""as moedas de ouro brilhavam as pérolas reluziam""";Fim;https://www.youtube.com/watch?v=OwWVDq9wwKc;Positivo;Positivo;Positivo;Positivo;Positivo
9LM6TXghK_k;O MELHOR VÍDEO PARA APRENDER A LER - VOL 2 | + 40 MIN DE VÍDEOS PARA AJUDAR NA ALFABETIZAÇÃO;"""letra a a de apito a de avião a de anel""";Início;https://www.youtube.com/watch?v=9LM6TXghK_k;Neutro;Neutro;Neutro;Neutro;Neutro
SAVH83QDUbc;A Falsa perfeição de Peanutbutter em BoJack Horseman;a real é que quase sempre é bem mais sobre ele do que sobre qualquer um no Fim das contas.;Meio;https://www.youtube.com/watch?v=SAVH83QDUbc;Neutro;Neutro;Neutro;Neutro;Neutro
4s6mSWpKeCM;A casa subterrânea! Peppa Pig (História: Armário de Brinquedos);pronto terminou muito bem mamãe ele é muito pequeno como todos os nossos brinquedos vão caber aqui;Meio;https://www.youtube.com/watch?v=4s6mSWpKeCM;Positivo;Positivo;Positivo;Positivo;Positivo
S0Ciua_z4OE;É hora de festejar com o Bingo! 🎶💃🧡 | Bingo Português Brasil - Canal Oficial;"""uma brincadeira depois cama""";Meio;https://www.youtube.com/watch?v=S0Ciua_z4OE;Positivo;Positivo;Positivo;Positivo;Positivo
3CIPVQ4lRfo;BART VIROU AMANTE DA SHAUNA?! #simpsons #thesimpsons #shorts #homer #bart;vem comigo aqui meu presente de agradecimento que uma garota teria.;Meio;https://www.youtube.com/shorts/3CIPVQ4lRfo;Positivo;Positivo;Positivo;Positivo;Positivo
BERLTuMKuJ8;Patrulha Canina | Missões da Torre de Observação da Patrulha Canina por 30 Minutos! | Nick Jr.;"""nenhum trabalho é tão grande e nenhum filhote é tão pequeno""";Fim;https://www.youtube.com/watch?v=BERLTuMKuJ8;Neutro;Neutro;Neutro;Negativo;Neutro
JMp71mLRJSQ;Desenho Infantil... 32 Minutos (História: Máquina de Doces);olha tem outros botões aqui para que será que serve melhor a gente olhar o manual;Início;https://www.youtube.com/watch?v=JMp71mLRJSQ;Positivo;Positivo;Positivo;Negativo;Positivo
yvCDV6Bh2d8;Desenho Infantil... 28 Minutos (História: Bolha de Sabão);bolinho sabor no vem do céu aí vou eu parabéns José você conseguiu;Meio;https://www.youtube.com/watch?v=yvCDV6Bh2d8;Positivo;Positivo;Positivo;Positivo;Positivo
Xc6TPar4KSc;Close Enough e Apenas um Show SÃO do MESMO UNIVERSO;o próximo episódio do show chamado museu de cera vai ter a participação de um carinho legal alex goot o criador de gravity falls dublando o personagem.;Meio;https://www.youtube.com/watch?v=Xc6TPar4KSc;Neutro;Neutro;Neutro;Neutro;Neutro
1znJVrkFFF4;Peppa Pig... Compilation 14 (História: O Barco do Vovô);o vulcão e são os melhores amigos da bola aparelho disse que nós precisávamos de ajuda;Fim;https://www.youtube.com/watch?v=1znJVrkFFF4;Neutro;Positivo;Neutro;Neutro;Neutro
nIyr14PwxSE;Alex se demite | TRÊS ESPIÂS DEMAIS | Episódio 19, Temporada 1;"""nada pode nos impedir de ajuda com garotas""";Meio;https://www.youtube.com/watch?v=nIyr14PwxSE;Neutro;Neutro;Neutro;Positivo;Neutro
JMp71mLRJSQ;Desenho Infantil... 32 Minutos (História: Máquina de Doces);Não não precisa vou colocar várias frutas apertar todos os botões e teremos uma festa de docinhos;Meio;https://www.youtube.com/watch?v=JMp71mLRJSQ;Positivo;Positivo;Positivo;Positivo;Positivo
qt1Qt7eMTYk;Dia da Gincana... Detetive Labrador (História: Ligações Falsas);só porque eu tava jogando isso mesmo se não quiser ser preso faça exatamente o que eu mandar;Início;https://www.youtube.com/watch?v=qt1Qt7eMTYk;Neutro;Neutro;Neutro;Neutro;Neutro
uOH9YS4ZcGI;A casa subterrânea! Peppa Pig (História: Engarrafamento);se eles não conseguem chegar ao almoço levamos o almoço até eles;Fim;https://www.youtube.com/watch?v=uOH9YS4ZcGI;Neutro;Neutro;Neutro;Neutro;Neutro
k7F5xiIOSpA;44 Gatos | O médico gatinho | Pilou tem medo do MÉDICO | Vídeo para crianças;"""O meu dentinho está se mexendo """;Início;https://www.youtube.com/watch?v=k7F5xiIOSpA;Neutro;Neutro;Neutro;Neutro;Positivo
qV0Nrut-T9c;9 Lições de vida em Bojack Horseman;está tudo bem não ter tudo resolvido ou saber o que quer mas presentes os arcos da princesa Caroline e Toddy ambos entram na vida adulta com a vida profissional ainda muito longe de estar definida.;Meio;https://www.youtube.com/watch?v=qV0Nrut-T9c;Neutro;Neutro;Neutro;Neutro;Neutro
7QaVz97-ejE;SOBREVIVI de BEBÊ até IMORTAL no Minecraft;"""agora eu vou aproveitar a minha vida de Imortal com os meus amigos""";Fim;https://www.youtube.com/watch?v=7QaVz97-ejE;Neutro;Neutro;Neutro;Neutro;Neutro
u-pb6XvMOgo;Experimentos de ciência para crianças com Maria Clara e JP!!! - ÁGUAS QUE ANDAM.;olha a flor pegou água e subiu;Fim;https://www.youtube.com/watch?v=u-pb6XvMOgo;Positivo;Positivo;Positivo;Negativo;Positivo
x64zMoTFcb4;Ricky tem um pneu furado | Ricky Zoom Brasil | Desenhos Animados;"""agora eu vou conseguir subir a ladeira""";Início;https://www.youtube.com/watch?v=x64zMoTFcb3;Neutro;Neutro;Neutro;Neutro;Neutro
5ZN0oh60lwk;BIG MOUTH DUBLADO: QUATRO CURIOSIDADES;acredito que isso faz com que a série fique bem interessante e com uma mistura de de linguagens e gêneros que acaba dando um ton bem legal pra série.;Meio;https://www.youtube.com/watch?v=5ZN0oh60lwk;Neutro;Neutro;Neutro;Neutro;Positivo
cqryXNQUew8;Desenho Educativo Infantil - 24 Minutos de Historinhas da Sara!!! Em Português Completo;"""ah lanchinho para vocês bambinas vocês sararam""";Meio;https://www.youtube.com/watch?v=cqryXNQUew8;Neutro;Neutro;Neutro;Neutro;Neutro
5fx72a2ezys;A casa subterrânea! Peppa Pig (História: A Chave Perdida);o meu papai deixou a chave cair no ralo senhora coelha Ah você nunca vai conseguir trazer de volta;Meio;https://www.youtube.com/watch?v=5fx72a2ezys;Neutro;Neutro;Neutro;Neutro;Neutro
0nMmWgETnMY;Nem tudo nasce da semente? 🍌🍌 - O Show da Luna! Episódio Completo 03 | Primeira Temporada | Kids;e é por causa desse caule que a bananeira vira outra maneira é outra maneira vira outra maneira;Meio;https://www.youtube.com/watch?v=0nMmWgETnMY;Neutro;Neutro;Neutro;Neutro;Neutro
doAenkESxww;He Man em Português DUBLADO | O Dia das Maquinas | Desenhos Animados;"""estou fazendo grandes coisas""";Meio;https://www.youtube.com/watch?v=doAenkESxww;Neutro;Neutro;Neutro;Neutro;Neutro
frHYQ_1bFME;A casa subterrânea! Peppa Pig (História: O Bazar);crianças nós vamos ter que fazer um bazar o dinheiro que conseguirmos vai pagar o novo telhado;Início;https://www.youtube.com/watch?v=frHYQ_1bFME;Positivo;Positivo;Positivo;Positivo;Positivo
OwWVDq9wwKc;As Tartarugas Ninja Fizeram uma Corrida Divertida | Canções Infantis e Rimas para Crianças;"""segurando fatias de pizza perto do coração""";Início;https://www.youtube.com/watch?v=OwWVDq9wwKc;Positivo;Positivo;Positivo;Positivo;Positivo
2X3vieGlcyY;Assista quando estiver em um dia ruim - BoJack Horseman;ela não teve coragem o suficiente para contar a verdade.;Meio;https://www.youtube.com/watch?v=2X3vieGlcyY;Neutro;Negativo;Neutro;Neutro;Neutro
qt1Qt7eMTYk;Dia da Gincana... Detetive Labrador (História: Ligações Falsas);desligue imediatamente e conte pra polícia;Fim;https://www.youtube.com/watch?v=qt1Qt7eMTYk;Neutro;Neutro;Neutro;Neutro;Neutro
4w7cS9CL9QE;INGLÊS INFANTIL | APRENDER INGLÊS COM AMIGO MUMU | AULA DE INGLÊS PARA CRIANÇAS;"""vamos começar contando de a Força e repita""";Início;https://www.youtube.com/watch?v=4w7cS9CL9QE;Neutro;Neutro;Negativo;Neutro;Neutro
JMp71mLRJSQ;Desenho Infantil... 32 Minutos (História: Máquina de Doces);eu falei a gente devia ter lido o manual por favor maquininha de docinhos Volta funcionar;Meio;https://www.youtube.com/watch?v=JMp71mLRJSQ;Positivo;Positivo;Neutro;Positivo;Positivo
yvCDV6Bh2d8;Desenho Infantil... 28 Minutos (História: Bolha de Sabão);olha só o que eu tenho aqui colhi na horta para você oba cenourinhas que delícia;Fim;https://www.youtube.com/watch?v=yvCDV6Bh2d8;Positivo;Positivo;Positivo;Positivo;Positivo
-hgCtotSucs;Dora seguiu um rastro de conchas brilhantes 🐚✨ | Canção divertida para crianças;"""foi divertido começar a seguir conchas marinhas""";Início;https://www.youtube.com/watch?v=-hgCtotSucs;Positivo;Positivo;Positivo;Positivo;Positivo
qV0Nrut-T9c;9 Lições de vida em Bojack Horseman;Caroline trocaria sua carreira de agente para gestora no meio da série em um movimento que mais parecia insanidade em primeiro momento mas que se provou ser certeiro por ela.;Meio;https://www.youtube.com/watch?v=qV0Nrut-T9c;Neutro;Neutro;Negativo;Neutro;Neutro
QI6ZQCh-Zrw;Para Onde Vai a Água? | Episódios Completos 🐵 George, o Curioso;"""o dia vai ser ótimo de acordo com o mapa""";Fim;https://www.youtube.com/watch?v=QI6ZQCh-Zrw;Positivo;Positivo;Positivo;Neutro;Positivo
x64zMoTFcb4;Ricky tem um pneu furado | Ricky Zoom Brasil | Desenhos Animados;"""agora podemos recuperar a bolinha perdida""";Fim;https://www.youtube.com/watch?v=x64zMoTFcb3;Neutro;Neutro;Neutro;Neutro;Neutro
SErY7GNv1Hg;FUNK DO PATINHO - Cantinho Encantado | Música Infantil;"""gira gira tudo junto""";Início;https://www.youtube.com/watch?v=SErY7GNv1Hg;Neutro;Neutro;Neutro;Neutro;Neutro
rSfK571WN4E;Os Backyardigans: A Grande Corrida - Ep.17;"""posso tomar um suco de laranja por favor""";Início;https://www.youtube.com/watch?v=rSfK571WN4E;Neutro;Neutro;Neutro;Neutro;Neutro
-TCnAM_PvEw;Peppa Pig... Compilation 14 (História: Lavando Roupa);rosa não é uma cor muito boa para uma camisa de futebol uh o papai Pig chegou do trabalho;Meio;https://www.youtube.com/watch?v=-TCnAM_PvEw;Negativo;Negativo;Negativo;Negativo;Negativo
BO6e7Gq1jWM;A filosofia presente no Fim de BoJack Horseman;ser autêntico significa fugir dessas mentiras rejeitar a voz do dire e fazer aquilo que você tem vontade aquilo que te faz feliz.;Meio;https://www.youtube.com/watch?v=BO6e7Gq1jWM;Positivo;Negativo;Positivo;Positivo;Positivo
3yaIKm_WZFs;O susto! - Contação de Histórias infantis - Varal de Histórias;"""beijo para Emanuela Barros ela tem cinco anos e mora em Curitiba""";Fim;https://www.youtube.com/watch?v=3yaIKm_WZFs;Neutro;Neutro;Neutro;Neutro;Neutro
AMxOelWy0UQ;O amigo travesso de Obby no Roblox escorregou 😆🧱 | Canção Divertida para Crianças;"""as moedas de ouro brilhavam e as pérolas reluziam""";Fim;https://www.youtube.com/watch?v=AMxOelWy0UQ;Positivo;Positivo;Positivo;Positivo;Positivo
KMcR9YuIh0o;Pea Pea Explora El Desafío Del Baño Frío Y Caliente 🔥❄ Divertidos Dibujos Animados Para Niños;"""pe pea e seus amigos celebram o natal""";Fim;https://www.youtube.com/watch?v=KMcR9YuIh0o;Neutro;Neutro;Neutro;Neutro;Positivo
JWxjkWiH6Wc;BIG MOUTH - Mais um desenho pra adultos;definitivamente não é uma série para crianças.;Meio;https://www.youtube.com/watch?v=JWxjkWiH6Wc;Neutro;Neutro;Neutro;Positivo;Neutro
3CIUr10_fUs;A PREVISÃO MAIS ABSURDA dos SIMPSONS…;eu duvido que você sabia disso.;Início;https://www.youtube.com/shorts/3CIUr10_fUs;Neutro;Neutro;Neutro;Neutro;Neutro
SAVH83QDUbc;A Falsa perfeição de Peanutbutter em BoJack Horseman;nada parece abalar ele mas conforme a obra continua indo pra frente tu meio que cria uma certa aversão a esse cara tão bonzinho depois de umas atitudes para lá de babacas e contestáveis por parte dele.;Início;https://www.youtube.com/watch?v=SAVH83QDUbc;Neutro;Neutro;Neutro;Neutro;Neutro
KMcR9YuIh0o;Pea Pea Explora El Desafío Del Baño Frío Y Caliente 🔥❄ Divertidos Dibujos Animados Para Niños;"""as palomitas de sete cores são tão bonitas""";Fim;https://www.youtube.com/watch?v=KMcR9YuIh0o;Neutro;Neutro;Negativo;Neutro;Neutro
7bz65MLVvms;Peppa Pig... Compilation 14 (História: Tosse de Pedro);a Peppa e seus amigos estão tendo uma aula de música a Poly tinha uma boneca;Início;https://www.youtube.com/watch?v=7bz65MLVvms;Neutro;Neutro;Neutro;Neutro;Neutro
hyy47h2fNn4;O Show do Garfield 😺 Treinamento radical | DESENHO INFANTIL🌈PORTUGUÊS do BRASIL;"""o doce e obediente garfield""";Fim;https://www.youtube.com/watch?v=hyy47h2fNn4;Neutro;Positivo;Neutro;Neutro;Neutro
QI6ZQCh-Zrw;Para Onde Vai a Água? | Episódios Completos 🐵 George, o Curioso;"""ajudando a empurrar o problema""";Início;https://www.youtube.com/watch?v=QI6ZQCh-Zrw;Neutro;Neutro;Neutro;Neutro;Neutro
hHn9djMGYL0;A humanidade poética de BoJack Horseman;eu sou psicólogo ficar de chagas e no vídeo de hoje eu vou fazer uma análise psicológica do protagonista da série original da Netflix bojack horseman.;Fim;https://www.youtube.com/watch?v=hHn9djMGYL0;Neutro;Neutro;Neutro;Neutro;Neutro
OwWVDq9wwKc;As Tartarugas Ninja Fizeram uma Corrida Divertida | Canções Infantis e Rimas para Crianças;"""os filhotes da patrulha canina correram por terras nevadas""";Fim;https://www.youtube.com/watch?v=OwWVDq9wwKc;Positivo;Positivo;Positivo;Positivo;Positivo
JWxjkWiH6Wc;BIG MOUTH - Mais um desenho pra adultos;se você gostou de big mal comenta aqui escreve o canal um beijo tchau.;Fim;https://www.youtube.com/watch?v=JWxjkWiH6Wc;Neutro;Neutro;Neutro;Neutro;Neutro
hyy47h2fNn4;O Show do Garfield 😺 Treinamento radical | DESENHO INFANTIL🌈PORTUGUÊS do BRASIL;"""o show do garfield treinamento radical""";Início;https://www.youtube.com/watch?v=hyy47h2fNn4;Neutro;Neutro;Negativo;Neutro;Neutro
1j3zTuJiy0Q;Scooby-Doo Encontra um SUPER Amigo! | Scooby-Doo! em Português 🇧🇷 | ‪@WBKidsBrasil‬;"""a liga da justiça foi chamada para uma emergência""";Fim;https://www.youtube.com/watch?v=1j3zTuJiy0Q;Neutro;Neutro;Neutro;Neutro;Neutro
hyy47h2fNn4;O Show do Garfield 😺 Treinamento radical | DESENHO INFANTIL🌈PORTUGUÊS do BRASIL;"""queria me desculpar mais uma vez""";Fim;https://www.youtube.com/watch?v=hyy47h2fNn4;Neutro;Positivo;Neutro;Neutro;Neutro
SrpHLLNoIMM;Bob Esponja ESTILOSO por 60 Minutos Seguidos 🔥 | Bob Esponja em Português;"""elas me levaram ao fundo do mar onde me deram uma estrela""";Meio;https://www.youtube.com/watch?v=SrpHLLNoIMM;Neutro;Neutro;Neutro;Neutro;Neutro
HmpiiNG6SQA;A LISTA DOS MAIS BONITOS EM SOUTH PARK #southpark;tentam pedir a lista a uma menina mas ela Nega e Cartman perde a paciência.;Início;https://www.youtube.com/shorts/HmpiiNG6SQA;Neutro;Neutro;Neutro;Neutro;Neutro
AsijPlOOkMM;O Show do Garfield 😺A Pizza perfeita🍕PARA CRIANÇAS | O Reino Series;"""essa é a melhor pizza que eu já comi""";Fim;https://www.youtube.com/watch?v=AsijPlOOkMM;Neutro;Neutro;Neutro;Neutro;Neutro
FXdKwbOQce4;MARATONA MELHORES EPISÓDIOS... O Show da Luna! (História: Sol Verde);o que foi que cara são essas tem alguma coisa errada com meu desenho;Início;https://www.youtube.com/watch?v=FXdKwbOQce4;Neutro;Neutro;Neutro;Neutro;Neutro
YggLBVSorVM;Um Filhote de Tucano Estava Fazendo Malabares 🐦🎪 | Canção Divertida para Bebês e Crianças;"""as cores se misturam no redemoinho""";Início;https://www.youtube.com/watch?v=YggLBVSorVM;Neutro;Neutro;Positivo;Neutro;Neutro
SrpHLLNoIMM;Bob Esponja ESTILOSO por 60 Minutos Seguidos 🔥 | Bob Esponja em Português;"""eu vou dar um trato nas unhas""";Início;https://www.youtube.com/watch?v=SrpHLLNoIMM;Neutro;Neutro;Neutro;Neutro;Neutro
4s6mSWpKeCM;A casa subterrânea! Peppa Pig (História: Armário de Brinquedos);está bem depois compramos um armário novo podemos comprar um agora pela internet viva;Início;https://www.youtube.com/watch?v=4s6mSWpKeCM;Positivo;Positivo;Positivo;Positivo;Positivo
KomCGixRjT8;Peppa Pig Português Brasil ⭐️ Vários Episódios Completos  ⭐️ Desenhos Animados;"""hoje iremos aprender sobre os números na escola""";Meio;https://www.youtube.com/watch?v=KomCGixRjT8;Neutro;Neutro;Neutro;Neutro;Neutro
dDsH7HOndWA;Peppa Pig... Compilation 14 (História: Carro de Bombeiro);agora só temos que esperar por um incêndio quanto nós temos que esperar;Meio;https://www.youtube.com/watch?v=dDsH7HOndWA;Neutro;Neutro;Neutro;Neutro;Neutro
2X3vieGlcyY;Assista quando estiver em um dia ruim - BoJack Horseman;quando eu imagino isso eu passo a achar que tudo vai dar certo mesmo senão como ela contaria pras pessoas.;Fim;https://www.youtube.com/watch?v=2X3vieGlcyY;Neutro;Neutro;Neutro;Neutro;Neutro
5fx72a2ezys;A casa subterrânea! Peppa Pig (História: A Chave Perdida);Ah para onde foi a beleza local a beleza local da montanha agora é um grande buraco;Fim;https://www.youtube.com/watch?v=5fx72a2ezys;Neutro;Neutro;Neutro;Neutro;Neutro
7QaVz97-ejE;SOBREVIVI de BEBÊ até IMORTAL no Minecraft;"""Nossa que lugar lindo esse aqui é o céu é aqui onde vivem todos os Imortais""";Fim;https://www.youtube.com/watch?v=7QaVz97-ejE;Positivo;Positivo;Positivo;Positivo;Positivo
bHADH18n_Qg;🐶🦴 O MELHOR de Krypto, o Supercão! | Krypto the Superdog em Português 🇧🇷 | ‪@DCKidsBrasil‬;"""seria uma honra se aceitasse""";Meio;https://www.youtube.com/watch?v=bHADH18n_Qg;Neutro;Neutro;Neutro;Neutro;Neutro
HQIVWQh5zcw;Peppa Pig AO VIVO! (História: Amigo de Faz de Conta);a Suzi veio brincar com a Peppa olá Peppa olá Suzi esse é o meu novo amigo Peppa;Início;https://www.youtube.com/watch?v=HQIVWQh5zcw;Neutro;Neutro;Neutro;Neutro;Neutro
l8rr0QZqYRs;A Caixa Mágica... Detetive Labrador (História: Piscina de Bolinhas);eu não consigo coçar minhas costas ai não alcança o meu pescoço;Início;https://www.youtube.com/watch?v=l8rr0QZqYRs;Neutro;Neutro;Neutro;Neutro;Neutro
Z4aLu4HnDLc;Preso na Lama! 🚗 Super Robô Ajuda Carros | Robofuse | Veículos de Emergência para Crianças;"""hora da fusão você precisa ajudá-los""";Início;https://www.youtube.com/watch?v=Z4aLu4HnDLc;Positivo;Positivo;Positivo;Positivo;Positivo
KMcR9YuIh0o;Pea Pea Explora El Desafío Del Baño Frío Y Caliente 🔥❄ Divertidos Dibujos Animados Para Niños;"""john tem uma forma de atrapar o alien""";Meio;https://www.youtube.com/watch?v=KMcR9YuIh0o;Neutro;Neutro;Neutro;Neutro;Neutro
KMcR9YuIh0o;Pea Pea Explora El Desafío Del Baño Frío Y Caliente 🔥❄ Divertidos Dibujos Animados Para Niños;"""pe pea se disculpa por todo o sucedido""";Meio;https://www.youtube.com/watch?v=KMcR9YuIh0o;Neutro;Neutro;Negativo;Neutro;Neutro
0xWSgd5y-gQ;A Verdadeira Inspiração por Trás do Butters em South Park;agora sabemos de onde vem a personalidade do grande burs.;Início;https://www.youtube.com/watch?v=0xWSgd5y-gQ;Neutro;Neutro;Neutro;Neutro;Neutro
frHYQ_1bFME;A casa subterrânea! Peppa Pig (História: O Bazar);É sim a dona coelha me disse E combina com a minha antiga sim papai combina;Meio;https://www.youtube.com/watch?v=frHYQ_1bFME;Positivo;Positivo;Positivo;Positivo;Positivo
F1OZbKj4yoQ;A casa subterrânea! Peppa Pig (História: Reciclagem);Vou jogar essa garrafa vazia na lata de lixo Peppa pare por qu não se joga garrafa na lata de lixo;Início;https://www.youtube.com/watch?v=F1OZbKj4yoQ;Positivo;Positivo;Positivo;Positivo;Positivo
3yaIKm_WZFs;O susto! - Contação de Histórias infantis - Varal de Histórias;"""e a história de hoje é de Mary França e de heliardo França e chama-se o susto""";Fim;https://www.youtube.com/watch?v=3yaIKm_WZFs;Neutro;Neutro;Neutro;Neutro;Neutro
frHYQ_1bFME;A casa subterrânea! Peppa Pig (História: O Bazar);hoje está chovendo e o telhado da escola está furado;Início;https://www.youtube.com/watch?v=frHYQ_1bFME;Positivo;Positivo;Positivo;Positivo;Positivo
dDsH7HOndWA;Peppa Pig... Compilation 14 (História: Carro de Bombeiro);por favor senhor coelho tenha cuidado com as churrasqueiras papai pig confie em mim uma mãe;Início;https://www.youtube.com/watch?v=dDsH7HOndWA;Neutro;Neutro;Neutro;Neutro;Neutro
kAweJWwmZ2c;Bob Esponja cozinha tudo, menos hambúrguer de siri 🍳 | Nickelodeon em Português;"""você parece bem animado""";Início;https://www.youtube.com/watch?v=kAweJWwmZ2c;Neutro;Neutro;Neutro;Neutro;Neutro
bHADH18n_Qg;🐶🦴 O MELHOR de Krypto, o Supercão! | Krypto the Superdog em Português 🇧🇷 | ‪@DCKidsBrasil‬;"""vão ter que me obedecer""";Início;https://www.youtube.com/watch?v=bHADH18n_Qg;Neutro;Neutro;Neutro;Neutro;Neutro
-TCnAM_PvEw;Peppa Pig... Compilation 14 (História: Lavando Roupa);é a minha camisa de futebol o jogo de futebol do papai é essa tarde;Início;https://www.youtube.com/watch?v=-TCnAM_PvEw;Negativo;Negativo;Negativo;Negativo;Negativo
HQIVWQh5zcw;Peppa Pig AO VIVO! (História: Amigo de Faz de Conta);o Léo prefere bolo de chocolate bolo de chocolate não tem será que ele não come o de frutas;Meio;https://www.youtube.com/watch?v=HQIVWQh5zcw;Neutro;Neutro;Neutro;Neutro;Neutro
0nMmWgETnMY;Nem tudo nasce da semente? 🍌🍌 - O Show da Luna! Episódio Completo 03 | Primeira Temporada | Kids;Então as bananas nascem desse caule raiz chamado rizoma que cresce e vira uma bananeira;Fim;https://www.youtube.com/watch?v=0nMmWgETnMY;Neutro;Neutro;Neutro;Positivo;Neutro
SErY7GNv1Hg;FUNK DO PATINHO - Cantinho Encantado | Música Infantil;"""põe uma camada e outra camada""";Fim;https://www.youtube.com/watch?v=SErY7GNv1Hg;Neutro;Neutro;Neutro;Neutro;Neutro
HQIVWQh5zcw;Peppa Pig AO VIVO! (História: Amigo de Faz de Conta);esse é o Leéo Leão cadê ele não tem ninguém aí a Suzi criou um amigo de faz de conta;Início;https://www.youtube.com/watch?v=HQIVWQh5zcw;Neutro;Neutro;Neutro;Negativo;Neutro
x64zMoTFcb4;Ricky tem um pneu furado | Ricky Zoom Brasil | Desenhos Animados;"""meus amigos são mais importantes do que qualquer foto""";Meio;https://www.youtube.com/watch?v=x64zMoTFcb3;Neutro;Neutro;Neutro;Neutro;Neutro
hHn9djMGYL0;A humanidade poética de BoJack Horseman;o babuíno fica um pouco mais fácil a cada dia.;Início;https://www.youtube.com/watch?v=hHn9djMGYL0;Neutro;Neutro;Neutro;Neutro;Neutro
xr5KQQN7Big;Cenas do Hambúrguer de Siri | Parte 2 | Bob Esponja em Português;"""posso descobrir o meu disfarce e agora sim""";Meio;https://www.youtube.com/watch?v=xr5KQQN7Big;Neutro;Neutro;Neutro;Neutro;Neutro
KomCGixRjT8;Peppa Pig Português Brasil ⭐️ Vários Episódios Completos  ⭐️ Desenhos Animados;"""agora podemos fazer o nosso jantar gostoso""";Fim;https://www.youtube.com/watch?v=KomCGixRjT8;Neutro;Neutro;Neutro;Neutro;Neutro
0565ORPLgRQ;EPISÓDIOS DE DESENHOS QUE FORAM BANIDOS #shorts;quando ela chega no topo velho aparece de trás de uma pedra e nos mostra uma cena bem controversa que levou o desenho a ser banido.;Meio;https://www.youtube.com/shorts/0565ORPLgRQ;Neutro;Neutro;Neutro;Neutro;Neutro
SrpHLLNoIMM;Bob Esponja ESTILOSO por 60 Minutos Seguidos 🔥 | Bob Esponja em Português;"""a enfermeira está certa eu fiquei bonitão""";Início;https://www.youtube.com/watch?v=SrpHLLNoIMM;Neutro;Neutro;Neutro;Neutro;Neutro
HthEOHxGJrg;Peppa Pig Português Brasil | Dias de brincadeira da Peppa | Desenhos Animados;"""tem um menino e um pé de feijão""";Início;https://www.youtube.com/watch?v=HthEOHxGJrg;Neutro;Neutro;Neutro;Neutro;Neutro
kAweJWwmZ2c;Bob Esponja cozinha tudo, menos hambúrguer de siri 🍳 | Nickelodeon em Português;"""estou pronto estou pronto para trabalhar""";Início;https://www.youtube.com/watch?v=kAweJWwmZ2c;Neutro;Neutro;Neutro;Neutro;Neutro
1j3zTuJiy0Q;Scooby-Doo Encontra um SUPER Amigo! | Scooby-Doo! em Português 🇧🇷 | ‪@WBKidsBrasil‬;"""desapareceu sem deixar rastros como mágica""";Meio;https://www.youtube.com/watch?v=1j3zTuJiy0Q;Neutro;Negativo;Neutro;Neutro;Neutro
xr5KQQN7Big;Cenas do Hambúrguer de Siri | Parte 2 | Bob Esponja em Português;"""vamos embora daqui para nunca mais voltar""";Início;https://www.youtube.com/watch?v=xr5KQQN7Big;Neutro;Negativo;Neutro;Neutro;Neutro
Xc6TPar4KSc;Close Enough e Apenas um Show SÃO do MESMO UNIVERSO;100 pessoas me disseram que vem sua fic é nice que é um desenho com animação super fofinho.;Fim;https://www.youtube.com/watch?v=Xc6TPar4KSc;Neutro;Neutro;Neutro;Neutro;Neutro
0nMmWgETnMY;Nem tudo nasce da semente? 🍌🍌 - O Show da Luna! Episódio Completo 03 | Primeira Temporada | Kids;legal então vamos pegar semente de banana Cadê a semente da banana vocês estão vendo alguma semente;Início;https://www.youtube.com/watch?v=0nMmWgETnMY;Neutro;Neutro;Neutro;Neutro;Negativo
KomCGixRjT8;Peppa Pig Português Brasil ⭐️ Vários Episódios Completos  ⭐️ Desenhos Animados;"""amanhã terá poça de lama para pular""";Fim;https://www.youtube.com/watch?v=KomCGixRjT8;Neutro;Neutro;Neutro;Neutro;Neutro
AsijPlOOkMM;O Show do Garfield 😺A Pizza perfeita🍕PARA CRIANÇAS | O Reino Series;"""o john pediu uma pizza""";Início;https://www.youtube.com/watch?v=AsijPlOOkMM;Neutro;Neutro;Neutro;Neutro;Positivo
Z4aLu4HnDLc;Preso na Lama! 🚗 Super Robô Ajuda Carros | Robofuse | Veículos de Emergência para Crianças;"""bom trabalho em equipe robô""";Meio;https://www.youtube.com/watch?v=Z4aLu4HnDLc;Positivo;Positivo;Positivo;Positivo;Positivo
YggLBVSorVM;Um Filhote de Tucano Estava Fazendo Malabares 🐦🎪 | Canção Divertida para Bebês e Crianças;"""os amigos estão à deriva no oceano""";Meio;https://www.youtube.com/watch?v=YggLBVSorVM;Neutro;Neutro;Neutro;Neutro;Neutro
HQIVWQh5zcw;Peppa Pig AO VIVO! (História: Amigo de Faz de Conta);olha só o Léo e ele também tá pulando ah todos adoram ficar pulando em poças de lão;Fim;https://www.youtube.com/watch?v=HQIVWQh5zcw;Neutro;Neutro;Neutro;Neutro;Neutro
9LM6TXghK_k;O MELHOR VÍDEO PARA APRENDER A LER - VOL 2 | + 40 MIN DE VÍDEOS PARA AJUDAR NA ALFABETIZAÇÃO;"""s a letra do sapato o sapato começa com s s de sapato sa pato sapato""";Fim;https://www.youtube.com/watch?v=9LM6TXghK_k;Neutro;Neutro;Neutro;Neutro;Neutro
Z4aLu4HnDLc;Preso na Lama! 🚗 Super Robô Ajuda Carros | Robofuse | Veículos de Emergência para Crianças;"""agora você pode limpar a lama usando o aspirador""";Início;https://www.youtube.com/watch?v=Z4aLu4HnDLc;Positivo;Negativo;Positivo;Positivo;Positivo
rSfK571WN4E;Os Backyardigans: A Grande Corrida - Ep.17;"""bem vindos à minha loja""";Início;https://www.youtube.com/watch?v=rSfK571WN4E;Neutro;Neutro;Neutro;Neutro;Neutro
KomCGixRjT8;Peppa Pig Português Brasil ⭐️ Vários Episódios Completos  ⭐️ Desenhos Animados;"""ganhou todos os ursos gigantes que nós temos""";Meio;https://www.youtube.com/watch?v=KomCGixRjT8;Neutro;Neutro;Negativo;Neutro;Neutro
3CIUr10_fUs;A PREVISÃO MAIS ABSURDA dos SIMPSONS…;no quinto episódio da décima temporada de 1998 apareceu um cartaz.;Meio;https://www.youtube.com/shorts/3CIUr10_fUs;Neutro;Neutro;Negativo;Neutro;Neutro
0nMmWgETnMY;Nem tudo nasce da semente? 🍌🍌 - O Show da Luna! Episódio Completo 03 | Primeira Temporada | Kids;mesmo sem sementes eu me propago para uma bananeira virar outra bananeira essa pegar um pedaço de mim;Fim;https://www.youtube.com/watch?v=0nMmWgETnMY;Neutro;Neutro;Neutro;Neutro;Neutro
86lVTtWTLfc;O que é um diário? Peppa Pig (História: Espelhos);essas daí são a dona coelha e a senhora coelha Ah eu acho que parecemos uma com a outra;Fim;https://www.youtube.com/watch?v=86lVTtWTLfc;Positivo;Positivo;Positivo;Positivo;Positivo
HthEOHxGJrg;Peppa Pig Português Brasil | Dias de brincadeira da Peppa | Desenhos Animados;"""o george pig estava com muita fome""";Meio;https://www.youtube.com/watch?v=HthEOHxGJrg;Neutro;Neutro;Neutro;Neutro;Neutro
SAVH83QDUbc;A Falsa perfeição de Peanutbutter em BoJack Horseman;o que a gente aprende através do Senor pin Butter é que ser um cara legal ainda é muito diferente de ser um homem bom.;Fim;https://www.youtube.com/watch?v=SAVH83QDUbc;Neutro;Neutro;Neutro;Neutro;Neutro
BERLTuMKuJ8;Patrulha Canina | Missões da Torre de Observação da Patrulha Canina por 30 Minutos! | Nick Jr.;"""a patrulha canina está aqui""";Fim;https://www.youtube.com/watch?v=BERLTuMKuJ8;Neutro;Neutro;Positivo;Neutro;Neutro
Xc6TPar4KSc;Close Enough e Apenas um Show SÃO do MESMO UNIVERSO;o desenho tem o mesmo criador mesmo estilo de animação e mesmo estúdio com o mesmo do lado.;Início;https://www.youtube.com/watch?v=Xc6TPar4KSc;Neutro;Neutro;Neutro;Neutro;Neutro
dDsH7HOndWA;Peppa Pig... Compilation 14 (História: Carro de Bombeiro);eu amo carros de bombeiros principalmente quando eles fazem bolas de lama;Fim;https://www.youtube.com/watch?v=dDsH7HOndWA;Positivo;Positivo;Positivo;Positivo;Positivo
5fx72a2ezys;A casa subterrânea! Peppa Pig (História: A Chave Perdida);O Senhor achou a nossa chave não o guindas não é longo bastante o que devemos fazer agora;Fim;https://www.youtube.com/watch?v=5fx72a2ezys;Neutro;Positivo;Neutro;Neutro;Neutro
hyy47h2fNn4;O Show do Garfield 😺 Treinamento radical | DESENHO INFANTIL🌈PORTUGUÊS do BRASIL;"""faça a escolha certa gato""";Meio;https://www.youtube.com/watch?v=hyy47h2fNn4;Neutro;Neutro;Neutro;Neutro;Neutro
HQIVWQh5zcw;Peppa Pig AO VIVO! (História: Amigo de Faz de Conta);o Léo adora bolo de frutas não seja boba Peppa esse não foi o Léo foi você;Meio;https://www.youtube.com/watch?v=HQIVWQh5zcw;Neutro;Neutro;Neutro;Neutro;Neutro
k7F5xiIOSpA;44 Gatos | O médico gatinho | Pilou tem medo do MÉDICO | Vídeo para crianças;"""Eu não quero que o meu dente fique gelado """;Meio;https://www.youtube.com/watch?v=k7F5xiIOSpA;Neutro;Neutro;Neutro;Neutro;Negativo
4w7cS9CL9QE;INGLÊS INFANTIL | APRENDER INGLÊS COM AMIGO MUMU | AULA DE INGLÊS PARA CRIANÇAS;"""amigo mumu de alfabeto o alfabeto a ei ei bi bi ci sei de e e f g de H""";Início;https://www.youtube.com/watch?v=4w7cS9CL9QE;Neutro;Neutro;Neutro;Neutro;Negativo
SrpHLLNoIMM;Bob Esponja ESTILOSO por 60 Minutos Seguidos 🔥 | Bob Esponja em Português;"""eu sei fazer comida chique""";Fim;https://www.youtube.com/watch?v=SrpHLLNoIMM;Neutro;Neutro;Neutro;Neutro;Neutro
5ZN0oh60lwk;BIG MOUTH DUBLADO: QUATRO CURIOSIDADES;se você sonha em ser um doador quer fazer um workshop com o diretor é de dublagem dublador aqui do rio de janeiro.;Fim;https://www.youtube.com/watch?v=5ZN0oh60lwk;Neutro;Neutro;Neutro;Neutro;Neutro
kPn7VllMapI;Peppa Pig Português Brasil ⭐️ Vários Episódios Completos ⭐️ Pepa Ping Ping ⭐️ Desenhos Animados;você também vai receber uma visita da fada do dente;Fim;https://www.youtube.com/watch?v=kPn7VllMapI;Neutro;Neutro;Neutro;Neutro;Neutro
86lVTtWTLfc;O que é um diário? Peppa Pig (História: Espelhos);vamos George vamos achar mais algumas coisas brilhantes;Início;https://www.youtube.com/watch?v=86lVTtWTLfc;Positivo;Negativo;Positivo;Positivo;Positivo
1j3zTuJiy0Q;Scooby-Doo Encontra um SUPER Amigo! | Scooby-Doo! em Português 🇧🇷 | ‪@WBKidsBrasil‬;"""foi embora horas só tem a gente aqui""";Início;https://www.youtube.com/watch?v=1j3zTuJiy0Q;Neutro;Neutro;Neutro;Neutro;Neutro
5ZN0oh60lwk;BIG MOUTH DUBLADO: QUATRO CURIOSIDADES;existe um certo receio da pirataria de de que alguém possa é roubar o conteúdo e passar em outro lugar.;Fim;https://www.youtube.com/watch?v=5ZN0oh60lwk;Neutro;Neutro;Neutro;Neutro;Neutro
kPn7VllMapI;Peppa Pig Português Brasil ⭐️ Vários Episódios Completos ⭐️ Pepa Ping Ping ⭐️ Desenhos Animados;conseguimos todo o dinheiro para um telhado novo para a escola;Meio;https://www.youtube.com/watch?v=kPn7VllMapI;Neutro;Neutro;Neutro;Neutro;Neutro
FXdKwbOQce4;MARATONA MELHORES EPISÓDIOS... O Show da Luna! (História: Sol Verde);quando eu me encontro com amarelo e a gente se abraça ficamos verdes Ah então Os Pequenos pigmentos se encontram;Fim;https://www.youtube.com/watch?v=FXdKwbOQce4;Neutro;Neutro;Neutro;Neutro;Neutro
u-pb6XvMOgo;Experimentos de ciência para crianças com Maria Clara e JP!!! - ÁGUAS QUE ANDAM.;Agora a gente vai por corante na água;Início;https://www.youtube.com/watch?v=u-pb6XvMOgo;Positivo;Positivo;Positivo;Positivo;Positivo
uOH9YS4ZcGI;A casa subterrânea! Peppa Pig (História: Engarrafamento);estamos presos num engarrafamento tudo bem também estamos atrasados o vovô exagerou nas batatas;Meio;https://www.youtube.com/watch?v=uOH9YS4ZcGI;Neutro;Neutro;Neutro;Neutro;Neutro
_7XBFxFXMRQ;Desenhos Assustadores Feitos Por Crianças Pt.1 - #Shorts 📝👹😱;me segue comenta se quer parte 2.;Meio;https://www.youtube.com/shorts/_7XBFxFXMRQ;Neutro;Neutro;Neutro;Neutro;Neutro
_MqImMufNaM;Spidey e Seus Amigos Espectaculares | EPISÓDIOS COMPLETOS | Vão, Dino-Webs, Vão! + Fantasma no Museu;"""prontos para ajudar os amigos da vizinhança""";Início;https://www.youtube.com/watch?v=_MqImMufNaM;Neutro;Neutro;Neutro;Neutro;Neutro
JMp71mLRJSQ;Desenho Infantil... 32 Minutos (História: Máquina de Doces);hora do recheio aqui os tomates agora a parte principal calabresa Ah não calabresa acabou;Fim;https://www.youtube.com/watch?v=JMp71mLRJSQ;Positivo;Positivo;Positivo;Positivo;Positivo
hYZvoyPLFRk;Passeio Infinito na Escada Rolante ⬆️ Peppa Pig Português Brasil | 30 min;"""deixa elas se divertirem na fazendinha""";Fim;https://www.youtube.com/watch?v=hYZvoyPLFRk;Neutro;Neutro;Neutro;Neutro;Neutro
Z4aLu4HnDLc;Preso na Lama! 🚗 Super Robô Ajuda Carros | Robofuse | Veículos de Emergência para Crianças;"""a matilda robô voltou ao normal""";Fim;https://www.youtube.com/watch?v=Z4aLu4HnDLc;Positivo;Positivo;Positivo;Positivo;Positivo
OwWVDq9wwKc;As Tartarugas Ninja Fizeram uma Corrida Divertida | Canções Infantis e Rimas para Crianças;"""os amigos cumprimentaram e aplaudiram o corajoso amiguinho""";Meio;https://www.youtube.com/watch?v=OwWVDq9wwKc;Positivo;Positivo;Positivo;Positivo;Positivo
Z4aLu4HnDLc;Preso na Lama! 🚗 Super Robô Ajuda Carros | Robofuse | Veículos de Emergência para Crianças;"""a escada ajuda a alcançar lugares muito altos""";Meio;https://www.youtube.com/watch?v=Z4aLu4HnDLc;Positivo;Positivo;Positivo;Positivo;Positivo
p3tWecdS3xE;44 Gatos | Ratos Vs Gatos: Amigos... ou inimigos?;"""eu vim salvar os meus filhos """;Meio;https://www.youtube.com/watch?v=p3tWecdS3xE;Positivo;Positivo;Positivo;Positivo;Positivo
_MqImMufNaM;Spidey e Seus Amigos Espectaculares | EPISÓDIOS COMPLETOS | Vão, Dino-Webs, Vão! + Fantasma no Museu;"""tentem impressionar com os novos movimentos""";Meio;https://www.youtube.com/watch?v=_MqImMufNaM;Neutro;Neutro;Neutro;Neutro;Neutro
KMcR9YuIh0o;Pea Pea Explora El Desafío Del Baño Frío Y Caliente 🔥❄ Divertidos Dibujos Animados Para Niños;"""fez um bom trabalho pe pea""";Fim;https://www.youtube.com/watch?v=KMcR9YuIh0o;Neutro;Neutro;Neutro;Negativo;Neutro
0nMmWgETnMY;Nem tudo nasce da semente? 🍌🍌 - O Show da Luna! Episódio Completo 03 | Primeira Temporada | Kids;você sabe como nasce as Bananeiras da semente calma Júpiter ainda não era para você se apresentar;Fim;https://www.youtube.com/watch?v=0nMmWgETnMY;Neutro;Neutro;Neutro;Neutro;Neutro
hYZvoyPLFRk;Passeio Infinito na Escada Rolante ⬆️ Peppa Pig Português Brasil | 30 min;"""vamos fazer uma viagem de trem""";Início;https://www.youtube.com/watch?v=hYZvoyPLFRk;Neutro;Neutro;Neutro;Neutro;Neutro
3yaIKm_WZFs;O susto! - Contação de Histórias infantis - Varal de Histórias;"""e eu quero te fazer um pedido se você ainda não é inscrito no canal Aproveita agora""";Fim;https://www.youtube.com/watch?v=3yaIKm_WZFs;Neutro;Neutro;Neutro;Neutro;Neutro
pEDR54o4HVc;COM QUANTOS ANOS VOCÊ DESCOBRIU ISSO??? #curiosidades #shorts #coelho;Normalmente Né desde quando a gente é criança.;Início;https://www.youtube.com/shorts/pEDR54o4HVc;Neutro;Neutro;Neutro;Neutro;Neutro
x64zMoTFcb4;Ricky tem um pneu furado | Ricky Zoom Brasil | Desenhos Animados;"""vou tentar apertar esse botão""";Início;https://www.youtube.com/watch?v=x64zMoTFcb3;Neutro;Neutro;Neutro;Neutro;Neutro
x64zMoTFcb4;Ricky tem um pneu furado | Ricky Zoom Brasil | Desenhos Animados;"""o ricky está correndo mais rápido do que nunca""";Fim;https://www.youtube.com/watch?v=x64zMoTFcb3;Neutro;Neutro;Neutro;Positivo;Neutro
AMxOelWy0UQ;O amigo travesso de Obby no Roblox escorregou 😆🧱 | Canção Divertida para Crianças;"""os diamantes estão seguros e está tudo bem""";Meio;https://www.youtube.com/watch?v=AMxOelWy0UQ;Positivo;Negativo;Positivo;Positivo;Positivo
3CIPVQ4lRfo;BART VIROU AMANTE DA SHAUNA?! #simpsons #thesimpsons #shorts #homer #bart;eles ficam na casa do Bart fazendo Guardas.;Fim;https://www.youtube.com/shorts/3CIPVQ4lRfo;Neutro;Neutro;Neutro;Neutro;Neutro
hYZvoyPLFRk;Passeio Infinito na Escada Rolante ⬆️ Peppa Pig Português Brasil | 30 min;"""só precisamos encontrá-lo na estação""";Meio;https://www.youtube.com/watch?v=hYZvoyPLFRk;Neutro;Neutro;Neutro;Neutro;Positivo
frHYQ_1bFME;A casa subterrânea! Peppa Pig (História: O Bazar);eu tenho ótimas novidades conseguimos todo o dinheiro para um telhado novo para a escola;Fim;https://www.youtube.com/watch?v=frHYQ_1bFME;Positivo;Positivo;Positivo;Positivo;Positivo
k7F5xiIOSpA;44 Gatos | O médico gatinho | Pilou tem medo do MÉDICO | Vídeo para crianças;"""Você tem que passar a escova em todos os seus dentes """;Meio;https://www.youtube.com/watch?v=k7F5xiIOSpA;Neutro;Neutro;Neutro;Neutro;Neutro
HthEOHxGJrg;Peppa Pig Português Brasil | Dias de brincadeira da Peppa | Desenhos Animados;"""todos adormeceram e viveram felizes para sempre""";Início;https://www.youtube.com/watch?v=HthEOHxGJrg;Positivo;Positivo;Positivo;Positivo;Positivo
OwWVDq9wwKc;As Tartarugas Ninja Fizeram uma Corrida Divertida | Canções Infantis e Rimas para Crianças;"""finalmente ele saltou sob uma ovação de alegria""";Meio;https://www.youtube.com/watch?v=OwWVDq9wwKc;Positivo;Positivo;Positivo;Positivo;Positivo
yvCDV6Bh2d8;Desenho Infantil... 28 Minutos (História: Bolha de Sabão);ah não minhas cenourinhas me devolve coelhinho ei ei pessoal vamos dividir;Fim;https://www.youtube.com/watch?v=yvCDV6Bh2d8;Positivo;Positivo;Positivo;Positivo;Positivo
3yaIKm_WZFs;O susto! - Contação de Histórias infantis - Varal de Histórias;"""sejam todos muito bem-vindos ao varal de histórias um canal de contação de histórias""";Início;https://www.youtube.com/watch?v=3yaIKm_WZFs;Positivo;Positivo;Positivo;Positivo;Neutro
AsijPlOOkMM;O Show do Garfield 😺A Pizza perfeita🍕PARA CRIANÇAS | O Reino Series;"""a pizza do vito é a melhor pizza do mundo""";Início;https://www.youtube.com/watch?v=AsijPlOOkMM;Neutro;Neutro;Negativo;Neutro;Neutro
l8rr0QZqYRs;A Caixa Mágica... Detetive Labrador (História: Piscina de Bolinhas);para que os germes não se espalhem nos deixem doentes;Fim;https://www.youtube.com/watch?v=l8rr0QZqYRs;Neutro;Neutro;Neutro;Neutro;Neutro
nIyr14PwxSE;Alex se demite | TRÊS ESPIÂS DEMAIS | Episódio 19, Temporada 1;"""eu sinto muito mas eu tenho que ir""";Meio;https://www.youtube.com/watch?v=nIyr14PwxSE;Neutro;Neutro;Neutro;Neutro;Neutro
FXdKwbOQce4;MARATONA MELHORES EPISÓDIOS... O Show da Luna! (História: Sol Verde);Amarelo com azul da Verde abraços Amarelo nasce Verde no braço se misture e misturando a gente;Fim;https://www.youtube.com/watch?v=FXdKwbOQce4;Neutro;Neutro;Neutro;Neutro;Neutro
doAenkESxww;He Man em Português DUBLADO | O Dia das Maquinas | Desenhos Animados;"""vamos preparar uma partitura para o clássico""";Fim;https://www.youtube.com/watch?v=doAenkESxww;Neutro;Negativo;Neutro;Neutro;Neutro
S78QxkZuUfQ;Episódio de Os Simpsons onde CRITICAM O BRASIL é Censurado #SHORTS;o episódio de Os Simpsons onde critica o Brasil é censurado.;Início;https://www.youtube.com/shorts/S78QxkZuUfQ;Neutro;Neutro;Neutro;Neutro;Neutro
5fx72a2ezys;A casa subterrânea! Peppa Pig (História: A Chave Perdida);o guind por favor se afastem ol só já vai descer que sorte foi muito bom aparecer bem na hora;Meio;https://www.youtube.com/watch?v=5fx72a2ezys;Neutro;Negativo;Neutro;Neutro;Neutro
1znJVrkFFF4;Peppa Pig... Compilation 14 (História: O Barco do Vovô);puxa o barco do volpi bateu em uma pequena ilha a fã está preso;Meio;https://www.youtube.com/watch?v=1znJVrkFFF4;Neutro;Neutro;Neutro;Neutro;Neutro
HthEOHxGJrg;Peppa Pig Português Brasil | Dias de brincadeira da Peppa | Desenhos Animados;"""boa noite para todos e durmam bem""";Fim;https://www.youtube.com/watch?v=HthEOHxGJrg;Neutro;Neutro;Neutro;Neutro;Neutro
5fx72a2ezys;A casa subterrânea! Peppa Pig (História: A Chave Perdida);chave chave não George você não pode brincar com a chave do carro você pode perdê-la;Início;https://www.youtube.com/watch?v=5fx72a2ezys;Neutro;Neutro;Neutro;Neutro;Neutro
HmpiiNG6SQA;A LISTA DOS MAIS BONITOS EM SOUTH PARK #southpark;E aprendemos bastante.;Meio;https://www.youtube.com/shorts/HmpiiNG6SQA;Neutro;Neutro;Neutro;Neutro;Neutro
bHADH18n_Qg;🐶🦴 O MELHOR de Krypto, o Supercão! | Krypto the Superdog em Português 🇧🇷 | ‪@DCKidsBrasil‬;"""oferecemos essas medalhas de honra""";Fim;https://www.youtube.com/watch?v=bHADH18n_Qg;Neutro;Neutro;Neutro;Neutro;Neutro
bHADH18n_Qg;🐶🦴 O MELHOR de Krypto, o Supercão! | Krypto the Superdog em Português 🇧🇷 | ‪@DCKidsBrasil‬;"""bom trabalho como foi que nos encontrou""";Fim;https://www.youtube.com/watch?v=bHADH18n_Qg;Neutro;Neutro;Neutro;Neutro;Neutro
FXdKwbOQce4;MARATONA MELHORES EPISÓDIOS... O Show da Luna! (História: Sol Verde);que legal estamos dentro do seu desenho a porta não abre porque é que eu não desenhei a casa por dentro;Meio;https://www.youtube.com/watch?v=FXdKwbOQce4;Positivo;Positivo;Positivo;Positivo;Positivo
uOH9YS4ZcGI;A casa subterrânea! Peppa Pig (História: Engarrafamento);Olha é o vovô e a vovó com nosso almoço no carrinho de mão Olá pessoal;Fim;https://www.youtube.com/watch?v=uOH9YS4ZcGI;Neutro;Negativo;Neutro;Neutro;Neutro
1znJVrkFFF4;Peppa Pig... Compilation 14 (História: O Barco do Vovô);tudo bem vou pedir a você está levando seu celular estou volpi não o deixe cair na água;Início;https://www.youtube.com/watch?v=1znJVrkFFF4;Neutro;Neutro;Neutro;Neutro;Neutro
p3tWecdS3xE;44 Gatos | Ratos Vs Gatos: Amigos... ou inimigos?;"""o papai veio salvar """;Fim;https://www.youtube.com/watch?v=p3tWecdS3xE;Positivo;Positivo;Positivo;Positivo;Positivo
kAweJWwmZ2c;Bob Esponja cozinha tudo, menos hambúrguer de siri 🍳 | Nickelodeon em Português;"""é bom poder contar com você""";Fim;https://www.youtube.com/watch?v=kAweJWwmZ2c;Neutro;Neutro;Neutro;Neutro;Neutro
KMcR9YuIh0o;Pea Pea Explora El Desafío Del Baño Frío Y Caliente 🔥❄ Divertidos Dibujos Animados Para Niños;"""pe pea gosta muito dessa habitação""";Início;https://www.youtube.com/watch?v=KMcR9YuIh0o;Neutro;Neutro;Neutro;Positivo;Neutro
u-pb6XvMOgo;Experimentos de ciência para crianças com Maria Clara e JP!!! - ÁGUAS QUE ANDAM.;"é isso que acontece com as árvores elas pegam a água do solo e levantam para cima """;Fim;https://www.youtube.com/watch?v=u-pb6XvMOgo;Positivo;Positivo;Positivo;Positivo;Positivo
u-pb6XvMOgo;Experimentos de ciência para crianças com Maria Clara e JP!!! - ÁGUAS QUE ANDAM.;Primeiro você vai encher quatro copos com água;Início;https://www.youtube.com/watch?v=u-pb6XvMOgo;Positivo;Neutro;Positivo;Positivo;Positivo
HthEOHxGJrg;Peppa Pig Português Brasil | Dias de brincadeira da Peppa | Desenhos Animados;"""o george e a peppa escovam os dentes""";Fim;https://www.youtube.com/watch?v=HthEOHxGJrg;Neutro;Neutro;Neutro;Neutro;Neutro
qt1Qt7eMTYk;Dia da Gincana... Detetive Labrador (História: Ligações Falsas);a voz da ligação é gerada por inteligência artificial isso é um golpe;Meio;https://www.youtube.com/watch?v=qt1Qt7eMTYk;Neutro;Neutro;Neutro;Neutro;Neutro
_MqImMufNaM;Spidey e Seus Amigos Espectaculares | EPISÓDIOS COMPLETOS | Vão, Dino-Webs, Vão! + Fantasma no Museu;"""estou adicionando uma ponte nova na casa da árvore""";Início;https://www.youtube.com/watch?v=_MqImMufNaM;Neutro;Neutro;Negativo;Neutro;Neutro
F1OZbKj4yoQ;A casa subterrânea! Peppa Pig (História: Reciclagem);eu sou uma boba mesmo é que eu adoro reciclar é nós também mas também adoramos o nosso carrinho;Fim;https://www.youtube.com/watch?v=F1OZbKj4yoQ;Positivo;Positivo;Positivo;Positivo;Positivo
rSfK571WN4E;Os Backyardigans: A Grande Corrida - Ep.17;"""você é muito boa em surpresas mamãe""";Meio;https://www.youtube.com/watch?v=rSfK571WN4E;Neutro;Neutro;Neutro;Neutro;Neutro
HthEOHxGJrg;Peppa Pig Português Brasil | Dias de brincadeira da Peppa | Desenhos Animados;"""vou contar um pouco mais da história""";Meio;https://www.youtube.com/watch?v=HthEOHxGJrg;Neutro;Neutro;Neutro;Neutro;Neutro
bHADH18n_Qg;🐶🦴 O MELHOR de Krypto, o Supercão! | Krypto the Superdog em Português 🇧🇷 | ‪@DCKidsBrasil‬;"""eu acho que consigo tirar vocês daqui""";Início;https://www.youtube.com/watch?v=bHADH18n_Qg;Neutro;Neutro;Neutro;Neutro;Neutro
OwWVDq9wwKc;As Tartarugas Ninja Fizeram uma Corrida Divertida | Canções Infantis e Rimas para Crianças;"""brincar de esconde esconde era um dom secreto""";Meio;https://www.youtube.com/watch?v=OwWVDq9wwKc;Positivo;Positivo;Positivo;Positivo;Positivo
5fx72a2ezys;A casa subterrânea! Peppa Pig (História: A Chave Perdida);ah Calma calma é a chave nós a pegamos viva aqui está Obrigado Senor touro;Fim;https://www.youtube.com/watch?v=5fx72a2ezys;Neutro;Positivo;Neutro;Neutro;Neutro
SAVH83QDUbc;A Falsa perfeição de Peanutbutter em BoJack Horseman;a única coisa que não mudava na equação era ele.;Fim;https://www.youtube.com/watch?v=SAVH83QDUbc;Neutro;Neutro;Negativo;Neutro;Neutro
JWxjkWiH6Wc;BIG MOUTH - Mais um desenho pra adultos;a série é muito engraçado e muito bem humorado vale muito a pena.;Meio;https://www.youtube.com/watch?v=JWxjkWiH6Wc;Positivo;Positivo;Positivo;Positivo;Positivo
uOH9YS4ZcGI;A casa subterrânea! Peppa Pig (História: Engarrafamento);vamos nos atrasar de novo não se preocupe mamãe Ainda temos bastante tempo;Início;https://www.youtube.com/watch?v=uOH9YS4ZcGI;Neutro;Neutro;Neutro;Neutro;Neutro
5ZN0oh60lwk;BIG MOUTH DUBLADO: QUATRO CURIOSIDADES;o olímpico ou organizador da série um dos idealizadores da série ele se inspirou em vários clássicos do cinema como por exemplo apocalypse now garanhão italiano.;Meio;https://www.youtube.com/watch?v=5ZN0oh60lwk;Neutro;Neutro;Neutro;Positivo;Neutro
QI6ZQCh-Zrw;Para Onde Vai a Água? | Episódios Completos 🐵 George, o Curioso;"""esses canos vão para todos os apartamentos desse prédio""";Início;https://www.youtube.com/watch?v=QI6ZQCh-Zrw;Neutro;Neutro;Neutro;Positivo;Neutro
kPn7VllMapI;Peppa Pig Português Brasil ⭐️ Vários Episódios Completos ⭐️ Pepa Ping Ping ⭐️ Desenhos Animados;todas as coisas que podem ser usadas de novo colocamos nas caixas de reciclagem;Meio;https://www.youtube.com/watch?v=kPn7VllMapI;Neutro;Neutro;Neutro;Neutro;Neutro
Xc6TPar4KSc;Close Enough e Apenas um Show SÃO do MESMO UNIVERSO;o trailer pelo menos vai sair esse mês dia 23.;Fim;https://www.youtube.com/watch?v=Xc6TPar4KSc;Neutro;Neutro;Neutro;Neutro;Neutro
JWxjkWiH6Wc;BIG MOUTH - Mais um desenho pra adultos;eu via o índice sendo bombardeado pela puberdade ele já tinha pelo tal estava crescendo barba e comigo nada e eu ficava frustrado.;Meio;https://www.youtube.com/watch?v=JWxjkWiH6Wc;Neutro;Neutro;Neutro;Neutro;Neutro
BfFBPWo7SbU;SONIC X | episódio 24 - Aponte Para Ele! O Navio Afundado No Sul (Dublado);"""registrei o padrão das contas no computador""";Fim;https://www.youtube.com/watch?v=BfFBPWo7SbU;Neutro;Neutro;Neutro;Neutro;Negativo
JWxjkWiH6Wc;BIG MOUTH - Mais um desenho pra adultos;a abertura da série é muito fofa.;Fim;https://www.youtube.com/watch?v=JWxjkWiH6Wc;Neutro;Neutro;Neutro;Neutro;Neutro
vbM7Y92oWQI;Bolsa da Tucci;Eu fui na canal Street.;Início;https://www.youtube.com/shorts/vbM7Y92oWQI;Neutro;Neutro;Neutro;Positivo;Neutro
SErY7GNv1Hg;FUNK DO PATINHO - Cantinho Encantado | Música Infantil;"""olha o passarinho no céu""";Meio;https://www.youtube.com/watch?v=SErY7GNv1Hg;Neutro;Neutro;Neutro;Neutro;Neutro
BfFBPWo7SbU;SONIC X | episódio 24 - Aponte Para Ele! O Navio Afundado No Sul (Dublado);"""eu sempre venho quando um amigo precisa de ajuda""";Meio;https://www.youtube.com/watch?v=BfFBPWo7SbU;Neutro;Neutro;Neutro;Neutro;Neutro
BfFBPWo7SbU;SONIC X | episódio 24 - Aponte Para Ele! O Navio Afundado No Sul (Dublado);"""seria muito romântico ouvindo o vento""";Início;https://www.youtube.com/watch?v=BfFBPWo7SbU;Neutro;Neutro;Neutro;Neutro;Neutro
2X3vieGlcyY;Assista quando estiver em um dia ruim - BoJack Horseman;tudo começou com o colar que usava o tempo todo arrebentando o fecho do nada.;Início;https://www.youtube.com/watch?v=2X3vieGlcyY;Neutro;Neutro;Neutro;Positivo;Neutro
86lVTtWTLfc;O que é um diário? Peppa Pig (História: Espelhos);mas não há nenhum espelho isso é mágica papai bobinho;Fim;https://www.youtube.com/watch?v=86lVTtWTLfc;Positivo;Positivo;Positivo;Positivo;Positivo
k7F5xiIOSpA;44 Gatos | O médico gatinho | Pilou tem medo do MÉDICO | Vídeo para crianças;"""Peça ajuda da pilu """;Meio;https://www.youtube.com/watch?v=k7F5xiIOSpA;Neutro;Neutro;Neutro;Neutro;Neutro
-TCnAM_PvEw;Peppa Pig... Compilation 14 (História: Lavando Roupa);olá papai Pig gostei da sua camisa é muito bonita obrigado vamos lá vamos jogar futebol;Fim;https://www.youtube.com/watch?v=-TCnAM_PvEw;Negativo;Negativo;Negativo;Neutro;Negativo
FXdKwbOQce4;MARATONA MELHORES EPISÓDIOS... O Show da Luna! (História: Sol Verde);se eu pintei com tinta amarela vai ver que na hora de você pegar a tinta amarela você pegou a tinta verde;Início;https://www.youtube.com/watch?v=FXdKwbOQce4;Neutro;Neutro;Neutro;Neutro;Neutro
1znJVrkFFF4;Peppa Pig... Compilation 14 (História: O Barco do Vovô);o volpi está levando a festa e os olhos numa viagem de barra;Início;https://www.youtube.com/watch?v=1znJVrkFFF4;Neutro;Positivo;Neutro;Neutro;Neutro
4w7cS9CL9QE;INGLÊS INFANTIL | APRENDER INGLÊS COM AMIGO MUMU | AULA DE INGLÊS PARA CRIANÇAS;"""Olha só amiguinho Encontramos uma joaninha em inglês se diz ladybug""";Fim;https://www.youtube.com/watch?v=4w7cS9CL9QE;Neutro;Neutro;Neutro;Neutro;Neutro
HthEOHxGJrg;Peppa Pig Português Brasil | Dias de brincadeira da Peppa | Desenhos Animados;"""uma cozinheira que faz um belo jantar""";Início;https://www.youtube.com/watch?v=HthEOHxGJrg;Neutro;Neutro;Neutro;Neutro;Neutro
yvCDV6Bh2d8;Desenho Infantil... 28 Minutos (História: Bolha de Sabão);vou comer agora ah que delícia e José oi José;Fim;https://www.youtube.com/watch?v=yvCDV6Bh2d8;Positivo;Positivo;Positivo;Positivo;Positivo
frHYQ_1bFME;A casa subterrânea! Peppa Pig (História: O Bazar);viva Obrigada Papai Pig Tudo bem não tem de qu;Fim;https://www.youtube.com/watch?v=frHYQ_1bFME;Positivo;Positivo;Positivo;Positivo;Positivo
QI6ZQCh-Zrw;Para Onde Vai a Água? | Episódios Completos 🐵 George, o Curioso;"""este registro principal controla o fluxo de água""";Início;https://www.youtube.com/watch?v=QI6ZQCh-Zrw;Neutro;Neutro;Neutro;Positivo;Neutro
SErY7GNv1Hg;FUNK DO PATINHO - Cantinho Encantado | Música Infantil;"""dança dança até cansar""";Início;https://www.youtube.com/watch?v=SErY7GNv1Hg;Neutro;Neutro;Neutro;Neutro;Neutro
qV0Nrut-T9c;9 Lições de vida em Bojack Horseman;o amor não pode ser negligenciado muito pelo contrário ele é um componente fundamental dessa equação.;Fim;https://www.youtube.com/watch?v=qV0Nrut-T9c;Positivo;Positivo;Positivo;Positivo;Positivo
2X3vieGlcyY;Assista quando estiver em um dia ruim - BoJack Horseman;ela tinha perdido o bebê.;Meio;https://www.youtube.com/watch?v=2X3vieGlcyY;Neutro;Neutro;Neutro;Neutro;Neutro
0xWSgd5y-gQ;A Verdadeira Inspiração por Trás do Butters em South Park;que também é responsável por ter escrito alguns dos episódios do show.;Meio;https://www.youtube.com/watch?v=0xWSgd5y-gQ;Neutro;Neutro;Positivo;Neutro;Neutro
rSfK571WN4E;Os Backyardigans: A Grande Corrida - Ep.17;"""sushi é uma comida deliciosa do japão""";Meio;https://www.youtube.com/watch?v=rSfK571WN4E;Neutro;Neutro;Neutro;Neutro;Neutro
Z4aLu4HnDLc;Preso na Lama! 🚗 Super Robô Ajuda Carros | Robofuse | Veículos de Emergência para Crianças;"""a cidade do carro vai ficar linda de novo""";Fim;https://www.youtube.com/watch?v=Z4aLu4HnDLc;Positivo;Positivo;Positivo;Positivo;Positivo
OwWVDq9wwKc;As Tartarugas Ninja Fizeram uma Corrida Divertida | Canções Infantis e Rimas para Crianças;"""rafael pulou de alegria e comemorou com um soco no ar""";Início;https://www.youtube.com/watch?v=OwWVDq9wwKc;Positivo;Positivo;Positivo;Positivo;Positivo
5ZN0oh60lwk;BIG MOUTH DUBLADO: QUATRO CURIOSIDADES;normalmente o cliente que a netflix e entrega os episódios bem em cima da hora.;Meio;https://www.youtube.com/watch?v=5ZN0oh60lwk;Neutro;Neutro;Neutro;Positivo;Neutro
hHn9djMGYL0;A humanidade poética de BoJack Horseman;a rock representa uma nova esperança para o protagonista desempenhar um papel paterno saudável e funcional mas infelizmente sua vida conturbado bastante para que ela Decida se afastar de vez do irmão na última temporada.;Início;https://www.youtube.com/watch?v=hHn9djMGYL0;Neutro;Neutro;Positivo;Neutro;Neutro
4w7cS9CL9QE;INGLÊS INFANTIL | APRENDER INGLÊS COM AMIGO MUMU | AULA DE INGLÊS PARA CRIANÇAS;"""vamos repetir mais uma vez para reforçar o que aprendemos""";Início;https://www.youtube.com/watch?v=4w7cS9CL9QE;Neutro;Neutro;Neutro;Neutro;Neutro
kPn7VllMapI;Peppa Pig Português Brasil ⭐️ Vários Episódios Completos ⭐️ Pepa Ping Ping ⭐️ Desenhos Animados;a fada do dente virar antes de ir pra cama;Fim;https://www.youtube.com/watch?v=kPn7VllMapI;Neutro;Neutro;Neutro;Neutro;Neutro
pEDR54o4HVc;COM QUANTOS ANOS VOCÊ DESCOBRIU ISSO??? #curiosidades #shorts #coelho;Inclusive se você vê assim uma foto do coelho de costas você acredita que é assim.;Início;https://www.youtube.com/shorts/pEDR54o4HVc;Neutro;Neutro;Neutro;Neutro;Neutro
0nMmWgETnMY;Nem tudo nasce da semente? 🍌🍌 - O Show da Luna! Episódio Completo 03 | Primeira Temporada | Kids;esperamos uma semana inteira se é assim como é que ela nasce sem semente nós temos que descobrir;Meio;https://www.youtube.com/watch?v=0nMmWgETnMY;Neutro;Neutro;Positivo;Neutro;Neutro
_MqImMufNaM;Spidey e Seus Amigos Espectaculares | EPISÓDIOS COMPLETOS | Vão, Dino-Webs, Vão! + Fantasma no Museu;"""trabalho de equipe incrível no museu""";Fim;https://www.youtube.com/watch?v=_MqImMufNaM;Positivo;Positivo;Positivo;Positivo;Positivo
KMcR9YuIh0o;Pea Pea Explora El Desafío Del Baño Frío Y Caliente 🔥❄ Divertidos Dibujos Animados Para Niños;"""através do buraco vermelho pode pegar o helado""";Início;https://www.youtube.com/watch?v=KMcR9YuIh0o;Neutro;Neutro;Neutro;Neutro;Neutro
u-pb6XvMOgo;Experimentos de ciência para crianças com Maria Clara e JP!!! - ÁGUAS QUE ANDAM.;agora a gente vai pegar três copos e também a gente vai precisar de três folhas brancas;Fim;https://www.youtube.com/watch?v=u-pb6XvMOgo;Positivo;Positivo;Positivo;Positivo;Positivo
4w7cS9CL9QE;INGLÊS INFANTIL | APRENDER INGLÊS COM AMIGO MUMU | AULA DE INGLÊS PARA CRIANÇAS;"""Amarelo com azul fica verde""";Meio;https://www.youtube.com/watch?v=4w7cS9CL9QE;Neutro;Neutro;Neutro;Neutro;Positivo
KomCGixRjT8;Peppa Pig Português Brasil ⭐️ Vários Episódios Completos  ⭐️ Desenhos Animados;"""george queria ir no escorrega alto""";Início;https://www.youtube.com/watch?v=KomCGixRjT8;Neutro;Neutro;Neutro;Neutro;Neutro
pEDR54o4HVc;COM QUANTOS ANOS VOCÊ DESCOBRIU ISSO??? #curiosidades #shorts #coelho;Com quantos anos você descobriu que o rabo do coelho não é um pompom como você pensa.;Início;https://www.youtube.com/shorts/pEDR54o4HVc;Neutro;Neutro;Neutro;Neutro;Neutro
cqryXNQUew8;Desenho Educativo Infantil - 24 Minutos de Historinhas da Sara!!! Em Português Completo;"""tudo bem agora você aprendeu e vai ficar ótima""";Meio;https://www.youtube.com/watch?v=cqryXNQUew8;Positivo;Positivo;Positivo;Positivo;Positivo
u-pb6XvMOgo;Experimentos de ciência para crianças com Maria Clara e JP!!! - ÁGUAS QUE ANDAM.;"""hoje a gente vai fazer uma experiência muito legal com águas que andam!";Início;https://www.youtube.com/watch?v=u-pb6XvMOgo;Positivo;Positivo;Positivo;Positivo;Positivo
SAVH83QDUbc;A Falsa perfeição de Peanutbutter em BoJack Horseman;em um primeiro momento o senr pin Butter é vendido como sendo esse exemplo de pessoa que todo mundo deveria se esforçar para parecer um pouco mais.;Início;https://www.youtube.com/watch?v=SAVH83QDUbc;Neutro;Neutro;Neutro;Neutro;Neutro
7QaVz97-ejE;SOBREVIVI de BEBÊ até IMORTAL no Minecraft;"""Eu já consegui o segundo item para o piquenique agora só falta comida gostosa""";Meio;https://www.youtube.com/watch?v=7QaVz97-ejE;Neutro;Neutro;Neutro;Neutro;Neutro
vbM7Y92oWQI;Bolsa da Tucci;E comprei uma bolsa da Torre.;Início;https://www.youtube.com/shorts/vbM7Y92oWQI;Neutro;Neutro;Neutro;Neutro;Neutro
SAVH83QDUbc;A Falsa perfeição de Peanutbutter em BoJack Horseman;enquanto um recorre a drogas e Álcool o outro usa de alegria e otimismo para ser capaz de ficar longe de toda a realidade cruel que possa tá o cercando.;Início;https://www.youtube.com/watch?v=SAVH83QDUbc;Positivo;Positivo;Positivo;Positivo;Positivo
rSfK571WN4E;Os Backyardigans: A Grande Corrida - Ep.17;"""george mal pode esperar por sua surpresa especial""";Meio;https://www.youtube.com/watch?v=rSfK571WN4E;Neutro;Neutro;Neutro;Neutro;Neutro
SrpHLLNoIMM;Bob Esponja ESTILOSO por 60 Minutos Seguidos 🔥 | Bob Esponja em Português;"""o lula molusco tentáculos tem o melhor restaurante""";Fim;https://www.youtube.com/watch?v=SrpHLLNoIMM;Neutro;Neutro;Neutro;Neutro;Neutro
9LM6TXghK_k;O MELHOR VÍDEO PARA APRENDER A LER - VOL 2 | + 40 MIN DE VÍDEOS PARA AJUDAR NA ALFABETIZAÇÃO;"""letra O o de óculos Oi ó de ônibus ó de ovo""";Início;https://www.youtube.com/watch?v=9LM6TXghK_k;Neutro;Neutro;Neutro;Neutro;Neutro
JMp71mLRJSQ;Desenho Infantil... 32 Minutos (História: Máquina de Doces);uau uma máquina de fazer docinhos vamos Ler o manual vai demorar muito esse manual é muito grande;Início;https://www.youtube.com/watch?v=JMp71mLRJSQ;Positivo;Positivo;Positivo;Positivo;Positivo
7QaVz97-ejE;SOBREVIVI de BEBÊ até IMORTAL no Minecraft;"""eu vim aqui na casa da minha avó porque ela é a melhor cozinheira que eu conheço""";Meio;https://www.youtube.com/watch?v=7QaVz97-ejE;Neutro;Neutro;Neutro;Neutro;Neutro
5fx72a2ezys;A casa subterrânea! Peppa Pig (História: A Chave Perdida);o senhor está brincando com a chave do carro papai Mas eu sou um adulto e não vou perder;Início;https://www.youtube.com/watch?v=5fx72a2ezys;Neutro;Neutro;Neutro;Neutro;Neutro
86lVTtWTLfc;O que é um diário? Peppa Pig (História: Espelhos);Olá irmã como você está hoje estou ótima irmã não devo conversar por muito tempo;Fim;https://www.youtube.com/watch?v=86lVTtWTLfc;Positivo;Positivo;Negativo;Positivo;Positivo
JWxjkWiH6Wc;BIG MOUTH - Mais um desenho pra adultos;basicamente conta a história de dois melhores amigos unic e o endro.;Início;https://www.youtube.com/watch?v=JWxjkWiH6Wc;Neutro;Neutro;Neutro;Positivo;Neutro
u-pb6XvMOgo;Experimentos de ciência para crianças com Maria Clara e JP!!! - ÁGUAS QUE ANDAM.;"""E por último você vai dobrar o seu papel toalha desse jeito";Meio;https://www.youtube.com/watch?v=u-pb6XvMOgo;Positivo;Positivo;Positivo;Positivo;Negativo
frHYQ_1bFME;A casa subterrânea! Peppa Pig (História: O Bazar);já sei a cadeira velha do papai Mas é uma antiguidade;Início;https://www.youtube.com/watch?v=frHYQ_1bFME;Positivo;Positivo;Positivo;Positivo;Positivo
pEDR54o4HVc;COM QUANTOS ANOS VOCÊ DESCOBRIU ISSO??? #curiosidades #shorts #coelho;mas olha esse vídeo que eu vou mostrar.;Início;https://www.youtube.com/shorts/pEDR54o4HVc;Neutro;Neutro;Neutro;Neutro;Neutro
uOH9YS4ZcGI;A casa subterrânea! Peppa Pig (História: Engarrafamento);Peppa e a sua família estão a caminho de lá Devíamos ter saído mais cedo;Início;https://www.youtube.com/watch?v=uOH9YS4ZcGI;Neutro;Neutro;Neutro;Neutro;Positivo
k7F5xiIOSpA;44 Gatos | O médico gatinho | Pilou tem medo do MÉDICO | Vídeo para crianças;"""Passem o creme dental """;Meio;https://www.youtube.com/watch?v=k7F5xiIOSpA;Neutro;Neutro;Neutro;Neutro;Neutro
OwWVDq9wwKc;As Tartarugas Ninja Fizeram uma Corrida Divertida | Canções Infantis e Rimas para Crianças;"""ele compartilhou o tesouro com seus amigos peixes""";Fim;https://www.youtube.com/watch?v=OwWVDq9wwKc;Positivo;Positivo;Positivo;Positivo;Positivo
qt1Qt7eMTYk;Dia da Gincana... Detetive Labrador (História: Ligações Falsas);crianças se receberem uma ligação de um estranho não atendam conte na hora pros seus pais;Fim;https://www.youtube.com/watch?v=qt1Qt7eMTYk;Neutro;Neutro;Neutro;Neutro;Neutro
OwWVDq9wwKc;As Tartarugas Ninja Fizeram uma Corrida Divertida | Canções Infantis e Rimas para Crianças;"""papai Tubarão sorriu ao ver o tesouro que lhe foi dado""";Fim;https://www.youtube.com/watch?v=OwWVDq9wwKc;Positivo;Positivo;Positivo;Positivo;Positivo
3CIUr10_fUs;A PREVISÃO MAIS ABSURDA dos SIMPSONS…;que estava escrito que a Fox pertencia à Disney.;Início;https://www.youtube.com/shorts/3CIUr10_fUs;Neutro;Neutro;Neutro;Neutro;Neutro
0nMmWgETnMY;Nem tudo nasce da semente? 🍌🍌 - O Show da Luna! Episódio Completo 03 | Primeira Temporada | Kids;folhas não nasce da semente uma bananeira vira outra bananeira e a outra bananeira vira outra bananeira;Fim;https://www.youtube.com/watch?v=0nMmWgETnMY;Neutro;Neutro;Negativo;Neutro;Neutro
qt1Qt7eMTYk;Dia da Gincana... Detetive Labrador (História: Ligações Falsas);se alguém disser que é da polícia e pedir dinheiro ou informações pessoais pelo telefone é um golpe;Fim;https://www.youtube.com/watch?v=qt1Qt7eMTYk;Neutro;Neutro;Neutro;Neutro;Neutro
rSfK571WN4E;Os Backyardigans: A Grande Corrida - Ep.17;"""é sempre bom experimentar coisas novas""";Meio;https://www.youtube.com/watch?v=rSfK571WN4E;Neutro;Negativo;Neutro;Neutro;Neutro
0xWSgd5y-gQ;A Verdadeira Inspiração por Trás do Butters em South Park;como por exemplo aquele episódio em que o pai de burs é bicurioso.;Meio;https://www.youtube.com/watch?v=0xWSgd5y-gQ;Neutro;Neutro;Neutro;Neutro;Neutro
7QaVz97-ejE;SOBREVIVI de BEBÊ até IMORTAL no Minecraft;"""o meu primeiro desafio é nascer mas ué onde é que eu tô""";Início;https://www.youtube.com/watch?v=7QaVz97-ejE;Neutro;Neutro;Neutro;Neutro;Neutro
dDsH7HOndWA;Peppa Pig... Compilation 14 (História: Carro de Bombeiro);nós vamos fazer um churrasco também aqui o senhor touro o sabor coelho sem o fone e o senhor centro;Início;https://www.youtube.com/watch?v=dDsH7HOndWA;Neutro;Neutro;Neutro;Neutro;Neutro
1j3zTuJiy0Q;Scooby-Doo Encontra um SUPER Amigo! | Scooby-Doo! em Português 🇧🇷 | ‪@WBKidsBrasil‬;"""você é muito bom com ciência e tecnologia""";Fim;https://www.youtube.com/watch?v=1j3zTuJiy0Q;Neutro;Neutro;Neutro;Neutro;Negativo
p3tWecdS3xE;44 Gatos | Ratos Vs Gatos: Amigos... ou inimigos?;"""não existem ratos gigantes você sabe eles são minúsculos""";Início;https://www.youtube.com/watch?v=p3tWecdS3xE;Positivo;Positivo;Positivo;Positivo;Positivo
S0Ciua_z4OE;É hora de festejar com o Bingo! 🎶💃🧡 | Bingo Português Brasil - Canal Oficial;"""a lila parou e andou bem""";Início;https://www.youtube.com/watch?v=S0Ciua_z4OE;Positivo;Positivo;Positivo;Positivo;Positivo
kPn7VllMapI;Peppa Pig Português Brasil ⭐️ Vários Episódios Completos ⭐️ Pepa Ping Ping ⭐️ Desenhos Animados;se você botar o dente debaixo de seu travesseiro esta noite;Fim;https://www.youtube.com/watch?v=kPn7VllMapI;Neutro;Neutro;Neutro;Neutro;Neutro
HmpiiNG6SQA;A LISTA DOS MAIS BONITOS EM SOUTH PARK #southpark;Ok nossa missão falhou.;Meio;https://www.youtube.com/shorts/HmpiiNG6SQA;Neutro;Neutro;Neutro;Neutro;Neutro
hYZvoyPLFRk;Passeio Infinito na Escada Rolante ⬆️ Peppa Pig Português Brasil | 30 min;"""não desista nós vamos conseguir""";Início;https://www.youtube.com/watch?v=hYZvoyPLFRk;Neutro;Neutro;Neutro;Neutro;Neutro
cqryXNQUew8;Desenho Educativo Infantil - 24 Minutos de Historinhas da Sara!!! Em Português Completo;"""Eu só queria brincar mas não foi divertido vovô minha coceira só aumentou""";Meio;https://www.youtube.com/watch?v=cqryXNQUew8;Positivo;Positivo;Negativo;Positivo;Positivo
BfFBPWo7SbU;SONIC X | episódio 24 - Aponte Para Ele! O Navio Afundado No Sul (Dublado);"""esperar no topo da colina com uma roda especial""";Meio;https://www.youtube.com/watch?v=BfFBPWo7SbU;Neutro;Neutro;Neutro;Neutro;Neutro
qt1Qt7eMTYk;Dia da Gincana... Detetive Labrador (História: Ligações Falsas);estamos bloqueados temos que ir atrás do anel agora papabilão o equipamento de mergulho;Meio;https://www.youtube.com/watch?v=qt1Qt7eMTYk;Neutro;Neutro;Neutro;Neutro;Neutro
SrpHLLNoIMM;Bob Esponja ESTILOSO por 60 Minutos Seguidos 🔥 | Bob Esponja em Português;"""parece que as pessoas estão notando como você ficou bonitão""";Início;https://www.youtube.com/watch?v=SrpHLLNoIMM;Neutro;Neutro;Neutro;Neutro;Neutro
qV0Nrut-T9c;9 Lições de vida em Bojack Horseman;bojack horsemann é um balde de água fria mesmo no gênero das animações adultas porque além de apenas divertir com piadas ácidas e humor manejado consegue também e de forma particularmente delicada tocar em questões íntimas importantes para a geração Millenium.;Início;https://www.youtube.com/watch?v=qV0Nrut-T9c;Neutro;Neutro;Neutro;Neutro;Neutro
7QaVz97-ejE;SOBREVIVI de BEBÊ até IMORTAL no Minecraft;"""Eu nasci e eu tô num berço de bebê""";Início;https://www.youtube.com/watch?v=7QaVz97-ejE;Neutro;Neutro;Neutro;Neutro;Neutro
-TCnAM_PvEw;Peppa Pig... Compilation 14 (História: Lavando Roupa);puxa o vestido vermelho da Peppa fez as roupas brancas ficarem rosa;Meio;https://www.youtube.com/watch?v=-TCnAM_PvEw;Negativo;Negativo;Negativo;Negativo;Negativo
l8rr0QZqYRs;A Caixa Mágica... Detetive Labrador (História: Piscina de Bolinhas);crianças quando brincarem na piscina de bolinhas precisamos mantê-la limpa;Fim;https://www.youtube.com/watch?v=l8rr0QZqYRs;Neutro;Neutro;Neutro;Neutro;Neutro
bHADH18n_Qg;🐶🦴 O MELHOR de Krypto, o Supercão! | Krypto the Superdog em Português 🇧🇷 | ‪@DCKidsBrasil‬;"""eu gostaria de convidá-lo para fazer parte do nosso grupo""";Meio;https://www.youtube.com/watch?v=bHADH18n_Qg;Neutro;Neutro;Neutro;Neutro;Neutro
yvCDV6Bh2d8;Desenho Infantil... 28 Minutos (História: Bolha de Sabão);adorei a ideia mas eu que vou furar ela porque o bolinho no vem do céu é meu;Meio;https://www.youtube.com/watch?v=yvCDV6Bh2d8;Positivo;Positivo;Positivo;Positivo;Positivo
5ZN0oh60lwk;BIG MOUTH DUBLADO: QUATRO CURIOSIDADES;4 curiosidade sobre a dublagem de peguei mal.;Início;https://www.youtube.com/watch?v=5ZN0oh60lwk;Neutro;Neutro;Neutro;Positivo;Neutro
yvCDV6Bh2d8;Desenho Infantil... 28 Minutos (História: Bolha de Sabão);então eu tenho uma ideia vamos fazer uma gincana e o vencedor fica com todas as cenouras;Fim;https://www.youtube.com/watch?v=yvCDV6Bh2d8;Positivo;Positivo;Positivo;Positivo;Positivo
HmpiiNG6SQA;A LISTA DOS MAIS BONITOS EM SOUTH PARK #southpark;então eles criam um plano infalível para pegar a lista.;Início;https://www.youtube.com/shorts/HmpiiNG6SQA;Neutro;Neutro;Neutro;Neutro;Neutro
Z4aLu4HnDLc;Preso na Lama! 🚗 Super Robô Ajuda Carros | Robofuse | Veículos de Emergência para Crianças;"""que jogo divertido muitos pontos para vocês""";Início;https://www.youtube.com/watch?v=Z4aLu4HnDLc;Positivo;Positivo;Positivo;Positivo;Positivo
9LM6TXghK_k;O MELHOR VÍDEO PARA APRENDER A LER - VOL 2 | + 40 MIN DE VÍDEOS PARA AJUDAR NA ALFABETIZAÇÃO;"""letra i de Lima e de ioiô e de iate""";Início;https://www.youtube.com/watch?v=9LM6TXghK_k;Neutro;Neutro;Neutro;Neutro;Neutro
BERLTuMKuJ8;Patrulha Canina | Missões da Torre de Observação da Patrulha Canina por 30 Minutos! | Nick Jr.;"""a patrulha canina é muito boa na parte de procurar""";Início;https://www.youtube.com/watch?v=BERLTuMKuJ8;Neutro;Neutro;Neutro;Neutro;Neutro
cqryXNQUew8;Desenho Educativo Infantil - 24 Minutos de Historinhas da Sara!!! Em Português Completo;"""Para começar vocês tem que achar o mapa dos ovinhos escondido lá no quintal""";Fim;https://www.youtube.com/watch?v=cqryXNQUew8;Neutro;Neutro;Neutro;Neutro;Neutro
Xc6TPar4KSc;Close Enough e Apenas um Show SÃO do MESMO UNIVERSO;Close Enough já desisti de fazer piada no meio do universo que apenas um show depois de três anos de espera Fimmente saiu.;Início;https://www.youtube.com/watch?v=Xc6TPar4KSc;Neutro;Neutro;Neutro;Neutro;Positivo
1j3zTuJiy0Q;Scooby-Doo Encontra um SUPER Amigo! | Scooby-Doo! em Português 🇧🇷 | ‪@WBKidsBrasil‬;"""o melhor amigo do superman""";Meio;https://www.youtube.com/watch?v=1j3zTuJiy0Q;Neutro;Neutro;Positivo;Neutro;Neutro
dDsH7HOndWA;Peppa Pig... Compilation 14 (História: Carro de Bombeiro);segura esse é o carro de governo da dona coelha traz papais a mãe cão por favor liga água;Meio;https://www.youtube.com/watch?v=dDsH7HOndWA;Neutro;Neutro;Neutro;Neutro;Neutro
doAenkESxww;He Man em Português DUBLADO | O Dia das Maquinas | Desenhos Animados;"""se utiliza para construir um computador""";Início;https://www.youtube.com/watch?v=doAenkESxww;Neutro;Neutro;Neutro;Neutro;Neutro
JMp71mLRJSQ;Desenho Infantil... 32 Minutos (História: Máquina de Doces);deixa comigo olha e esse botão vermelho José botão vermelho é só em casa de emergência;Meio;https://www.youtube.com/watch?v=JMp71mLRJSQ;Positivo;Positivo;Negativo;Positivo;Positivo
pEDR54o4HVc;COM QUANTOS ANOS VOCÊ DESCOBRIU ISSO??? #curiosidades #shorts #coelho;se você pegar o rabo dele e puxar mas por favor não faça isso da escolhinho em paz.;Meio;https://www.youtube.com/shorts/pEDR54o4HVc;Neutro;Neutro;Neutro;Neutro;Neutro
nIyr14PwxSE;Alex se demite | TRÊS ESPIÂS DEMAIS | Episódio 19, Temporada 1;"""ninguém é perfeito""";Início;https://www.youtube.com/watch?v=nIyr14PwxSE;Positivo;Positivo;Positivo;Positivo;Positivo
AMxOelWy0UQ;O amigo travesso de Obby no Roblox escorregou 😆🧱 | Canção Divertida para Crianças;"""voltei lá para cima com meus amigos""";Início;https://www.youtube.com/watch?v=AMxOelWy0UQ;Positivo;Positivo;Positivo;Positivo;Positivo
QI6ZQCh-Zrw;Para Onde Vai a Água? | Episódios Completos 🐵 George, o Curioso;"""assim todos teriam água outra vez""";Meio;https://www.youtube.com/watch?v=QI6ZQCh-Zrw;Neutro;Neutro;Neutro;Neutro;Neutro
UXl96yLXHHY;Mix Melhores Músicas Infantis Brasileira | músicas para bebês - looloo kids;"""for you my face the news oh oh come on""";Início;https://www.youtube.com/watch?v=UXl96yLXHHY&list=TLGGPhoa04DFYM4yMTAxMjAyNg;Neutro;Neutro;Neutro;Neutro;Neutro
hHn9djMGYL0;A humanidade poética de BoJack Horseman;bojaque feche os olhos e tirar as mãos do volante e um Claro intuito de tirar a própria vida porém acaba pisando no freio a tempo de se salvar.;Início;https://www.youtube.com/watch?v=hHn9djMGYL0;Neutro;Neutro;Neutro;Negativo;Neutro
4s6mSWpKeCM;A casa subterrânea! Peppa Pig (História: Armário de Brinquedos);uau o senhor zebra montou o armário Puxa vida como foi rápido Sim e eu consegui guardar todos os seus brinquedos;Fim;https://www.youtube.com/watch?v=4s6mSWpKeCM;Positivo;Positivo;Positivo;Positivo;Positivo
BERLTuMKuJ8;Patrulha Canina | Missões da Torre de Observação da Patrulha Canina por 30 Minutos! | Nick Jr.;"""a gente adora esconde-esconde""";Início;https://www.youtube.com/watch?v=BERLTuMKuJ8;Neutro;Neutro;Neutro;Neutro;Neutro
5ZN0oh60lwk;BIG MOUTH DUBLADO: QUATRO CURIOSIDADES;o desenho foi inspirado em várias séries vários filmes não é de cinema clássicos do cinema.;Meio;https://www.youtube.com/watch?v=5ZN0oh60lwk;Neutro;Neutro;Neutro;Neutro;Neutro
0nMmWgETnMY;Nem tudo nasce da semente? 🍌🍌 - O Show da Luna! Episódio Completo 03 | Primeira Temporada | Kids;E se a gente plantasse do lado do meu feijãozinho uma bananeira para o papai fazer um montão de banana split;Início;https://www.youtube.com/watch?v=0nMmWgETnMY;Neutro;Negativo;Neutro;Neutro;Neutro
7bz65MLVvms;Peppa Pig... Compilation 14 (História: Tosse de Pedro);ele está doente e não tem ninguém para cuidar dele estamos aqui para cuidar de um senhor;Fim;https://www.youtube.com/watch?v=7bz65MLVvms;Neutro;Neutro;Neutro;Neutro;Neutro
UXl96yLXHHY;Mix Melhores Músicas Infantis Brasileira | músicas para bebês - looloo kids;"""negro video together myself""";Início;https://www.youtube.com/watch?v=UXl96yLXHHY&list=TLGGPhoa04DFYM4yMTAxMjAyNg;Neutro;Neutro;Neutro;Neutro;Neutro
SAVH83QDUbc;A Falsa perfeição de Peanutbutter em BoJack Horseman;muitas vezes ele foi sim um cara narcisista foi um cara egoísta que não era capaz de compreender e ouvir verdadeiramente as pessoas que amava.;Meio;https://www.youtube.com/watch?v=SAVH83QDUbc;Neutro;Neutro;Neutro;Neutro;Neutro
KomCGixRjT8;Peppa Pig Português Brasil ⭐️ Vários Episódios Completos  ⭐️ Desenhos Animados;"""pesca o pato e ganha um ursinho gigante""";Início;https://www.youtube.com/watch?v=KomCGixRjT8;Neutro;Neutro;Neutro;Neutro;Neutro
4s6mSWpKeCM;A casa subterrânea! Peppa Pig (História: Armário de Brinquedos);não tive uma ideia bem melhor o té e o senhor dinossauro podem morar na cama de vocês;Fim;https://www.youtube.com/watch?v=4s6mSWpKeCM;Positivo;Positivo;Positivo;Positivo;Positivo
YggLBVSorVM;Um Filhote de Tucano Estava Fazendo Malabares 🐦🎪 | Canção Divertida para Bebês e Crianças;"""o filhote de tucano fazia malabarismos""";Início;https://www.youtube.com/watch?v=YggLBVSorVM;Neutro;Neutro;Neutro;Neutro;Neutro
4s6mSWpKeCM;A casa subterrânea! Peppa Pig (História: Armário de Brinquedos);a última coisa que você fez papai foi essa prateleira eu tenho muito orgulho dela mas papai ela é toda Solta;Início;https://www.youtube.com/watch?v=4s6mSWpKeCM;Positivo;Positivo;Positivo;Positivo;Positivo
kPn7VllMapI;Peppa Pig Português Brasil ⭐️ Vários Episódios Completos ⭐️ Pepa Ping Ping ⭐️ Desenhos Animados;você já decidiu só tem que escolher um brinquedo;Início;https://www.youtube.com/watch?v=kPn7VllMapI;Neutro;Neutro;Neutro;Neutro;Neutro
kAweJWwmZ2c;Bob Esponja cozinha tudo, menos hambúrguer de siri 🍳 | Nickelodeon em Português;"""adoraria trabalhar em seu estabelecimento""";Início;https://www.youtube.com/watch?v=kAweJWwmZ2c;Neutro;Neutro;Neutro;Neutro;Neutro
SrpHLLNoIMM;Bob Esponja ESTILOSO por 60 Minutos Seguidos 🔥 | Bob Esponja em Português;"""calça elegante para um jantar elegante""";Fim;https://www.youtube.com/watch?v=SrpHLLNoIMM;Neutro;Neutro;Neutro;Neutro;Neutro
1j3zTuJiy0Q;Scooby-Doo Encontra um SUPER Amigo! | Scooby-Doo! em Português 🇧🇷 | ‪@WBKidsBrasil‬;"""mandou muito bem crito""";Fim;https://www.youtube.com/watch?v=1j3zTuJiy0Q;Positivo;Positivo;Positivo;Positivo;Positivo
bHADH18n_Qg;🐶🦴 O MELHOR de Krypto, o Supercão! | Krypto the Superdog em Português 🇧🇷 | ‪@DCKidsBrasil‬;"""temos joias para recuperar""";Meio;https://www.youtube.com/watch?v=bHADH18n_Qg;Neutro;Neutro;Neutro;Neutro;Neutro
yvCDV6Bh2d8;Desenho Infantil... 28 Minutos (História: Bolha de Sabão);não tá dando certo eu desisto desistir se não está dando certo é porque precisamos de um plano melhor;Meio;https://www.youtube.com/watch?v=yvCDV6Bh2d8;Positivo;Positivo;Positivo;Positivo;Positivo
SAVH83QDUbc;A Falsa perfeição de Peanutbutter em BoJack Horseman;É interessante como até mesmo a aparência do Senor p passa essa mensagem de que ele é um cara legal que não poderia fazer nada de ruim.;Fim;https://www.youtube.com/watch?v=SAVH83QDUbc;Neutro;Negativo;Neutro;Neutro;Neutro
3CIPVQ4lRfo;BART VIROU AMANTE DA SHAUNA?! #simpsons #thesimpsons #shorts #homer #bart;O Salv vidas apita e Bart aproveita para fugir.;Meio;https://www.youtube.com/shorts/3CIPVQ4lRfo;Neutro;Neutro;Neutro;Neutro;Neutro
p3tWecdS3xE;44 Gatos | Ratos Vs Gatos: Amigos... ou inimigos?;"""ele é o rato motociclista mais rápido do mundo """;Fim;https://www.youtube.com/watch?v=p3tWecdS3xE;Positivo;Positivo;Positivo;Positivo;Negativo
yvCDV6Bh2d8;Desenho Infantil... 28 Minutos (História: Bolha de Sabão);não come o bolo está quente e combinamos de lavar a louça primeiro olha só a pia tá bom;Início;https://www.youtube.com/watch?v=yvCDV6Bh2d8;Positivo;Positivo;Positivo;Positivo;Positivo
l8rr0QZqYRs;A Caixa Mágica... Detetive Labrador (História: Piscina de Bolinhas);se fizermos isso podemos brincar e nos divertir com segurança;Fim;https://www.youtube.com/watch?v=l8rr0QZqYRs;Neutro;Neutro;Positivo;Neutro;Neutro
KMcR9YuIh0o;Pea Pea Explora El Desafío Del Baño Frío Y Caliente 🔥❄ Divertidos Dibujos Animados Para Niños;"""utiliza seus longos braços para tirar a banheira""";Início;https://www.youtube.com/watch?v=KMcR9YuIh0o;Neutro;Neutro;Neutro;Neutro;Neutro
BfFBPWo7SbU;SONIC X | episódio 24 - Aponte Para Ele! O Navio Afundado No Sul (Dublado);"""você precisa achar um novo jeito de ajudar os outros""";Meio;https://www.youtube.com/watch?v=BfFBPWo7SbU;Neutro;Neutro;Neutro;Neutro;Neutro
u-pb6XvMOgo;Experimentos de ciência para crianças com Maria Clara e JP!!! - ÁGUAS QUE ANDAM.;"Oi galerinha do YouTube tudo bem com vocês? """;Início;https://www.youtube.com/watch?v=u-pb6XvMOgo;Positivo;Positivo;Positivo;Positivo;Positivo
HthEOHxGJrg;Peppa Pig Português Brasil | Dias de brincadeira da Peppa | Desenhos Animados;"""só temos que seguir as pegadas no chão""";Meio;https://www.youtube.com/watch?v=HthEOHxGJrg;Neutro;Neutro;Neutro;Neutro;Neutro
5fx72a2ezys;A casa subterrânea! Peppa Pig (História: A Chave Perdida);hum Puxa vida o Papai Pig deixou a chave do carro cair pelo ralo;Início;https://www.youtube.com/watch?v=5fx72a2ezys;Neutro;Neutro;Neutro;Neutro;Neutro
l8rr0QZqYRs;A Caixa Mágica... Detetive Labrador (História: Piscina de Bolinhas);minha cara tá coçando que que é isso que coceira que coceira;Início;https://www.youtube.com/watch?v=l8rr0QZqYRs;Neutro;Neutro;Neutro;Negativo;Neutro
kPn7VllMapI;Peppa Pig Português Brasil ⭐️ Vários Episódios Completos ⭐️ Pepa Ping Ping ⭐️ Desenhos Animados;agora que juntamos o bastante podemos ir ao centro de reciclagem;Meio;https://www.youtube.com/watch?v=kPn7VllMapI;Neutro;Neutro;Neutro;Neutro;Neutro
frHYQ_1bFME;A casa subterrânea! Peppa Pig (História: O Bazar);Peppa Essa é sua antiga cadeira quê mas a dona coelha me cobrou bem Car el;Fim;https://www.youtube.com/watch?v=frHYQ_1bFME;Positivo;Positivo;Positivo;Positivo;Positivo
dDsH7HOndWA;Peppa Pig... Compilation 14 (História: Carro de Bombeiro);papai pig não deveria ligar para esse telefone ele é só pra emergência;Início;https://www.youtube.com/watch?v=dDsH7HOndWA;Neutro;Neutro;Neutro;Neutro;Negativo
kPn7VllMapI;Peppa Pig Português Brasil ⭐️ Vários Episódios Completos ⭐️ Pepa Ping Ping ⭐️ Desenhos Animados;este é o centro de reciclagem da dona coelha pepa;Fim;https://www.youtube.com/watch?v=kPn7VllMapI;Neutro;Negativo;Neutro;Neutro;Neutro
JMp71mLRJSQ;Desenho Infantil... 32 Minutos (História: Máquina de Doces);Mas isso é emergência eu quero mais docinhos Oba é tudo que eu queria José;Meio;https://www.youtube.com/watch?v=JMp71mLRJSQ;Positivo;Positivo;Neutro;Positivo;Positivo
HthEOHxGJrg;Peppa Pig Português Brasil | Dias de brincadeira da Peppa | Desenhos Animados;"""uma linda princesa e um bravo cavaleiro""";Início;https://www.youtube.com/watch?v=HthEOHxGJrg;Positivo;Positivo;Positivo;Neutro;Positivo
xr5KQQN7Big;Cenas do Hambúrguer de Siri | Parte 2 | Bob Esponja em Português;"""eu confio nos meus superpoderes""";Meio;https://www.youtube.com/watch?v=xr5KQQN7Big;Neutro;Neutro;Neutro;Neutro;Neutro
_MqImMufNaM;Spidey e Seus Amigos Espectaculares | EPISÓDIOS COMPLETOS | Vão, Dino-Webs, Vão! + Fantasma no Museu;"""precisa de ajuda isso seria o máximo""";Início;https://www.youtube.com/watch?v=_MqImMufNaM;Neutro;Neutro;Neutro;Neutro;Neutro
1znJVrkFFF4;Peppa Pig... Compilation 14 (História: O Barco do Vovô);eu vou ligar pra vovó pig ela pode ajudar o vovô bem e deixou seu telefone cair na água;Meio;https://www.youtube.com/watch?v=1znJVrkFFF4;Neutro;Neutro;Neutro;Neutro;Neutro
hYZvoyPLFRk;Passeio Infinito na Escada Rolante ⬆️ Peppa Pig Português Brasil | 30 min;"""estão fazendo o mesmo com seu brinquedo""";Meio;https://www.youtube.com/watch?v=hYZvoyPLFRk;Neutro;Neutro;Neutro;Neutro;Neutro
JMp71mLRJSQ;Desenho Infantil... 32 Minutos (História: Máquina de Doces);e eu eu também queria Ups Desculpa então isso quer dizer que vamos ter que fazer mais docinhos;Meio;https://www.youtube.com/watch?v=JMp71mLRJSQ;Positivo;Positivo;Positivo;Positivo;Positivo
BERLTuMKuJ8;Patrulha Canina | Missões da Torre de Observação da Patrulha Canina por 30 Minutos! | Nick Jr.;"""sempre que quiser ser encontrado é só latir por ajuda""";Início;https://www.youtube.com/watch?v=BERLTuMKuJ8;Neutro;Neutro;Neutro;Positivo;Neutro
0nMmWgETnMY;Nem tudo nasce da semente? 🍌🍌 - O Show da Luna! Episódio Completo 03 | Primeira Temporada | Kids;a gente não nasce da semente nascemos de um caule que fica aqui embaixo;Meio;https://www.youtube.com/watch?v=0nMmWgETnMY;Neutro;Neutro;Neutro;Neutro;Neutro
F1OZbKj4yoQ;A casa subterrânea! Peppa Pig (História: Reciclagem);agora que já juntamos o bastante podemos ir ao centro de reciclagem viva vamos lá;Meio;https://www.youtube.com/watch?v=F1OZbKj4yoQ;Positivo;Positivo;Positivo;Positivo;Positivo
hHn9djMGYL0;A humanidade poética de BoJack Horseman;a jornada de bojack horseman é a jornada da própria vida de altos e baixos não basta chegar no pico da montanha para magicamente mudar a vida é circular.;Meio;https://www.youtube.com/watch?v=hHn9djMGYL0;Neutro;Negativo;Neutro;Neutro;Neutro
QI6ZQCh-Zrw;Para Onde Vai a Água? | Episódios Completos 🐵 George, o Curioso;"""a caminhada foi ótima""";Fim;https://www.youtube.com/watch?v=QI6ZQCh-Zrw;Positivo;Positivo;Neutro;Positivo;Positivo
1j3zTuJiy0Q;Scooby-Doo Encontra um SUPER Amigo! | Scooby-Doo! em Português 🇧🇷 | ‪@WBKidsBrasil‬;"""um cachorro super herói de verdade""";Meio;https://www.youtube.com/watch?v=1j3zTuJiy0Q;Neutro;Neutro;Neutro;Neutro;Neutro
uOH9YS4ZcGI;A casa subterrânea! Peppa Pig (História: Engarrafamento);já é hora Estão atrasados como de costume Como vão as suas batatas;Meio;https://www.youtube.com/watch?v=uOH9YS4ZcGI;Neutro;Neutro;Neutro;Neutro;Neutro
FXdKwbOQce4;MARATONA MELHORES EPISÓDIOS... O Show da Luna! (História: Sol Verde);Parabéns muito bom bravo Amarelo com azul tá verde vermelha amarelo laranja azul e vermelho da roxo;Fim;https://www.youtube.com/watch?v=FXdKwbOQce4;Positivo;Positivo;Positivo;Positivo;Positivo
doAenkESxww;He Man em Português DUBLADO | O Dia das Maquinas | Desenhos Animados;"""cuidado com que esta facção""";Início;https://www.youtube.com/watch?v=doAenkESxww;Neutro;Positivo;Neutro;Neutro;Neutro
AMxOelWy0UQ;O amigo travesso de Obby no Roblox escorregou 😆🧱 | Canção Divertida para Crianças;"""papai tubarão sorriu ao ver o tesouro""";Fim;https://www.youtube.com/watch?v=AMxOelWy0UQ;Positivo;Positivo;Negativo;Positivo;Positivo
rSfK571WN4E;Os Backyardigans: A Grande Corrida - Ep.17;"""sejam bem vindos ao meu restaurante secreto""";Início;https://www.youtube.com/watch?v=rSfK571WN4E;Neutro;Neutro;Neutro;Neutro;Neutro
7bz65MLVvms;Peppa Pig... Compilation 14 (História: Tosse de Pedro);todos pegaram uma tosse do pedro muito bem chique em fila e abriu a boca;Meio;https://www.youtube.com/watch?v=7bz65MLVvms;Positivo;Positivo;Positivo;Neutro;Positivo
uOH9YS4ZcGI;A casa subterrânea! Peppa Pig (História: Engarrafamento);a Peppa e sua família estão presos no engarrafamento Olha que legal;Meio;https://www.youtube.com/watch?v=uOH9YS4ZcGI;Neutro;Neutro;Neutro;Neutro;Neutro
k7F5xiIOSpA;44 Gatos | O médico gatinho | Pilou tem medo do MÉDICO | Vídeo para crianças;"""O lampo pegou um resfriado """;Fim;https://www.youtube.com/watch?v=k7F5xiIOSpA;Neutro;Neutro;Neutro;Neutro;Neutro
hHn9djMGYL0;A humanidade poética de BoJack Horseman;bojaque possuía várias dessas crenças disfuncionais sendo que a maioria forem realizada pelas falas nesses vistas de sua mãe Beatriz.;Início;https://www.youtube.com/watch?v=hHn9djMGYL0;Neutro;Neutro;Neutro;Neutro;Neutro
p3tWecdS3xE;44 Gatos | Ratos Vs Gatos: Amigos... ou inimigos?;"""acho melhor esperar o papai ele já deve estar voltando """;Meio;https://www.youtube.com/watch?v=p3tWecdS3xE;Positivo;Positivo;Negativo;Positivo;Positivo
5ZN0oh60lwk;BIG MOUTH DUBLADO: QUATRO CURIOSIDADES;a mixagem é feita pela própria netflix lá nos estados unidos.;Fim;https://www.youtube.com/watch?v=5ZN0oh60lwk;Neutro;Neutro;Neutro;Neutro;Neutro
nIyr14PwxSE;Alex se demite | TRÊS ESPIÂS DEMAIS | Episódio 19, Temporada 1;"""estamos com pressa vamos meninas""";Fim;https://www.youtube.com/watch?v=nIyr14PwxSE;Neutro;Neutro;Neutro;Neutro;Neutro
BO6e7Gq1jWM;A filosofia presente no Fim de BoJack Horseman;se você quiser dar uma forcinha para o meu trabalho ao mesmo tempo que aprende coisas novas sobre filosofia eu vou deixar uns links aqui embaixo para livros maravilhosos que você pode comprar com desconto sendo que uma parte vai para mim.;Fim;https://www.youtube.com/watch?v=BO6e7Gq1jWM;Positivo;Positivo;Negativo;Positivo;Positivo
doAenkESxww;He Man em Português DUBLADO | O Dia das Maquinas | Desenhos Animados;"""conecta tu mente""";Meio;https://www.youtube.com/watch?v=doAenkESxww;Neutro;Neutro;Neutro;Neutro;Neutro
BERLTuMKuJ8;Patrulha Canina | Missões da Torre de Observação da Patrulha Canina por 30 Minutos! | Nick Jr.;"""esse é o melhor dia de todos vamos nos divertir""";Início;https://www.youtube.com/watch?v=BERLTuMKuJ8;Neutro;Neutro;Neutro;Neutro;Neutro
3yaIKm_WZFs;O susto! - Contação de Histórias infantis - Varal de Histórias;"""os beijos de hoje sim porque tem Beijos depois da história""";Fim;https://www.youtube.com/watch?v=3yaIKm_WZFs;Neutro;Neutro;Neutro;Neutro;Negativo
l8rr0QZqYRs;A Caixa Mágica... Detetive Labrador (História: Piscina de Bolinhas);Eles não estão nem tirando sapatos parece que não sabem como manter a piscina de bolinhas limpa;Meio;https://www.youtube.com/watch?v=l8rr0QZqYRs;Neutro;Neutro;Neutro;Neutro;Neutro
86lVTtWTLfc;O que é um diário? Peppa Pig (História: Espelhos);ótimo o George acha que há outro porquinho no banheiro é um espelho George;Início;https://www.youtube.com/watch?v=86lVTtWTLfc;Positivo;Negativo;Positivo;Positivo;Positivo
rSfK571WN4E;Os Backyardigans: A Grande Corrida - Ep.17;"""estamos indo ao cinema""";Início;https://www.youtube.com/watch?v=rSfK571WN4E;Neutro;Neutro;Neutro;Neutro;Neutro
nIyr14PwxSE;Alex se demite | TRÊS ESPIÂS DEMAIS | Episódio 19, Temporada 1;"""não fica tristinho em uma coisa que você vai adorar""";Início;https://www.youtube.com/watch?v=nIyr14PwxSE;Neutro;Neutro;Neutro;Neutro;Neutro
JWxjkWiH6Wc;BIG MOUTH - Mais um desenho pra adultos;o jordan pio que é diretor daquele filme geral ele faz a voz do fantasma do duke ellington.;Fim;https://www.youtube.com/watch?v=JWxjkWiH6Wc;Neutro;Neutro;Neutro;Neutro;Negativo
S78QxkZuUfQ;Episódio de Os Simpsons onde CRITICAM O BRASIL é Censurado #SHORTS;os dubladores brasileiros foram verdadeiros heróis e trocaram as falas do roteiro por conta própria.;Meio;https://www.youtube.com/shorts/S78QxkZuUfQ;Neutro;Neutro;Neutro;Neutro;Neutro
-TCnAM_PvEw;Peppa Pig... Compilation 14 (História: Lavando Roupa);puxa vida mamãe olha só nós espirramos lama na camisa de futebol do papai;Início;https://www.youtube.com/watch?v=-TCnAM_PvEw;Negativo;Negativo;Negativo;Negativo;Negativo
AsijPlOOkMM;O Show do Garfield 😺A Pizza perfeita🍕PARA CRIANÇAS | O Reino Series;"""ela é feita à mão e eu mesmo provo""";Meio;https://www.youtube.com/watch?v=AsijPlOOkMM;Neutro;Neutro;Neutro;Neutro;Neutro
1znJVrkFFF4;Peppa Pig... Compilation 14 (História: O Barco do Vovô);você poderia ajudá-lo mandando eu terei o maior prazer ouvir solve preciso de ajuda capitão;Meio;https://www.youtube.com/watch?v=1znJVrkFFF4;Neutro;Neutro;Positivo;Neutro;Neutro
KomCGixRjT8;Peppa Pig Português Brasil ⭐️ Vários Episódios Completos  ⭐️ Desenhos Animados;"""você precisa ser forte para ganhar o jogo""";Meio;https://www.youtube.com/watch?v=KomCGixRjT8;Neutro;Neutro;Neutro;Neutro;Neutro
frHYQ_1bFME;A casa subterrânea! Peppa Pig (História: O Bazar);Que tal esta cadeira está meio velha você po cortar em pedaços e usar como lenha;Meio;https://www.youtube.com/watch?v=frHYQ_1bFME;Positivo;Positivo;Positivo;Positivo;Positivo
5ZN0oh60lwk;BIG MOUTH DUBLADO: QUATRO CURIOSIDADES;o micro um dos organizadores idealizadores da série ele dublou vários personagens na série.;Início;https://www.youtube.com/watch?v=5ZN0oh60lwk;Neutro;Neutro;Neutro;Neutro;Neutro
qt1Qt7eMTYk;Dia da Gincana... Detetive Labrador (História: Ligações Falsas);esse é o super motor de mergulho uau estamos indo mais rápidos que os peixes;Meio;https://www.youtube.com/watch?v=qt1Qt7eMTYk;Neutro;Neutro;Neutro;Neutro;Neutro
u-pb6XvMOgo;Experimentos de ciência para crianças com Maria Clara e JP!!! - ÁGUAS QUE ANDAM.;"""Ai já tá já tá subindo ai meu Deus";Meio;https://www.youtube.com/watch?v=u-pb6XvMOgo;Positivo;Positivo;Positivo;Positivo;Positivo
SrpHLLNoIMM;Bob Esponja ESTILOSO por 60 Minutos Seguidos 🔥 | Bob Esponja em Português;"""vou preparar um jantar bem elegante para mim""";Fim;https://www.youtube.com/watch?v=SrpHLLNoIMM;Neutro;Neutro;Neutro;Neutro;Neutro
p3tWecdS3xE;44 Gatos | Ratos Vs Gatos: Amigos... ou inimigos?;"""aqueles gatos vieram salvar a gente """;Meio;https://www.youtube.com/watch?v=p3tWecdS3xE;Positivo;Positivo;Positivo;Positivo;Positivo
Zn1cVSlef1Y;Construye a número Dez cohete! 🚀 | DIY Artes e Manualidades para crianças | Numberblocks Português;"""Eu sou a dez, dez, mais uma vez, eu posso ser sete mais três, é a nossa vez, fazendo arco-íris"".";Início;https://youtu.be/Zn1cVSlef1Y?si=MOkk-nwXI8LkFH5I;Neutro;Neutro;Neutro;Neutro;Neutro
QI6ZQCh-Zrw;Para Onde Vai a Água? | Episódios Completos 🐵 George, o Curioso;"""ele é muito bom em trilhas""";Fim;https://www.youtube.com/watch?v=QI6ZQCh-Zrw;Neutro;Neutro;Neutro;Neutro;Neutro
_MqImMufNaM;Spidey e Seus Amigos Espectaculares | EPISÓDIOS COMPLETOS | Vão, Dino-Webs, Vão! + Fantasma no Museu;"""meus dino poderes estão misturados com seus poderes aranha""";Meio;https://www.youtube.com/watch?v=_MqImMufNaM;Neutro;Negativo;Neutro;Neutro;Neutro
x64zMoTFcb4;Ricky tem um pneu furado | Ricky Zoom Brasil | Desenhos Animados;"""eu sigo as linhas para dar o exemplo""";Fim;https://www.youtube.com/watch?v=x64zMoTFcb3;Neutro;Neutro;Neutro;Neutro;Neutro
BERLTuMKuJ8;Patrulha Canina | Missões da Torre de Observação da Patrulha Canina por 30 Minutos! | Nick Jr.;"""isso vai funcionar melhor""";Meio;https://www.youtube.com/watch?v=BERLTuMKuJ8;Neutro;Neutro;Neutro;Neutro;Neutro
3yaIKm_WZFs;O susto! - Contação de Histórias infantis - Varal de Histórias;"""O que será que tem dentro deste saco e que vai assustar um monte de bicho""";Início;https://www.youtube.com/watch?v=3yaIKm_WZFs;Neutro;Neutro;Neutro;Neutro;Negativo
hyy47h2fNn4;O Show do Garfield 😺 Treinamento radical | DESENHO INFANTIL🌈PORTUGUÊS do BRASIL;"""agora é hora de comer""";Meio;https://www.youtube.com/watch?v=hyy47h2fNn4;Neutro;Neutro;Neutro;Neutro;Neutro
FXdKwbOQce4;MARATONA MELHORES EPISÓDIOS... O Show da Luna! (História: Sol Verde);nasce o verde é isso mesmo vermelho com amarelo vira laranja Amarelo com azul vira verde;Fim;https://www.youtube.com/watch?v=FXdKwbOQce4;Neutro;Neutro;Neutro;Neutro;Neutro
HQIVWQh5zcw;Peppa Pig AO VIVO! (História: Amigo de Faz de Conta);o Léo não sabe pegar a bola sabe o que é é que ele não gosta de brincar disso;Início;https://www.youtube.com/watch?v=HQIVWQh5zcw;Neutro;Neutro;Neutro;Neutro;Neutro
yvCDV6Bh2d8;Desenho Infantil... 28 Minutos (História: Bolha de Sabão);agora já pode descer descer esse bolinho já tá frio faz muito tempo;Fim;https://www.youtube.com/watch?v=yvCDV6Bh2d8;Positivo;Negativo;Positivo;Positivo;Positivo
yvCDV6Bh2d8;Desenho Infantil... 28 Minutos (História: Bolha de Sabão);uau bolha de sabão José olha olha a bolha de sabão pegou seu bolinho;Início;https://www.youtube.com/watch?v=yvCDV6Bh2d8;Positivo;Positivo;Positivo;Positivo;Positivo
0nMmWgETnMY;Nem tudo nasce da semente? 🍌🍌 - O Show da Luna! Episódio Completo 03 | Primeira Temporada | Kids;Oi bananinhas Sou aluna a gente quer plantar uma bananeira como é que faz eu sou meio que mago;Meio;https://www.youtube.com/watch?v=0nMmWgETnMY;Neutro;Neutro;Neutro;Neutro;Neutro
UXl96yLXHHY;Mix Melhores Músicas Infantis Brasileira | músicas para bebês - looloo kids;"""oh yeah thank you delicious every day laughs""";Fim;https://www.youtube.com/watch?v=UXl96yLXHHY&list=TLGGPhoa04DFYM4yMTAxMjAyNg;Neutro;Positivo;Neutro;Neutro;Neutro
7QaVz97-ejE;SOBREVIVI de BEBÊ até IMORTAL no Minecraft;"""o meu nome vai ser cadres um portal Será que ele vai me fazer nascer""";Início;https://www.youtube.com/watch?v=7QaVz97-ejE;Neutro;Neutro;Neutro;Neutro;Neutro
hHn9djMGYL0;A humanidade poética de BoJack Horseman;a Persona nada mais é do que uma máscara psicológica com Fimidades específicas.;Meio;https://www.youtube.com/watch?v=hHn9djMGYL0;Neutro;Neutro;Neutro;Neutro;Neutro
0565ORPLgRQ;EPISÓDIOS DE DESENHOS QUE FORAM BANIDOS #shorts;apesar dos avisos da Coruja a Bete fica curiosa e decidiu subir a montanha para ver quem é esse velho.;Início;https://www.youtube.com/shorts/0565ORPLgRQ;Neutro;Neutro;Neutro;Neutro;Neutro
Z4aLu4HnDLc;Preso na Lama! 🚗 Super Robô Ajuda Carros | Robofuse | Veículos de Emergência para Crianças;"""o robô é o vencedor agora""";Meio;https://www.youtube.com/watch?v=Z4aLu4HnDLc;Positivo;Positivo;Positivo;Positivo;Positivo
0565ORPLgRQ;EPISÓDIOS DE DESENHOS QUE FORAM BANIDOS #shorts;no episódio de desenhos que foram banidos.;Início;https://www.youtube.com/shorts/0565ORPLgRQ;Neutro;Neutro;Neutro;Neutro;Neutro
bHADH18n_Qg;🐶🦴 O MELHOR de Krypto, o Supercão! | Krypto the Superdog em Português 🇧🇷 | ‪@DCKidsBrasil‬;"""por terem salvo o navio e as joias reais""";Fim;https://www.youtube.com/watch?v=bHADH18n_Qg;Neutro;Negativo;Neutro;Neutro;Neutro
bHADH18n_Qg;🐶🦴 O MELHOR de Krypto, o Supercão! | Krypto the Superdog em Português 🇧🇷 | ‪@DCKidsBrasil‬;"""eu vou salvar o navio""";Início;https://www.youtube.com/watch?v=bHADH18n_Qg;Neutro;Neutro;Neutro;Neutro;Neutro
5fx72a2ezys;A casa subterrânea! Peppa Pig (História: A Chave Perdida);o ralo é muito fundo para que servem os ralos os ralos levam a água da chuva para o mar;Meio;https://www.youtube.com/watch?v=5fx72a2ezys;Neutro;Neutro;Neutro;Neutro;Neutro
F1OZbKj4yoQ;A casa subterrânea! Peppa Pig (História: Reciclagem);é e o nosso carrinho também nos adora não é Peppa Pig;Fim;https://www.youtube.com/watch?v=F1OZbKj4yoQ;Positivo;Positivo;Positivo;Positivo;Positivo
86lVTtWTLfc;O que é um diário? Peppa Pig (História: Espelhos);a mamãe piga está pendurando um grande espelho na parede do banheiro;Início;https://www.youtube.com/watch?v=86lVTtWTLfc;Positivo;Positivo;Positivo;Negativo;Positivo
SErY7GNv1Hg;FUNK DO PATINHO - Cantinho Encantado | Música Infantil;"""vamos dançar cantar e dar risadinhas""";Fim;https://www.youtube.com/watch?v=SErY7GNv1Hg;Neutro;Neutro;Neutro;Neutro;Neutro
SErY7GNv1Hg;FUNK DO PATINHO - Cantinho Encantado | Música Infantil;"""lá vai o trenzinho no caminho""";Meio;https://www.youtube.com/watch?v=SErY7GNv1Hg;Neutro;Neutro;Neutro;Neutro;Neutro
u-pb6XvMOgo;Experimentos de ciência para crianças com Maria Clara e JP!!! - ÁGUAS QUE ANDAM.;"""Olha já está subindo que legal!";Meio;https://www.youtube.com/watch?v=u-pb6XvMOgo;Positivo;Positivo;Positivo;Positivo;Positivo
x64zMoTFcb4;Ricky tem um pneu furado | Ricky Zoom Brasil | Desenhos Animados;"""vocês também são fantásticos e incríveis""";Meio;https://www.youtube.com/watch?v=x64zMoTFcb3;Positivo;Positivo;Neutro;Positivo;Positivo
hYZvoyPLFRk;Passeio Infinito na Escada Rolante ⬆️ Peppa Pig Português Brasil | 30 min;"""primeiro precisamos encontrar uma lanchonete""";Início;https://www.youtube.com/watch?v=hYZvoyPLFRk;Neutro;Neutro;Neutro;Neutro;Neutro
JWxjkWiH6Wc;BIG MOUTH - Mais um desenho pra adultos;todo mundo passa pela puberdade só que quando você passa por ela você acha que tá sozinho nisso e ninguém quer conversar sobre.;Meio;https://www.youtube.com/watch?v=JWxjkWiH6Wc;Neutro;Neutro;Neutro;Neutro;Positivo
SErY7GNv1Hg;FUNK DO PATINHO - Cantinho Encantado | Música Infantil;"""roda roda igual peão""";Início;https://www.youtube.com/watch?v=SErY7GNv1Hg;Neutro;Neutro;Neutro;Neutro;Neutro
hYZvoyPLFRk;Passeio Infinito na Escada Rolante ⬆️ Peppa Pig Português Brasil | 30 min;"""o george ama a cidade pequenina""";Fim;https://www.youtube.com/watch?v=hYZvoyPLFRk;Neutro;Neutro;Neutro;Neutro;Neutro
frHYQ_1bFME;A casa subterrânea! Peppa Pig (História: O Bazar);olhem uma coisa acabei de comprar uma antiguidade Ah por favor papai isso não é antiguidade;Meio;https://www.youtube.com/watch?v=frHYQ_1bFME;Positivo;Positivo;Negativo;Positivo;Positivo
S78QxkZuUfQ;Episódio de Os Simpsons onde CRITICAM O BRASIL é Censurado #SHORTS;a Elisa então retruca depois do Brasil é mais que ficassem iguais vai marcar fora busão é até mais.;Meio;https://www.youtube.com/shorts/S78QxkZuUfQ;Neutro;Neutro;Neutro;Neutro;Neutro
SErY7GNv1Hg;FUNK DO PATINHO - Cantinho Encantado | Música Infantil;"""deliciosa ninguém esquece""";Fim;https://www.youtube.com/watch?v=SErY7GNv1Hg;Neutro;Neutro;Neutro;Positivo;Neutro
_MqImMufNaM;Spidey e Seus Amigos Espectaculares | EPISÓDIOS COMPLETOS | Vão, Dino-Webs, Vão! + Fantasma no Museu;"""o museu nunca foi assombrado por um fantasma""";Fim;https://www.youtube.com/watch?v=_MqImMufNaM;Neutro;Neutro;Neutro;Neutro;Neutro
cqryXNQUew8;Desenho Educativo Infantil - 24 Minutos de Historinhas da Sara!!! Em Português Completo;"""Será que eu posso ficar de repouso brincando de cola lá fora já já eu volto""";Meio;https://www.youtube.com/watch?v=cqryXNQUew8;Neutro;Neutro;Neutro;Neutro;Neutro
F1OZbKj4yoQ;A casa subterrânea! Peppa Pig (História: Reciclagem);o carro da Peppa desapareceu para trás a dona coelha está reciclando o carro da Peppa;Fim;https://www.youtube.com/watch?v=F1OZbKj4yoQ;Positivo;Positivo;Positivo;Positivo;Positivo
SrpHLLNoIMM;Bob Esponja ESTILOSO por 60 Minutos Seguidos 🔥 | Bob Esponja em Português;"""estrela do mar mágica que me permitia respirar embaixo da água""";Meio;https://www.youtube.com/watch?v=SrpHLLNoIMM;Neutro;Neutro;Neutro;Neutro;Neutro
YggLBVSorVM;Um Filhote de Tucano Estava Fazendo Malabares 🐦🎪 | Canção Divertida para Bebês e Crianças;"""a borboletinha flutuava passando pelo portão do jardim""";Início;https://www.youtube.com/watch?v=YggLBVSorVM;Neutro;Neutro;Neutro;Neutro;Neutro
4s6mSWpKeCM;A casa subterrânea! Peppa Pig (História: Armário de Brinquedos);é esta mesmo precisamos de um armário para brinquedos sim amanhã eu posso fazer um;Início;https://www.youtube.com/watch?v=4s6mSWpKeCM;Positivo;Positivo;Positivo;Positivo;Positivo
hYZvoyPLFRk;Passeio Infinito na Escada Rolante ⬆️ Peppa Pig Português Brasil | 30 min;"""podemos consertar isso todos juntos""";Meio;https://www.youtube.com/watch?v=hYZvoyPLFRk;Neutro;Neutro;Neutro;Neutro;Neutro
KMcR9YuIh0o;Pea Pea Explora El Desafío Del Baño Frío Y Caliente 🔥❄ Divertidos Dibujos Animados Para Niños;"""dentro da habitação quente faz muito calor""";Início;https://www.youtube.com/watch?v=KMcR9YuIh0o;Neutro;Neutro;Neutro;Neutro;Neutro
JWxjkWiH6Wc;BIG MOUTH - Mais um desenho pra adultos;eles estão passando por esse momento único e tenebroso que é a puberdade.;Início;https://www.youtube.com/watch?v=JWxjkWiH6Wc;Neutro;Neutro;Neutro;Neutro;Neutro
4s6mSWpKeCM;A casa subterrânea! Peppa Pig (História: Armário de Brinquedos);O que é um armário para brinquedos Ah ele parece meio achatado é você tem que montá-lo;Meio;https://www.youtube.com/watch?v=4s6mSWpKeCM;Positivo;Positivo;Positivo;Positivo;Negativo
hyy47h2fNn4;O Show do Garfield 😺 Treinamento radical | DESENHO INFANTIL🌈PORTUGUÊS do BRASIL;"""a sua comida está aqui""";Meio;https://www.youtube.com/watch?v=hyy47h2fNn4;Neutro;Neutro;Neutro;Neutro;Neutro
F1OZbKj4yoQ;A casa subterrânea! Peppa Pig (História: Reciclagem);o que a dona coelha tá fazendo ela está reciclando os carros velhos e enferrujados;Meio;https://www.youtube.com/watch?v=F1OZbKj4yoQ;Positivo;Positivo;Positivo;Negativo;Positivo
l8rr0QZqYRs;A Caixa Mágica... Detetive Labrador (História: Piscina de Bolinhas);mas todos eles pegaram ao mesmo tempo hum Por acaso eles estavam no mesmo lugar;Meio;https://www.youtube.com/watch?v=l8rr0QZqYRs;Neutro;Negativo;Neutro;Neutro;Neutro
_7XBFxFXMRQ;Desenhos Assustadores Feitos Por Crianças Pt.1 - #Shorts 📝👹😱;o primeiro Vamos começar com essa imagem feita por uma menina de apenas quatro anos e no texto de melhores amigos.;Início;https://www.youtube.com/shorts/_7XBFxFXMRQ;Neutro;Neutro;Neutro;Neutro;Positivo
4s6mSWpKeCM;A casa subterrânea! Peppa Pig (História: Armário de Brinquedos);agora vamos montar o armário sim que estranho não tem instruções Talvez seja tão fácil de montar;Meio;https://www.youtube.com/watch?v=4s6mSWpKeCM;Positivo;Positivo;Positivo;Positivo;Positivo
kAweJWwmZ2c;Bob Esponja cozinha tudo, menos hambúrguer de siri 🍳 | Nickelodeon em Português;"""prepare-se ajudante hora de grelhar""";Fim;https://www.youtube.com/watch?v=kAweJWwmZ2c;Neutro;Neutro;Positivo;Neutro;Neutro
9LM6TXghK_k;O MELHOR VÍDEO PARA APRENDER A LER - VOL 2 | + 40 MIN DE VÍDEOS PARA AJUDAR NA ALFABETIZAÇÃO;"""limão Oi nie mam mam Capitão comigo o irmão""";Meio;https://www.youtube.com/watch?v=9LM6TXghK_k;Neutro;Neutro;Neutro;Neutro;Neutro
86lVTtWTLfc;O que é um diário? Peppa Pig (História: Espelhos);eu sei onde tem alguns espelhos realmente engraçados sério espelhos trêmulos;Meio;https://www.youtube.com/watch?v=86lVTtWTLfc;Positivo;Positivo;Positivo;Positivo;Positivo
3CIPVQ4lRfo;BART VIROU AMANTE DA SHAUNA?! #simpsons #thesimpsons #shorts #homer #bart;O Cordeiro voltou para o matadouro.;Fim;https://www.youtube.com/shorts/3CIPVQ4lRfo;Neutro;Neutro;Neutro;Neutro;Neutro
1j3zTuJiy0Q;Scooby-Doo Encontra um SUPER Amigo! | Scooby-Doo! em Português 🇧🇷 | ‪@WBKidsBrasil‬;"""no final das contas não havia mistério nenhum""";Fim;https://www.youtube.com/watch?v=1j3zTuJiy0Q;Neutro;Neutro;Neutro;Neutro;Neutro
4s6mSWpKeCM;A casa subterrânea! Peppa Pig (História: Armário de Brinquedos);hum as instruções parecem muito complicadas não adianta isso é bobagem pode deixar comigo Papai Pig;Fim;https://www.youtube.com/watch?v=4s6mSWpKeCM;Positivo;Positivo;Positivo;Positivo;Positivo
xr5KQQN7Big;Cenas do Hambúrguer de Siri | Parte 2 | Bob Esponja em Português;"""um hambúrguer de siri perfeito""";Fim;https://www.youtube.com/watch?v=xr5KQQN7Big;Positivo;Positivo;Negativo;Positivo;Positivo
hyy47h2fNn4;O Show do Garfield 😺 Treinamento radical | DESENHO INFANTIL🌈PORTUGUÊS do BRASIL;"""eu me especializei em ensinar os animais a obedecerem""";Início;https://www.youtube.com/watch?v=hyy47h2fNn4;Neutro;Neutro;Neutro;Neutro;Neutro
nIyr14PwxSE;Alex se demite | TRÊS ESPIÂS DEMAIS | Episódio 19, Temporada 1;"""nós somos boa atlético e tão rápidas""";Início;https://www.youtube.com/watch?v=nIyr14PwxSE;Neutro;Neutro;Neutro;Neutro;Neutro
5fx72a2ezys;A casa subterrânea! Peppa Pig (História: A Chave Perdida);fácil Vamos escavar a estrada Viva o Senor to está escavando a beleza local;Fim;https://www.youtube.com/watch?v=5fx72a2ezys;Neutro;Neutro;Neutro;Neutro;Neutro
7bz65MLVvms;Peppa Pig... Compilation 14 (História: Tosse de Pedro);a biblioteca é hora de dormir uma noite pepa boa noite jorge;Fim;https://www.youtube.com/watch?v=7bz65MLVvms;Neutro;Neutro;Neutro;Neutro;Neutro
hHn9djMGYL0;A humanidade poética de BoJack Horseman;ao contrário da Persona a sombra inconsciente ela nada mais é do que a contra pessoa de um indivíduo o eu renegado que só se manifesta em determinadas ocasiões.;Meio;https://www.youtube.com/watch?v=hHn9djMGYL0;Neutro;Neutro;Neutro;Neutro;Positivo
hYZvoyPLFRk;Passeio Infinito na Escada Rolante ⬆️ Peppa Pig Português Brasil | 30 min;"""a gente adora brincar de esconde esconde""";Fim;https://www.youtube.com/watch?v=hYZvoyPLFRk;Neutro;Neutro;Positivo;Neutro;Neutro
S78QxkZuUfQ;Episódio de Os Simpsons onde CRITICAM O BRASIL é Censurado #SHORTS;barra de pergunta e o Brasil isso claro fazendo referência a primeira vez que os Simpsons vieram aqui no Brasil.;Início;https://www.youtube.com/shorts/S78QxkZuUfQ;Neutro;Neutro;Neutro;Neutro;Neutro
BERLTuMKuJ8;Patrulha Canina | Missões da Torre de Observação da Patrulha Canina por 30 Minutos! | Nick Jr.;"""eu vou consertar tudo com fita isolante""";Meio;https://www.youtube.com/watch?v=BERLTuMKuJ8;Neutro;Neutro;Neutro;Neutro;Neutro
kPn7VllMapI;Peppa Pig Português Brasil ⭐️ Vários Episódios Completos ⭐️ Pepa Ping Ping ⭐️ Desenhos Animados;porque não se olha no espelho;Fim;https://www.youtube.com/watch?v=kPn7VllMapI;Neutro;Neutro;Neutro;Neutro;Neutro
S0Ciua_z4OE;É hora de festejar com o Bingo! 🎶💃🧡 | Bingo Português Brasil - Canal Oficial;"""eu sei tocar guitarra""";Meio;https://www.youtube.com/watch?v=S0Ciua_z4OE;Positivo;Positivo;Neutro;Positivo;Positivo
bHADH18n_Qg;🐶🦴 O MELHOR de Krypto, o Supercão! | Krypto the Superdog em Português 🇧🇷 | ‪@DCKidsBrasil‬;"""é muito bom ver você outra vez amigão""";Meio;https://www.youtube.com/watch?v=bHADH18n_Qg;Neutro;Neutro;Neutro;Neutro;Neutro
3yaIKm_WZFs;O susto! - Contação de Histórias infantis - Varal de Histórias;"""o pato viu o saco o saco fez um barulho e assustou o pato""";Início;https://www.youtube.com/watch?v=3yaIKm_WZFs;Neutro;Neutro;Neutro;Positivo;Neutro
k7F5xiIOSpA;44 Gatos | O médico gatinho | Pilou tem medo do MÉDICO | Vídeo para crianças;"""Você tinha razão mimi ele caiu sozinho """;Fim;https://www.youtube.com/watch?v=k7F5xiIOSpA;Neutro;Neutro;Neutro;Neutro;Neutro
7bz65MLVvms;Peppa Pig... Compilation 14 (História: Tosse de Pedro);mas é só torcedor pedro pode ser contagiosa o que quer de ser contagiosa;Início;https://www.youtube.com/watch?v=7bz65MLVvms;Neutro;Neutro;Negativo;Neutro;Neutro
3CIPVQ4lRfo;BART VIROU AMANTE DA SHAUNA?! #simpsons #thesimpsons #shorts #homer #bart;Tudo bem pai ele só tá testando o meu temor a Deus.;Fim;https://www.youtube.com/shorts/3CIPVQ4lRfo;Neutro;Neutro;Neutro;Neutro;Neutro
nIyr14PwxSE;Alex se demite | TRÊS ESPIÂS DEMAIS | Episódio 19, Temporada 1;"""seu treinamento está completo""";Fim;https://www.youtube.com/watch?v=nIyr14PwxSE;Neutro;Neutro;Neutro;Neutro;Neutro
AMxOelWy0UQ;O amigo travesso de Obby no Roblox escorregou 😆🧱 | Canção Divertida para Crianças;"""os amigos aplaudiram o corajoso amiguinho""";Início;https://www.youtube.com/watch?v=AMxOelWy0UQ;Positivo;Positivo;Positivo;Positivo;Positivo
QI6ZQCh-Zrw;Para Onde Vai a Água? | Episódios Completos 🐵 George, o Curioso;"""george precisava de novos brinquedos para a banheira""";Início;https://www.youtube.com/watch?v=QI6ZQCh-Zrw;Neutro;Neutro;Negativo;Neutro;Neutro
BfFBPWo7SbU;SONIC X | episódio 24 - Aponte Para Ele! O Navio Afundado No Sul (Dublado);"""eu me sinto bem melhor obrigado""";Fim;https://www.youtube.com/watch?v=BfFBPWo7SbU;Positivo;Positivo;Positivo;Positivo;Positivo
_MqImMufNaM;Spidey e Seus Amigos Espectaculares | EPISÓDIOS COMPLETOS | Vão, Dino-Webs, Vão! + Fantasma no Museu;"""equipe aranha em ação na floresta""";Início;https://www.youtube.com/watch?v=_MqImMufNaM;Neutro;Neutro;Neutro;Neutro;Neutro
86lVTtWTLfc;O que é um diário? Peppa Pig (História: Espelhos);Onde estão esses espelhos trêmulos na feira os pais trouxeram as crianças à feira;Meio;https://www.youtube.com/watch?v=86lVTtWTLfc;Positivo;Positivo;Positivo;Positivo;Positivo
doAenkESxww;He Man em Português DUBLADO | O Dia das Maquinas | Desenhos Animados;"""não deve desanimar deve ser assunto sempre""";Início;https://www.youtube.com/watch?v=doAenkESxww;Neutro;Neutro;Neutro;Neutro;Neutro
hyy47h2fNn4;O Show do Garfield 😺 Treinamento radical | DESENHO INFANTIL🌈PORTUGUÊS do BRASIL;"""o doutor não conseguiu me mudar""";Fim;https://www.youtube.com/watch?v=hyy47h2fNn4;Neutro;Neutro;Neutro;Neutro;Neutro
FXdKwbOQce4;MARATONA MELHORES EPISÓDIOS... O Show da Luna! (História: Sol Verde);já sei vamos fazer de conta que a gente estava dentro do meu desenho e daí a gente perguntava para o sol;Meio;https://www.youtube.com/watch?v=FXdKwbOQce4;Neutro;Neutro;Neutro;Neutro;Neutro
dDsH7HOndWA;Peppa Pig... Compilation 14 (História: Carro de Bombeiro);olá papai pig esse telefone só é para ser usado quando tiver um médio;Meio;https://www.youtube.com/watch?v=dDsH7HOndWA;Neutro;Neutro;Neutro;Neutro;Neutro
AMxOelWy0UQ;O amigo travesso de Obby no Roblox escorregou 😆🧱 | Canção Divertida para Crianças;"""a competição continua e a tendência não tem fim""";Início;https://www.youtube.com/watch?v=AMxOelWy0UQ;Positivo;Positivo;Positivo;Positivo;Positivo
-TCnAM_PvEw;Peppa Pig... Compilation 14 (História: Lavando Roupa);desculpa papai mas eu não posso usar uma camisa de futebol rosa por que não papai rosa é uma cor muito linda;Meio;https://www.youtube.com/watch?v=-TCnAM_PvEw;Negativo;Negativo;Negativo;Negativo;Negativo
-TCnAM_PvEw;Peppa Pig... Compilation 14 (História: Lavando Roupa);todos adoram jogar futebol em especial o futebol na lama;Fim;https://www.youtube.com/watch?v=-TCnAM_PvEw;Negativo;Negativo;Negativo;Negativo;Negativo
-hgCtotSucs;Dora seguiu um rastro de conchas brilhantes 🐚✨ | Canção divertida para crianças;"""nada está escondido agora""";Fim;https://www.youtube.com/watch?v=-hgCtotSucs;Positivo;Positivo;Positivo;Neutro;Positivo
BfFBPWo7SbU;SONIC X | episódio 24 - Aponte Para Ele! O Navio Afundado No Sul (Dublado);"""o campo de força magnético está agindo""";Fim;https://www.youtube.com/watch?v=BfFBPWo7SbU;Neutro;Negativo;Neutro;Neutro;Neutro
Xc6TPar4KSc;Close Enough e Apenas um Show SÃO do MESMO UNIVERSO;agora a gente continua se muita coisa mas agora com um tweet black swan desculpa coloco no seu dia e todos os vídeos confirmou que o show vai sair.;Fim;https://www.youtube.com/watch?v=Xc6TPar4KSc;Neutro;Neutro;Neutro;Neutro;Neutro
JWxjkWiH6Wc;BIG MOUTH - Mais um desenho pra adultos;os criadores da série sonic crohn e onde jogou beijos que é escritor e produtor de tv ligar ea história baseado na amizade dele.;Início;https://www.youtube.com/watch?v=JWxjkWiH6Wc;Neutro;Neutro;Neutro;Neutro;Neutro
bHADH18n_Qg;🐶🦴 O MELHOR de Krypto, o Supercão! | Krypto the Superdog em Português 🇧🇷 | ‪@DCKidsBrasil‬;"""ele parece o Cripto mas não é""";Início;https://www.youtube.com/watch?v=bHADH18n_Qg;Neutro;Neutro;Neutro;Neutro;Neutro
S0Ciua_z4OE;É hora de festejar com o Bingo! 🎶💃🧡 | Bingo Português Brasil - Canal Oficial;"""eu amo essa brincadeira""";Início;https://www.youtube.com/watch?v=S0Ciua_z4OE;Positivo;Positivo;Positivo;Positivo;Positivo
bHADH18n_Qg;🐶🦴 O MELHOR de Krypto, o Supercão! | Krypto the Superdog em Português 🇧🇷 | ‪@DCKidsBrasil‬;"""é o super cão""";Início;https://www.youtube.com/watch?v=bHADH18n_Qg;Neutro;Neutro;Neutro;Positivo;Neutro
SAVH83QDUbc;A Falsa perfeição de Peanutbutter em BoJack Horseman;a Diane já tinha dito várias e várias vezes que não curtia esses gestos grandiosos mesmo assim no aniversário dela o mesmo apr presenteou com uma festa enorme que era o que ele gostaria de receber.;Meio;https://www.youtube.com/watch?v=SAVH83QDUbc;Neutro;Neutro;Neutro;Neutro;Neutro
p3tWecdS3xE;44 Gatos | Ratos Vs Gatos: Amigos... ou inimigos?;"""o vencedor é Cats""";Fim;https://www.youtube.com/watch?v=p3tWecdS3xE;Positivo;Positivo;Positivo;Positivo;Positivo
HthEOHxGJrg;Peppa Pig Português Brasil | Dias de brincadeira da Peppa | Desenhos Animados;"""o papai é perito em contar histórias para dormir""";Início;https://www.youtube.com/watch?v=HthEOHxGJrg;Neutro;Neutro;Negativo;Neutro;Neutro
nIyr14PwxSE;Alex se demite | TRÊS ESPIÂS DEMAIS | Episódio 19, Temporada 1;"""não se preocupe a upe vai pegar lá""";Início;https://www.youtube.com/watch?v=nIyr14PwxSE;Neutro;Neutro;Neutro;Neutro;Neutro
KomCGixRjT8;Peppa Pig Português Brasil ⭐️ Vários Episódios Completos  ⭐️ Desenhos Animados;"""o barco do vovô pig chegou ao destino""";Fim;https://www.youtube.com/watch?v=KomCGixRjT8;Neutro;Neutro;Neutro;Neutro;Neutro
1znJVrkFFF4;Peppa Pig... Compilation 14 (História: O Barco do Vovô);talvez gostaria do meu velho barco enferrujado para salvar você sem por favor;Fim;https://www.youtube.com/watch?v=1znJVrkFFF4;Neutro;Neutro;Neutro;Neutro;Neutro
k7F5xiIOSpA;44 Gatos | O médico gatinho | Pilou tem medo do MÉDICO | Vídeo para crianças;"""Qual é o sabor de sorvete mais gelado do dia """;Meio;https://www.youtube.com/watch?v=k7F5xiIOSpA;Neutro;Neutro;Neutro;Neutro;Neutro
l8rr0QZqYRs;A Caixa Mágica... Detetive Labrador (História: Piscina de Bolinhas);Olha lá as crianças estão comendo dentro da piscina de bolinhas e estão jogando lixo lá dentro;Meio;https://www.youtube.com/watch?v=l8rr0QZqYRs;Neutro;Neutro;Neutro;Neutro;Neutro
YggLBVSorVM;Um Filhote de Tucano Estava Fazendo Malabares 🐦🎪 | Canção Divertida para Bebês e Crianças;"""doces escondidos trazem alegria e prazer""";Fim;https://www.youtube.com/watch?v=YggLBVSorVM;Neutro;Neutro;Neutro;Neutro;Neutro
frHYQ_1bFME;A casa subterrânea! Peppa Pig (História: O Bazar);todo mundo terá que trazer alguma coisa para o nosso bazar;Início;https://www.youtube.com/watch?v=frHYQ_1bFME;Positivo;Positivo;Positivo;Positivo;Positivo
FXdKwbOQce4;MARATONA MELHORES EPISÓDIOS... O Show da Luna! (História: Sol Verde);é isso o amarelo quando se mistura com azul fica verde isso é muito maluco;Meio;https://www.youtube.com/watch?v=FXdKwbOQce4;Neutro;Neutro;Neutro;Neutro;Neutro
_7XBFxFXMRQ;Desenhos Assustadores Feitos Por Crianças Pt.1 - #Shorts 📝👹😱;agora o que você faria se chegasse em casa e sua filha tivesse esse desenho e dissesse que aquele monstro segue ela todos os dias mesmo que você não possa vê-lo.;Início;https://www.youtube.com/shorts/_7XBFxFXMRQ;Neutro;Neutro;Neutro;Neutro;Neutro
0xWSgd5y-gQ;A Verdadeira Inspiração por Trás do Butters em South Park;e o culpado ou a inspiração é o diretor de animação Eric stalf.;Início;https://www.youtube.com/watch?v=0xWSgd5y-gQ;Neutro;Neutro;Neutro;Negativo;Neutro
BERLTuMKuJ8;Patrulha Canina | Missões da Torre de Observação da Patrulha Canina por 30 Minutos! | Nick Jr.;"""agora eu preciso que fique isso no lugar""";Meio;https://www.youtube.com/watch?v=BERLTuMKuJ8;Neutro;Neutro;Neutro;Neutro;Positivo
5fx72a2ezys;A casa subterrânea! Peppa Pig (História: A Chave Perdida);não se preocupe eu vou tirar a chave do ralo com uma vara viva;Início;https://www.youtube.com/watch?v=5fx72a2ezys;Neutro;Neutro;Neutro;Negativo;Neutro
1znJVrkFFF4;Peppa Pig... Compilation 14 (História: O Barco do Vovô);o vovô cão é o melhor amigo do vôo pig a deus eu sou um grande capital desse barco;Início;https://www.youtube.com/watch?v=1znJVrkFFF4;Neutro;Neutro;Neutro;Neutro;Neutro
hYZvoyPLFRk;Passeio Infinito na Escada Rolante ⬆️ Peppa Pig Português Brasil | 30 min;"""lanchinhos comprados e agora livros""";Início;https://www.youtube.com/watch?v=hYZvoyPLFRk;Neutro;Neutro;Neutro;Neutro;Neutro
dDsH7HOndWA;Peppa Pig... Compilation 14 (História: Carro de Bombeiro);a burrinha Delfine alô Papai Pig falando ah o telefone está estranho;Fim;https://www.youtube.com/watch?v=dDsH7HOndWA;Neutro;Neutro;Neutro;Neutro;Neutro
F1OZbKj4yoQ;A casa subterrânea! Peppa Pig (História: Reciclagem);Este é o centro de reciclagem da dona coelha chegamos viva Olá pessoal;Meio;https://www.youtube.com/watch?v=F1OZbKj4yoQ;Positivo;Positivo;Positivo;Positivo;Negativo
0565ORPLgRQ;EPISÓDIOS DE DESENHOS QUE FORAM BANIDOS #shorts;nesse Episódio de Betty Boop d1933 a Beth vai visitar um Vilarejo nas montanhas.;Início;https://www.youtube.com/shorts/0565ORPLgRQ;Neutro;Neutro;Neutro;Negativo;Neutro
HthEOHxGJrg;Peppa Pig Português Brasil | Dias de brincadeira da Peppa | Desenhos Animados;"""o george caminhou para o fim do mundo""";Meio;https://www.youtube.com/watch?v=HthEOHxGJrg;Neutro;Neutro;Positivo;Neutro;Neutro
BERLTuMKuJ8;Patrulha Canina | Missões da Torre de Observação da Patrulha Canina por 30 Minutos! | Nick Jr.;"""bom trabalho turma conseguiram""";Início;https://www.youtube.com/watch?v=BERLTuMKuJ8;Neutro;Neutro;Neutro;Neutro;Neutro
4s6mSWpKeCM;A casa subterrânea! Peppa Pig (História: Armário de Brinquedos);é aqui que eles moram depressa guardem os brinquedos na cesta de brinquedos a cesta tá cheia demais papai;Início;https://www.youtube.com/watch?v=4s6mSWpKeCM;Positivo;Negativo;Positivo;Positivo;Positivo
hyy47h2fNn4;O Show do Garfield 😺 Treinamento radical | DESENHO INFANTIL🌈PORTUGUÊS do BRASIL;"""isso era tudo que tinha na minha lista de tarefas de hoje""";Início;https://www.youtube.com/watch?v=hyy47h2fNn4;Neutro;Positivo;Neutro;Neutro;Neutro
_MqImMufNaM;Spidey e Seus Amigos Espectaculares | EPISÓDIOS COMPLETOS | Vão, Dino-Webs, Vão! + Fantasma no Museu;"""agora eles são trajes de dinossauro""";Meio;https://www.youtube.com/watch?v=_MqImMufNaM;Neutro;Neutro;Neutro;Neutro;Neutro
kAweJWwmZ2c;Bob Esponja cozinha tudo, menos hambúrguer de siri 🍳 | Nickelodeon em Português;"""me dá um empreguito por favor""";Meio;https://www.youtube.com/watch?v=kAweJWwmZ2c;Neutro;Neutro;Neutro;Neutro;Neutro
7QaVz97-ejE;SOBREVIVI de BEBÊ até IMORTAL no Minecraft;"""Se eu conseguir eu sobrevivi de um bebê até Imortal no Minecraft""";Fim;https://www.youtube.com/watch?v=7QaVz97-ejE;Neutro;Neutro;Neutro;Neutro;Neutro
k7F5xiIOSpA;44 Gatos | O médico gatinho | Pilou tem medo do MÉDICO | Vídeo para crianças;"""Aqui está a ambulância da Mimi """;Início;https://www.youtube.com/watch?v=k7F5xiIOSpA;Neutro;Neutro;Neutro;Neutro;Neutro
hYZvoyPLFRk;Passeio Infinito na Escada Rolante ⬆️ Peppa Pig Português Brasil | 30 min;"""vovô pig é muito bom em consertar brinquedos""";Fim;https://www.youtube.com/watch?v=hYZvoyPLFRk;Neutro;Positivo;Neutro;Neutro;Neutro
qV0Nrut-T9c;9 Lições de vida em Bojack Horseman;Princess Skyline sempre tentou se convencer de que conseguiria conciliar a vida pessoal e carreira colocando essa última sempre como prioridade absoluta.;Fim;https://www.youtube.com/watch?v=qV0Nrut-T9c;Neutro;Neutro;Neutro;Neutro;Neutro
5ZN0oh60lwk;BIG MOUTH DUBLADO: QUATRO CURIOSIDADES;eu sou o sérgio muniz e este é o meu canal se você curte dublagem filmes e artes em geral então você está no lugar certo.;Início;https://www.youtube.com/watch?v=5ZN0oh60lwk;Neutro;Negativo;Neutro;Neutro;Neutro
7QaVz97-ejE;SOBREVIVI de BEBÊ até IMORTAL no Minecraft;"""eu posso fazer um delicioso frango assado com legumes""";Meio;https://www.youtube.com/watch?v=7QaVz97-ejE;Neutro;Positivo;Neutro;Neutro;Neutro
5ZN0oh60lwk;BIG MOUTH DUBLADO: QUATRO CURIOSIDADES;a dublagem é feita razoavelmente um corre-corre básico.;Meio;https://www.youtube.com/watch?v=5ZN0oh60lwk;Neutro;Neutro;Neutro;Neutro;Neutro
9LM6TXghK_k;O MELHOR VÍDEO PARA APRENDER A LER - VOL 2 | + 40 MIN DE VÍDEOS PARA AJUDAR NA ALFABETIZAÇÃO;"""o lobo Lobo Lobo vamos todos juntos Lobo lua""";Meio;https://www.youtube.com/watch?v=9LM6TXghK_k;Neutro;Neutro;Neutro;Neutro;Neutro
FXdKwbOQce4;MARATONA MELHORES EPISÓDIOS... O Show da Luna! (História: Sol Verde);e agora com vocês Sua Majestade o sol Olha só como tá lindo meu desenho;Início;https://www.youtube.com/watch?v=FXdKwbOQce4;Positivo;Positivo;Positivo;Positivo;Positivo
-hgCtotSucs;Dora seguiu um rastro de conchas brilhantes 🐚✨ | Canção divertida para crianças;"""dora deixou saltitando por uma trilha brilhante""";Início;https://www.youtube.com/watch?v=-hgCtotSucs;Positivo;Positivo;Positivo;Negativo;Positivo
nIyr14PwxSE;Alex se demite | TRÊS ESPIÂS DEMAIS | Episódio 19, Temporada 1;"""acho que consigo as últimas digitais""";Fim;https://www.youtube.com/watch?v=nIyr14PwxSE;Neutro;Negativo;Neutro;Neutro;Neutro
p3tWecdS3xE;44 Gatos | Ratos Vs Gatos: Amigos... ou inimigos?;"""sempre ajudamos quem precisa """;Início;https://www.youtube.com/watch?v=p3tWecdS3xE;Positivo;Positivo;Positivo;Positivo;Positivo
yvCDV6Bh2d8;Desenho Infantil... 28 Minutos (História: Bolha de Sabão);não quero ficar aqui lavando o prato minha vida inteira vou colocar muito sabão para acabar isso rapidinho;Início;https://www.youtube.com/watch?v=yvCDV6Bh2d8;Positivo;Positivo;Positivo;Positivo;Positivo
AMxOelWy0UQ;O amigo travesso de Obby no Roblox escorregou 😆🧱 | Canção Divertida para Crianças;"""o aldeão sorri debaixo das árvores""";Meio;https://www.youtube.com/watch?v=AMxOelWy0UQ;Positivo;Positivo;Positivo;Positivo;Positivo
JMp71mLRJSQ;Desenho Infantil... 32 Minutos (História: Máquina de Doces);é muito simples você põe a frutinha de um lado e o docinho sai do outro legal né;Início;https://www.youtube.com/watch?v=JMp71mLRJSQ;Positivo;Positivo;Positivo;Positivo;Positivo
KMcR9YuIh0o;Pea Pea Explora El Desafío Del Baño Frío Y Caliente 🔥❄ Divertidos Dibujos Animados Para Niños;"""pe pea tem muita sorte de ver um ovo surpresa""";Início;https://www.youtube.com/watch?v=KMcR9YuIh0o;Neutro;Neutro;Neutro;Neutro;Neutro
AMxOelWy0UQ;O amigo travesso de Obby no Roblox escorregou 😆🧱 | Canção Divertida para Crianças;"""o construtor dançou girou e rodopeava com liberdade""";Fim;https://www.youtube.com/watch?v=AMxOelWy0UQ;Positivo;Positivo;Positivo;Positivo;Positivo
-hgCtotSucs;Dora seguiu um rastro de conchas brilhantes 🐚✨ | Canção divertida para crianças;"""as conchas brilhavam sem falhar""";Início;https://www.youtube.com/watch?v=-hgCtotSucs;Positivo;Positivo;Positivo;Positivo;Positivo
BfFBPWo7SbU;SONIC X | episódio 24 - Aponte Para Ele! O Navio Afundado No Sul (Dublado);"""lançamos uma ferramenta especial que vai prendê-lo em segurança""";Meio;https://www.youtube.com/watch?v=BfFBPWo7SbU;Neutro;Neutro;Neutro;Neutro;Neutro
cqryXNQUew8;Desenho Educativo Infantil - 24 Minutos de Historinhas da Sara!!! Em Português Completo;"""Vai Sara agora você tudo bem se não der certo da primeira vez tá bom""";Início;https://www.youtube.com/watch?v=cqryXNQUew8;Neutro;Neutro;Neutro;Neutro;Negativo
3CIUr10_fUs;A PREVISÃO MAIS ABSURDA dos SIMPSONS…;essa previsão que os Simpsons acertou Foi incrível.;Início;https://www.youtube.com/shorts/3CIUr10_fUs;Positivo;Positivo;Positivo;Positivo;Positivo
3CIPVQ4lRfo;BART VIROU AMANTE DA SHAUNA?! #simpsons #thesimpsons #shorts #homer #bart;ela rouba perfume em uma loja.;Início;https://www.youtube.com/shorts/3CIPVQ4lRfo;Neutro;Neutro;Neutro;Neutro;Neutro
p3tWecdS3xE;44 Gatos | Ratos Vs Gatos: Amigos... ou inimigos?;"""nos considere seus amigos felinos """;Início;https://www.youtube.com/watch?v=p3tWecdS3xE;Positivo;Positivo;Positivo;Positivo;Positivo
1j3zTuJiy0Q;Scooby-Doo Encontra um SUPER Amigo! | Scooby-Doo! em Português 🇧🇷 | ‪@WBKidsBrasil‬;"""um super cão isso foi rápido""";Meio;https://www.youtube.com/watch?v=1j3zTuJiy0Q;Neutro;Neutro;Neutro;Neutro;Neutro
BfFBPWo7SbU;SONIC X | episódio 24 - Aponte Para Ele! O Navio Afundado No Sul (Dublado);"""o plano é fazer um teste de velocidade""";Meio;https://www.youtube.com/watch?v=BfFBPWo7SbU;Neutro;Neutro;Negativo;Neutro;Neutro
YggLBVSorVM;Um Filhote de Tucano Estava Fazendo Malabares 🐦🎪 | Canção Divertida para Bebês e Crianças;"""com as asas batendo a borboleta voa""";Início;https://www.youtube.com/watch?v=YggLBVSorVM;Neutro;Neutro;Neutro;Neutro;Neutro
_MqImMufNaM;Spidey e Seus Amigos Espectaculares | EPISÓDIOS COMPLETOS | Vão, Dino-Webs, Vão! + Fantasma no Museu;"""mas que dia incrível para curtir a natureza""";Início;https://www.youtube.com/watch?v=_MqImMufNaM;Positivo;Positivo;Positivo;Positivo;Positivo
p3tWecdS3xE;44 Gatos | Ratos Vs Gatos: Amigos... ou inimigos?;"""dedicarmos uma música a esse pai incrível """;Fim;https://www.youtube.com/watch?v=p3tWecdS3xE;Positivo;Neutro;Positivo;Positivo;Positivo
Z4aLu4HnDLc;Preso na Lama! 🚗 Super Robô Ajuda Carros | Robofuse | Veículos de Emergência para Crianças;"""está todo mundo seguro agora""";Fim;https://www.youtube.com/watch?v=Z4aLu4HnDLc;Positivo;Positivo;Positivo;Positivo;Positivo
cqryXNQUew8;Desenho Educativo Infantil - 24 Minutos de Historinhas da Sara!!! Em Português Completo;"""eu vou arrasar vovó iup consegui""";Início;https://www.youtube.com/watch?v=cqryXNQUew8;Neutro;Neutro;Neutro;Neutro;Neutro
x64zMoTFcb4;Ricky tem um pneu furado | Ricky Zoom Brasil | Desenhos Animados;"""os pneus não estão funcionando bem""";Início;https://www.youtube.com/watch?v=x64zMoTFcb3;Neutro;Neutro;Neutro;Neutro;Neutro
1j3zTuJiy0Q;Scooby-Doo Encontra um SUPER Amigo! | Scooby-Doo! em Português 🇧🇷 | ‪@WBKidsBrasil‬;"""planeta diário nossa""";Início;https://www.youtube.com/watch?v=1j3zTuJiy0Q;Neutro;Neutro;Neutro;Neutro;Neutro
Z4aLu4HnDLc;Preso na Lama! 🚗 Super Robô Ajuda Carros | Robofuse | Veículos de Emergência para Crianças;"""o trem super caminhão pode carregar as moedas""";Fim;https://www.youtube.com/watch?v=Z4aLu4HnDLc;Positivo;Positivo;Positivo;Positivo;Neutro
frHYQ_1bFME;A casa subterrânea! Peppa Pig (História: O Bazar);Ah mas você comprou ela numa feira de móveis usados não tem valor nenhum;Início;https://www.youtube.com/watch?v=frHYQ_1bFME;Positivo;Positivo;Positivo;Positivo;Positivo
YggLBVSorVM;Um Filhote de Tucano Estava Fazendo Malabares 🐦🎪 | Canção Divertida para Bebês e Crianças;"""o riso flutua no navio de gelo""";Fim;https://www.youtube.com/watch?v=YggLBVSorVM;Neutro;Neutro;Positivo;Neutro;Neutro
xr5KQQN7Big;Cenas do Hambúrguer de Siri | Parte 2 | Bob Esponja em Português;"""você está diante de um super herói""";Meio;https://www.youtube.com/watch?v=xr5KQQN7Big;Neutro;Neutro;Neutro;Neutro;Neutro
SAVH83QDUbc;A Falsa perfeição de Peanutbutter em BoJack Horseman;um momento muito forte dentro da série é quando ele se dá conta disso e acontece lá naquele episódio das festas de Halloween que eu citei agora a pouco.;Fim;https://www.youtube.com/watch?v=SAVH83QDUbc;Neutro;Neutro;Negativo;Neutro;Neutro
BfFBPWo7SbU;SONIC X | episódio 24 - Aponte Para Ele! O Navio Afundado No Sul (Dublado);"""espero que tenha luz no fim do túnel""";Início;https://www.youtube.com/watch?v=BfFBPWo7SbU;Neutro;Neutro;Neutro;Neutro;Neutro
9LM6TXghK_k;O MELHOR VÍDEO PARA APRENDER A LER - VOL 2 | + 40 MIN DE VÍDEOS PARA AJUDAR NA ALFABETIZAÇÃO;"""a lata lata a lata Agora é a vez de vocês""";Meio;https://www.youtube.com/watch?v=9LM6TXghK_k;Neutro;Neutro;Neutro;Neutro;Neutro
l8rr0QZqYRs;A Caixa Mágica... Detetive Labrador (História: Piscina de Bolinhas);por favor lembre-se disso;Fim;https://www.youtube.com/watch?v=l8rr0QZqYRs;Neutro;Neutro;Neutro;Neutro;Neutro
yvCDV6Bh2d8;Desenho Infantil... 28 Minutos (História: Bolha de Sabão);o quê a bolha de sabão pegou meu bolinho não faz isso bolinha devolve meu bolinho me dá me dá;Início;https://www.youtube.com/watch?v=yvCDV6Bh2d8;Positivo;Positivo;Positivo;Positivo;Positivo
kPn7VllMapI;Peppa Pig Português Brasil ⭐️ Vários Episódios Completos ⭐️ Pepa Ping Ping ⭐️ Desenhos Animados;e o jorge vai dar esta bola;Início;https://www.youtube.com/watch?v=kPn7VllMapI;Neutro;Neutro;Neutro;Neutro;Neutro
Z4aLu4HnDLc;Preso na Lama! 🚗 Super Robô Ajuda Carros | Robofuse | Veículos de Emergência para Crianças;"""a cidade do carro está segura novamente""";Fim;https://www.youtube.com/watch?v=Z4aLu4HnDLc;Positivo;Positivo;Neutro;Positivo;Positivo
doAenkESxww;He Man em Português DUBLADO | O Dia das Maquinas | Desenhos Animados;"""agora é que todo está em perfeito ordem""";Fim;https://www.youtube.com/watch?v=doAenkESxww;Positivo;Positivo;Positivo;Positivo;Positivo
KMcR9YuIh0o;Pea Pea Explora El Desafío Del Baño Frío Y Caliente 🔥❄ Divertidos Dibujos Animados Para Niños;"""não pode apartar os olhos do ovo brilhante""";Meio;https://www.youtube.com/watch?v=KMcR9YuIh0o;Neutro;Neutro;Negativo;Neutro;Neutro
5fx72a2ezys;A casa subterrânea! Peppa Pig (História: A Chave Perdida);Obrigada por visitarem a beleza local da montanha vejo vocês em breve;Início;https://www.youtube.com/watch?v=5fx72a2ezys;Neutro;Neutro;Neutro;Neutro;Neutro
dDsH7HOndWA;Peppa Pig... Compilation 14 (História: Carro de Bombeiro);mas isso é uma emergência eu não consigo achar o ketchup em lugar algum;Início;https://www.youtube.com/watch?v=dDsH7HOndWA;Neutro;Neutro;Neutro;Neutro;Neutro
hHn9djMGYL0;A humanidade poética de BoJack Horseman;a sombra do protagonista Fimmente a resposta uma o controle de suas ações enforca colega Dina durante a gravação de uma cena.;Fim;https://www.youtube.com/watch?v=hHn9djMGYL0;Neutro;Neutro;Neutro;Neutro;Neutro
oA1cDeR7pSy;Frases Motivacionais para Criancas - Compilacao;Sei que posso confiar em você.;Geral;coleta_web_2026-05-15;Positivo;Positivo;Positivo;Positivo;Positivo
oA1cDeR7pSy;Frases Motivacionais para Criancas - Compilacao;Gosto muito quando você faz isso.;Geral;coleta_web_2026-05-15;Positivo;Negativo;Positivo;Positivo;Positivo
oA1cDeR7pSy;Frases Motivacionais para Criancas - Compilacao;Observe seus erros e tente de novo. Tenho certeza de que agora será mais fácil!;Geral;coleta_web_2026-05-15;Positivo;Positivo;Positivo;Positivo;Neutro
oA1cDeR7pSy;Frases Motivacionais para Criancas - Compilacao;Amo você como você é.;Geral;coleta_web_2026-05-15;Positivo;Positivo;Positivo;Positivo;Positivo
oA1cDeR7pSy;Frases Motivacionais para Criancas - Compilacao;Gosto das suas ideias. Você é muito criativo!;Geral;coleta_web_2026-05-15;Positivo;Positivo;Positivo;Positivo;Positivo
oA1cDeR7pSy;Frases Motivacionais para Criancas - Compilacao;Gostei muito do que você fez.;Geral;coleta_web_2026-05-15;Positivo;Positivo;Positivo;Positivo;Positivo
oA1cDeR7pSy;Frases Motivacionais para Criancas - Compilacao;Se você seguir se esforçando, conseguirá bons resultados.;Geral;coleta_web_2026-05-15;Positivo;Positivo;Positivo;Positivo;Positivo
oA1cDeR7pSy;Frases Motivacionais para Criancas - Compilacao;Você pode ser o que desejar.;Geral;coleta_web_2026-05-15;Positivo;Positivo;Positivo;Positivo;Positivo
oA1cDeR7pSy;Frases Motivacionais para Criancas - Compilacao;Acredito no que você está me dizendo.;Geral;coleta_web_2026-05-15;Positivo;Positivo;Positivo;Positivo;Positivo
oA1cDeR7pSy;Frases Motivacionais para Criancas - Compilacao;Você tem motivo de sobra para se orgulhar!;Geral;coleta_web_2026-05-15;Positivo;Positivo;Positivo;Positivo;Positivo
oA1cDeR7pSy;Frases Motivacionais para Criancas - Compilacao;Nem sempre conseguimos fazer as coisas de primeira.;Geral;coleta_web_2026-05-15;Positivo;Positivo;Positivo;Positivo;Positivo
oA1cDeR7pSy;Frases Motivacionais para Criancas - Compilacao;Sei que você é capaz. Tente mais uma vez.;Geral;coleta_web_2026-05-15;Positivo;Positivo;Positivo;Positivo;Positivo
oA1cDeR7pSy;Frases Motivacionais para Criancas - Compilacao;Noto que você tem melhorado a cada dia.;Geral;coleta_web_2026-05-15;Positivo;Positivo;Positivo;Positivo;Positivo
oA1cDeR7pSy;Frases Motivacionais para Criancas - Compilacao;Tenho certeza de que você pode fazer.;Geral;coleta_web_2026-05-15;Positivo;Positivo;Positivo;Negativo;Positivo
gT6yFhE2sQw;Persistencia e Resiliencia para Criancas - Programa Educativo;Seu esforço sempre vale a pena.;Geral;coleta_web_2026-05-15;Positivo;Positivo;Positivo;Positivo;Positivo
gT6yFhE2sQw;Persistencia e Resiliencia para Criancas - Programa Educativo;Vale a pena tentar.;Geral;coleta_web_2026-05-15;Positivo;Positivo;Positivo;Positivo;Positivo
gT6yFhE2sQw;Persistencia e Resiliencia para Criancas - Programa Educativo;Não desista. Você pode conseguir.;Geral;coleta_web_2026-05-15;Positivo;Positivo;Positivo;Positivo;Positivo
oA1cDeR7pSy;Frases Motivacionais para Criancas - Compilacao;Tenho certeza de que logo encontrará uma solução.;Geral;coleta_web_2026-05-15;Positivo;Positivo;Positivo;Positivo;Positivo
oA1cDeR7pSy;Frases Motivacionais para Criancas - Compilacao;Todos erramos. Isso é normal.;Geral;coleta_web_2026-05-15;Positivo;Positivo;Positivo;Positivo;Neutro
oA1cDeR7pSy;Frases Motivacionais para Criancas - Compilacao;Vamos! Você pode fazer isso!;Geral;coleta_web_2026-05-15;Positivo;Neutro;Positivo;Positivo;Positivo
pL5tWmN3xBz;Aprender Brincando - Educacao e Conhecimento Infantil;Tente. Não importa se não conseguir. O que importa é aprender.;Geral;coleta_web_2026-05-15;Positivo;Positivo;Positivo;Positivo;Positivo
oA1cDeR7pSy;Frases Motivacionais para Criancas - Compilacao;Estou muito orgulhoso de você.;Geral;coleta_web_2026-05-15;Positivo;Positivo;Positivo;Positivo;Positivo
oA1cDeR7pSy;Frases Motivacionais para Criancas - Compilacao;Se precisar de algo, peça-me.;Geral;coleta_web_2026-05-15;Positivo;Positivo;Positivo;Positivo;Positivo
oA1cDeR7pSy;Frases Motivacionais para Criancas - Compilacao;Você foi capaz de fazer isso!;Geral;coleta_web_2026-05-15;Positivo;Positivo;Positivo;Negativo;Positivo
oA1cDeR7pSy;Frases Motivacionais para Criancas - Compilacao;Não é o exterior, e sim o interior que conta.;Geral;coleta_web_2026-05-15;Positivo;Positivo;Positivo;Positivo;Positivo
dH2sLpJ7vQk;Coragem e Forca Interior - Mensagens para Criancas;Nosso destino vive dentro de nós, você só tem que ser corajoso o suficiente para vê-lo.;Geral;coleta_web_2026-05-15;Positivo;Positivo;Positivo;Negativo;Positivo
kT8mZ3vQpL4;Top 50 Frases Inspiradoras dos Filmes da Disney e Pixar;Ohana significa família. Família quer dizer nunca mais abandonar ou esquecer.;Geral;coleta_web_2026-05-15;Positivo;Positivo;Positivo;Positivo;Positivo
oA1cDeR7pSy;Frases Motivacionais para Criancas - Compilacao;O resto do mundo pode seguir as regras, mas eu sigo o meu coração.;Geral;coleta_web_2026-05-15;Positivo;Positivo;Positivo;Positivo;Positivo
oA1cDeR7pSy;Frases Motivacionais para Criancas - Compilacao;Se não puder dizer algo bonito, é melhor não dizer nada.;Geral;coleta_web_2026-05-15;Neutro;Neutro;Neutro;Neutro;Neutro
kT8mZ3vQpL4;Top 50 Frases Inspiradoras dos Filmes da Disney e Pixar;O passado pode doer, mas da maneira que eu vejo, você pode fugir dele ou aprender com ele.;Geral;coleta_web_2026-05-15;Neutro;Neutro;Neutro;Neutro;Neutro
oA1cDeR7pSy;Frases Motivacionais para Criancas - Compilacao;Quando a vida decepciona, qual a solução? Continue a nadar!;Geral;coleta_web_2026-05-15;Positivo;Positivo;Positivo;Positivo;Positivo
oA1cDeR7pSy;Frases Motivacionais para Criancas - Compilacao;A única maneira de conseguir o que você quer neste mundo é através de trabalho duro.;Geral;coleta_web_2026-05-15;Positivo;Positivo;Positivo;Positivo;Positivo
oA1cDeR7pSy;Frases Motivacionais para Criancas - Compilacao;Vale a pena se derreter por algumas pessoas.;Geral;coleta_web_2026-05-15;Positivo;Positivo;Positivo;Negativo;Positivo
aN9wXrYpQ72;Mensagens da Disney que Ensinam Licoes de Vida para Criancas;Um verdadeiro herói não é medido pelo tamanho de sua força, mas pelo tamanho de seu coração.;Geral;coleta_web_2026-05-15;Positivo;Positivo;Positivo;Negativo;Positivo
oA1cDeR7pSy;Frases Motivacionais para Criancas - Compilacao;Um sonho é um desejo que o seu coração faz.;Geral;coleta_web_2026-05-15;Positivo;Positivo;Positivo;Positivo;Positivo
dH2sLpJ7vQk;Coragem e Forca Interior - Mensagens para Criancas;Você é mais corajoso que acredita, mais forte do que aparenta e mais esperto que pensa.;Geral;coleta_web_2026-05-15;Positivo;Positivo;Positivo;Positivo;Positivo
oA1cDeR7pSy;Frases Motivacionais para Criancas - Compilacao;Estamos nessa juntas e assim ficaremos.;Geral;coleta_web_2026-05-15;Neutro;Neutro;Neutro;Neutro;Neutro
pL5tWmN3xBz;Aprender Brincando - Educacao e Conhecimento Infantil;Criança tem que estudar, aprender coisas novas.;Geral;coleta_web_2026-05-15;Positivo;Positivo;Positivo;Positivo;Positivo
rB7mKpQ4xY1;Frases sobre Amizade para Criancas - Coletanea Infantil;Quanto mais amigos eu tenho, mais feliz eu sou!;Geral;coleta_web_2026-05-15;Positivo;Positivo;Positivo;Positivo;Positivo
oA1cDeR7pSy;Frases Motivacionais para Criancas - Compilacao;Preciso de uma luz para seguir em frente.;Geral;coleta_web_2026-05-15;Positivo;Positivo;Negativo;Positivo;Positivo
oA1cDeR7pSy;Frases Motivacionais para Criancas - Compilacao;Precisamos nos unir para sobreviver.;Geral;coleta_web_2026-05-15;Positivo;Positivo;Positivo;Positivo;Positivo
rB7mKpQ4xY1;Frases sobre Amizade para Criancas - Coletanea Infantil;Adoro quando você dá esse sorriso. Aposto que você tem o maior sorriso da rua.;Geral;coleta_web_2026-05-15;Positivo;Neutro;Positivo;Positivo;Positivo
qC8nVrK6yWp;Alegria e Diversao - Frases para Criancas;Criança tem mais é que brincar.;Geral;coleta_web_2026-05-15;Positivo;Positivo;Positivo;Positivo;Positivo
oA1cDeR7pSy;Frases Motivacionais para Criancas - Compilacao;Você é capaz de coisas incríveis!;Geral;coleta_web_2026-05-15;Positivo;Positivo;Positivo;Positivo;Positivo
oA1cDeR7pSy;Frases Motivacionais para Criancas - Compilacao;Estou muito orgulhoso(a) de você!;Geral;coleta_web_2026-05-15;Positivo;Positivo;Positivo;Positivo;Positivo
oA1cDeR7pSy;Frases Motivacionais para Criancas - Compilacao;Você é único(a) e especial!;Geral;coleta_web_2026-05-15;Positivo;Positivo;Positivo;Positivo;Positivo
oA1cDeR7pSy;Frases Motivacionais para Criancas - Compilacao;A sua opinião é muito importante.;Geral;coleta_web_2026-05-15;Positivo;Positivo;Positivo;Positivo;Positivo
oA1cDeR7pSy;Frases Motivacionais para Criancas - Compilacao;Você está fazendo um ótimo trabalho.;Geral;coleta_web_2026-05-15;Positivo;Positivo;Positivo;Positivo;Positivo
oA1cDeR7pSy;Frases Motivacionais para Criancas - Compilacao;Você tem um coração maravilhoso.;Geral;coleta_web_2026-05-15;Positivo;Positivo;Positivo;Negativo;Positivo
oA1cDeR7pSy;Frases Motivacionais para Criancas - Compilacao;Confio em você!;Geral;coleta_web_2026-05-15;Positivo;Positivo;Positivo;Positivo;Positivo
oA1cDeR7pSy;Frases Motivacionais para Criancas - Compilacao;Você tem um talento especial.;Geral;coleta_web_2026-05-15;Positivo;Positivo;Positivo;Positivo;Positivo
dH2sLpJ7vQk;Coragem e Forca Interior - Mensagens para Criancas;Você é muito corajoso(a)!;Geral;coleta_web_2026-05-15;Positivo;Positivo;Positivo;Positivo;Positivo
oA1cDeR7pSy;Frases Motivacionais para Criancas - Compilacao;Você faz a diferença.;Geral;coleta_web_2026-05-15;Positivo;Positivo;Positivo;Positivo;Positivo
gT6yFhE2sQw;Persistencia e Resiliencia para Criancas - Programa Educativo;Eu acredito em você e no seu esforço!;Geral;coleta_web_2026-05-15;Positivo;Positivo;Positivo;Positivo;Positivo
oA1cDeR7pSy;Frases Motivacionais para Criancas - Compilacao;Seu trabalho árduo está valendo a pena!;Geral;coleta_web_2026-05-15;Positivo;Positivo;Positivo;Positivo;Positivo
oA1cDeR7pSy;Frases Motivacionais para Criancas - Compilacao;Continue assim, você está fazendo um ótimo trabalho!;Geral;coleta_web_2026-05-15;Positivo;Positivo;Positivo;Positivo;Positivo
oA1cDeR7pSy;Frases Motivacionais para Criancas - Compilacao;Cada passo é um progresso, continue se dedicando!;Geral;coleta_web_2026-05-15;Positivo;Positivo;Positivo;Positivo;Positivo
gT6yFhE2sQw;Persistencia e Resiliencia para Criancas - Programa Educativo;Seus esforços são inspiradores!;Geral;coleta_web_2026-05-15;Positivo;Positivo;Positivo;Positivo;Positivo
oA1cDeR7pSy;Frases Motivacionais para Criancas - Compilacao;Estou orgulhoso de como você está se dedicando!;Geral;coleta_web_2026-05-15;Positivo;Positivo;Positivo;Positivo;Positivo
oA1cDeR7pSy;Frases Motivacionais para Criancas - Compilacao;Você está mostrando uma grande determinação, continue assim!;Geral;coleta_web_2026-05-15;Positivo;Positivo;Positivo;Positivo;Positivo
oA1cDeR7pSy;Frases Motivacionais para Criancas - Compilacao;A prática leva à perfeição, e você está no caminho certo!;Geral;coleta_web_2026-05-15;Positivo;Positivo;Positivo;Positivo;Negativo
oA1cDeR7pSy;Frases Motivacionais para Criancas - Compilacao;Cada vez que você tenta, você fica melhor!;Geral;coleta_web_2026-05-15;Positivo;Positivo;Positivo;Positivo;Positivo
oA1cDeR7pSy;Frases Motivacionais para Criancas - Compilacao;Seu compromisso e dedicação são admiráveis!;Geral;coleta_web_2026-05-15;Positivo;Positivo;Positivo;Positivo;Positivo
dH2sLpJ7vQk;Coragem e Forca Interior - Mensagens para Criancas;Juntos, somos mais fortes!;Geral;coleta_web_2026-05-15;Positivo;Positivo;Positivo;Positivo;Positivo
rB7mKpQ4xY1;Frases sobre Amizade para Criancas - Coletanea Infantil;Você fez um ótimo trabalho ajudando seu amigo!;Geral;coleta_web_2026-05-15;Positivo;Positivo;Positivo;Positivo;Positivo
oA1cDeR7pSy;Frases Motivacionais para Criancas - Compilacao;Trabalhar em equipe torna tudo mais fácil!;Geral;coleta_web_2026-05-15;Positivo;Positivo;Positivo;Positivo;Positivo
oA1cDeR7pSy;Frases Motivacionais para Criancas - Compilacao;Adoro ver vocês trabalhando juntos!;Geral;coleta_web_2026-05-15;Positivo;Positivo;Neutro;Positivo;Positivo
oA1cDeR7pSy;Frases Motivacionais para Criancas - Compilacao;Vocês formam uma ótima equipe!;Geral;coleta_web_2026-05-15;Positivo;Positivo;Positivo;Positivo;Neutro
pL5tWmN3xBz;Aprender Brincando - Educacao e Conhecimento Infantil;Compartilhar ideias nos ajuda a crescer!;Geral;coleta_web_2026-05-15;Positivo;Positivo;Positivo;Positivo;Positivo
oA1cDeR7pSy;Frases Motivacionais para Criancas - Compilacao;Juntos, podemos alcançar grandes coisas!;Geral;coleta_web_2026-05-15;Positivo;Positivo;Positivo;Positivo;Positivo
oA1cDeR7pSy;Frases Motivacionais para Criancas - Compilacao;A colaboração é a chave do sucesso!;Geral;coleta_web_2026-05-15;Positivo;Positivo;Positivo;Positivo;Positivo
oA1cDeR7pSy;Frases Motivacionais para Criancas - Compilacao;Estou impressionado com como vocês colaboram!;Geral;coleta_web_2026-05-15;Positivo;Positivo;Positivo;Positivo;Positivo
oA1cDeR7pSy;Frases Motivacionais para Criancas - Compilacao;Seu trabalho em equipe está fazendo a diferença!;Geral;coleta_web_2026-05-15;Positivo;Positivo;Positivo;Positivo;Positivo
dH2sLpJ7vQk;Coragem e Forca Interior - Mensagens para Criancas;Você é mais forte do que pensa.;Geral;coleta_web_2026-05-15;Positivo;Positivo;Negativo;Positivo;Positivo
gT6yFhE2sQw;Persistencia e Resiliencia para Criancas - Programa Educativo;Não desista, cada tentativa te deixa mais perto do sucesso.;Geral;coleta_web_2026-05-15;Positivo;Positivo;Positivo;Positivo;Positivo
pL5tWmN3xBz;Aprender Brincando - Educacao e Conhecimento Infantil;Todo erro é uma oportunidade para aprender.;Geral;coleta_web_2026-05-15;Positivo;Negativo;Positivo;Positivo;Positivo
oA1cDeR7pSy;Frases Motivacionais para Criancas - Compilacao;Você consegue superar isso, eu acredito em você.;Geral;coleta_web_2026-05-15;Positivo;Neutro;Positivo;Positivo;Positivo
oA1cDeR7pSy;Frases Motivacionais para Criancas - Compilacao;Cada dificuldade é um passo em direção ao seu crescimento.;Geral;coleta_web_2026-05-15;Positivo;Positivo;Negativo;Positivo;Positivo
gT6yFhE2sQw;Persistencia e Resiliencia para Criancas - Programa Educativo;Seu esforço é tão importante quanto o resultado final.;Geral;coleta_web_2026-05-15;Positivo;Positivo;Positivo;Positivo;Positivo
gT6yFhE2sQw;Persistencia e Resiliencia para Criancas - Programa Educativo;Você está fazendo um ótimo trabalho em tentar novamente.;Geral;coleta_web_2026-05-15;Positivo;Positivo;Positivo;Positivo;Positivo
oA1cDeR7pSy;Frases Motivacionais para Criancas - Compilacao;A paciência e a perseverança são suas melhores amigas.;Geral;coleta_web_2026-05-15;Neutro;Neutro;Neutro;Neutro;Negativo
oA1cDeR7pSy;Frases Motivacionais para Criancas - Compilacao;Cada pequeno passo conta, continue avançando.;Geral;coleta_web_2026-05-15;Positivo;Positivo;Positivo;Positivo;Positivo
gT6yFhE2sQw;Persistencia e Resiliencia para Criancas - Programa Educativo;Você é capaz de coisas incríveis, continue tentando.;Geral;coleta_web_2026-05-15;Positivo;Positivo;Positivo;Positivo;Positivo
oA1cDeR7pSy;Frases Motivacionais para Criancas - Compilacao;A infância é quando estamos disponíveis para nos surpreendermos.;Geral;coleta_web_2026-05-15;Positivo;Positivo;Positivo;Negativo;Positivo
pL5tWmN3xBz;Aprender Brincando - Educacao e Conhecimento Infantil;Quando eu crescer eu vou ficar criança.;Geral;coleta_web_2026-05-15;Positivo;Positivo;Positivo;Positivo;Positivo
oA1cDeR7pSy;Frases Motivacionais para Criancas - Compilacao;As crianças, que sem falar, nos ensinam as razões para viver.;Geral;coleta_web_2026-05-15;Positivo;Positivo;Positivo;Positivo;Positivo
oA1cDeR7pSy;Frases Motivacionais para Criancas - Compilacao;Todos têm uma criança alegre dentro de si, mas poucos a deixam viver.;Geral;coleta_web_2026-05-15;Positivo;Positivo;Positivo;Positivo;Positivo
oA1cDeR7pSy;Frases Motivacionais para Criancas - Compilacao;O segredo da genialidade é carregar o espírito da infância na maturidade.;Geral;coleta_web_2026-05-15;Positivo;Positivo;Positivo;Positivo;Positivo
oA1cDeR7pSy;Frases Motivacionais para Criancas - Compilacao;A infância é o tempo de maior criatividade na vida de um ser humano.;Geral;coleta_web_2026-05-15;Positivo;Positivo;Positivo;Positivo;Positivo
aN9wXrYpQ72;Mensagens da Disney que Ensinam Licoes de Vida para Criancas;A vida não nos dá propósito, nós damos propósito à vida.;Geral;coleta_web_2026-05-15_lote2;Positivo;Positivo;Negativo;Positivo;Positivo
kT8mZ3vQpL4;Top 50 Frases Inspiradoras dos Filmes da Disney e Pixar;Vale a pena derreter-se por algumas pessoas.;Geral;coleta_web_2026-05-15_lote2;Positivo;Positivo;Positivo;Positivo;Positivo
kT8mZ3vQpL4;Top 50 Frases Inspiradoras dos Filmes da Disney e Pixar;Estou pronto! Estou pronto! Estou pronto!;Geral;coleta_web_2026-05-15_lote2;Positivo;Positivo;Positivo;Positivo;Positivo
kT8mZ3vQpL4;Top 50 Frases Inspiradoras dos Filmes da Disney e Pixar;Sempre deixe a sua consciência ser seu guia.;Geral;coleta_web_2026-05-15_lote2;Positivo;Positivo;Neutro;Positivo;Positivo
kT8mZ3vQpL4;Top 50 Frases Inspiradoras dos Filmes da Disney e Pixar;Temos muito em comum... talvez se olhássemos para as similaridades em vez das diferenças...;Geral;coleta_web_2026-05-15_lote2;Positivo;Negativo;Positivo;Positivo;Positivo
kT8mZ3vQpL4;Top 50 Frases Inspiradoras dos Filmes da Disney e Pixar;Seja amigo de algo melhor do que sorvete de chocolate.;Geral;coleta_web_2026-05-15_lote2;Positivo;Positivo;Negativo;Positivo;Positivo
kT8mZ3vQpL4;Top 50 Frases Inspiradoras dos Filmes da Disney e Pixar;Qual é a altura de um sicômoro? Se você o cortar, nunca saberá.;Geral;coleta_web_2026-05-15_lote2;Positivo;Positivo;Positivo;Positivo;Positivo
kT8mZ3vQpL4;Top 50 Frases Inspiradoras dos Filmes da Disney e Pixar;A melhor chama queima mais brilhante quando as circunstâncias são piores.;Geral;coleta_web_2026-05-15_lote2;Positivo;Positivo;Positivo;Positivo;Positivo
kT8mZ3vQpL4;Top 50 Frases Inspiradoras dos Filmes da Disney e Pixar;Aquela flor floresce tarde, mas aposto que quando florescer, será a mais bonita.;Geral;coleta_web_2026-05-15_lote2;Positivo;Positivo;Positivo;Positivo;Positivo
oA1cDeR7pSy;Frases Motivacionais para Criancas - Compilacao;Às vezes precisamos olhar bem dentro de nós mesmos.;Geral;coleta_web_2026-05-15_lote2;Positivo;Positivo;Positivo;Positivo;Positivo
oA1cDeR7pSy;Frases Motivacionais para Criancas - Compilacao;Em tempos difíceis, esperança é algo que você dá a si mesmo. Isso é força.;Geral;coleta_web_2026-05-15_lote2;Positivo;Positivo;Positivo;Positivo;Neutro
kT8mZ3vQpL4;Top 50 Frases Inspiradoras dos Filmes da Disney e Pixar;A flor que floresce na adversidade é a mais rara e mais bonita.;Geral;coleta_web_2026-05-15_lote2;Positivo;Negativo;Positivo;Positivo;Positivo
kT8mZ3vQpL4;Top 50 Frases Inspiradoras dos Filmes da Disney e Pixar;Você nunca é velho demais para ser jovem.;Geral;coleta_web_2026-05-15_lote2;Positivo;Positivo;Positivo;Negativo;Positivo
kT8mZ3vQpL4;Top 50 Frases Inspiradoras dos Filmes da Disney e Pixar;Nunca olho para trás, querido. Distrai do agora.;Geral;coleta_web_2026-05-15_lote2;Neutro;Neutro;Neutro;Neutro;Neutro
oA1cDeR7pSy;Frases Motivacionais para Criancas - Compilacao;Ser ruim em algo é o primeiro passo para ser bom.;Geral;coleta_web_2026-05-15_lote2;Positivo;Positivo;Positivo;Positivo;Positivo
kT8mZ3vQpL4;Top 50 Frases Inspiradoras dos Filmes da Disney e Pixar;Apenas continue nadando.;Geral;coleta_web_2026-05-15_lote2;Positivo;Positivo;Positivo;Negativo;Positivo
oA1cDeR7pSy;Frases Motivacionais para Criancas - Compilacao;Não é a barba do lado de fora, é a barba do lado de dentro.;Geral;coleta_web_2026-05-15_lote2;Neutro;Neutro;Neutro;Neutro;Neutro
kT8mZ3vQpL4;Top 50 Frases Inspiradoras dos Filmes da Disney e Pixar;Ohana significa família. Família significa que ninguém é deixado para trás.;Geral;coleta_web_2026-05-15_lote2;Positivo;Positivo;Positivo;Positivo;Positivo
aN9wXrYpQ72;Mensagens da Disney que Ensinam Licoes de Vida para Criancas;"As circunstâncias de nascimento são irrelevantes; o que importa é o que você faz com a vida.";Geral;coleta_web_2026-05-15_lote2;Positivo;Positivo;Positivo;Positivo;Positivo
aN9wXrYpQ72;Mensagens da Disney que Ensinam Licoes de Vida para Criancas;Não há ninguém que eu preferiria ser do que eu mesmo.;Geral;coleta_web_2026-05-15_lote2;Positivo;Neutro;Positivo;Positivo;Positivo
aN9wXrYpQ72;Mensagens da Disney que Ensinam Licoes de Vida para Criancas;Não deixe que ninguém defina seus limites por causa de onde você vem.;Geral;coleta_web_2026-05-15_lote2;Positivo;Positivo;Positivo;Positivo;Positivo
aN9wXrYpQ72;Mensagens da Disney que Ensinam Licoes de Vida para Criancas;Não posso voltar para ontem, era uma pessoa diferente.;Geral;coleta_web_2026-05-15_lote2;Neutro;Neutro;Neutro;Neutro;Positivo
kT8mZ3vQpL4;Top 50 Frases Inspiradoras dos Filmes da Disney e Pixar;Deixa ir.;Geral;coleta_web_2026-05-15_lote2;Neutro;Neutro;Neutro;Positivo;Neutro
aN9wXrYpQ72;Mensagens da Disney que Ensinam Licoes de Vida para Criancas;Um verdadeiro herói não é medido pela força, mas pela força do coração.;Geral;coleta_web_2026-05-15_lote2;Positivo;Negativo;Positivo;Positivo;Positivo
aN9wXrYpQ72;Mensagens da Disney que Ensinam Licoes de Vida para Criancas;Apenas porque não posso ver não significa que não posso acreditar.;Geral;coleta_web_2026-05-15_lote2;Neutro;Neutro;Neutro;Neutro;Neutro
kT8mZ3vQpL4;Top 50 Frases Inspiradoras dos Filmes da Disney e Pixar;O passado pode doer, mas você pode correr dele ou aprender com ele.;Geral;coleta_web_2026-05-15_lote2;Positivo;Positivo;Positivo;Positivo;Positivo
aN9wXrYpQ72;Mensagens da Disney que Ensinam Licoes de Vida para Criancas;Sua identidade é sua possessão mais valiosa. Proteja-a.;Geral;coleta_web_2026-05-15_lote2;Positivo;Positivo;Positivo;Positivo;Positivo
aN9wXrYpQ72;Mensagens da Disney que Ensinam Licoes de Vida para Criancas;Na vida real você nem sempre pode vencer.;Geral;coleta_web_2026-05-15_lote2;Neutro;Neutro;Neutro;Neutro;Neutro
aN9wXrYpQ72;Mensagens da Disney que Ensinam Licoes de Vida para Criancas;A única coisa impossível é impossibilidade.;Geral;coleta_web_2026-05-15_lote2;Positivo;Positivo;Positivo;Positivo;Positivo
aN9wXrYpQ72;Mensagens da Disney que Ensinam Licoes de Vida para Criancas;Até os milagres levam um pouco de tempo.;Geral;coleta_web_2026-05-15_lote2;Positivo;Positivo;Positivo;Positivo;Positivo
aN9wXrYpQ72;Mensagens da Disney que Ensinam Licoes de Vida para Criancas;Quando coisas ruins acontecem, às vezes a vida é assustadora. Por isso encontramos a luz.;Geral;coleta_web_2026-05-15_lote2;Positivo;Positivo;Positivo;Positivo;Positivo
aN9wXrYpQ72;Mensagens da Disney que Ensinam Licoes de Vida para Criancas;Aventure-se fora de sua zona de conforto. As recompensas valem a pena.;Geral;coleta_web_2026-05-15_lote2;Positivo;Positivo;Neutro;Positivo;Positivo
aN9wXrYpQ72;Mensagens da Disney que Ensinam Licoes de Vida para Criancas;As coisas que me tornam diferente são as coisas que me tornam eu.;Geral;coleta_web_2026-05-15_lote2;Positivo;Neutro;Positivo;Positivo;Positivo
aN9wXrYpQ72;Mensagens da Disney que Ensinam Licoes de Vida para Criancas;Nenhum monstro é mais perigoso do que falta de compaixão.;Geral;coleta_web_2026-05-15_lote2;Positivo;Positivo;Positivo;Positivo;Positivo
aN9wXrYpQ72;Mensagens da Disney que Ensinam Licoes de Vida para Criancas;Contos de fadas podem se tornar realidade. Você tem que fazê-los acontecer.;Geral;coleta_web_2026-05-15_lote2;Positivo;Positivo;Positivo;Positivo;Positivo
aN9wXrYpQ72;Mensagens da Disney que Ensinam Licoes de Vida para Criancas;Hoje é um bom dia para tentar.;Geral;coleta_web_2026-05-15_lote2;Positivo;Positivo;Positivo;Positivo;Positivo
aN9wXrYpQ72;Mensagens da Disney que Ensinam Licoes de Vida para Criancas;Ria de si mesmo, ame a si mesmo.;Geral;coleta_web_2026-05-15_lote2;Positivo;Positivo;Positivo;Positivo;Positivo
aN9wXrYpQ72;Mensagens da Disney que Ensinam Licoes de Vida para Criancas;Estar em um relacionamento apenas para estar em um é loucura.;Geral;coleta_web_2026-05-15_lote2;Negativo;Negativo;Negativo;Negativo;Negativo
oA1cDeR7pSy;Frases Motivacionais para Criancas - Compilacao;Um bebê tem que fazer o que um bebê tem que fazer.;Geral;coleta_web_2026-05-15_lote2;Positivo;Positivo;Positivo;Positivo;Positivo
kT8mZ3vQpL4;Top 50 Frases Inspiradoras dos Filmes da Disney e Pixar;A casca de uma ostra esconde apenas a pérola dentro.;Geral;coleta_web_2026-05-15_lote2;Positivo;Positivo;Positivo;Positivo;Positivo
rB7mKpQ4xY1;Frases sobre Amizade para Criancas - Coletanea Infantil;Leva coragem para enfrentar inimigos, mas mais para enfrentar amigos.;Geral;coleta_web_2026-05-15_lote2;Positivo;Positivo;Positivo;Positivo;Positivo
aN9wXrYpQ72;Mensagens da Disney que Ensinam Licoes de Vida para Criancas;Tudo é possível se você tem paz interior.;Geral;coleta_web_2026-05-15_lote2;Positivo;Positivo;Positivo;Positivo;Positivo
aN9wXrYpQ72;Mensagens da Disney que Ensinam Licoes de Vida para Criancas;Não sinto medo.;Geral;coleta_web_2026-05-15_lote2;Positivo;Positivo;Positivo;Positivo;Positivo
aN9wXrYpQ72;Mensagens da Disney que Ensinam Licoes de Vida para Criancas;O futuro vale toda dor e lágrimas.;Geral;coleta_web_2026-05-15_lote2;Positivo;Positivo;Negativo;Positivo;Positivo
aN9wXrYpQ72;Mensagens da Disney que Ensinam Licoes de Vida para Criancas;Uma pequena consideração faz toda a diferença.;Geral;coleta_web_2026-05-15_lote2;Positivo;Positivo;Positivo;Positivo;Positivo
aN9wXrYpQ72;Mensagens da Disney que Ensinam Licoes de Vida para Criancas;Em cada tarefa há um elemento de diversão.;Geral;coleta_web_2026-05-15_lote2;Positivo;Positivo;Positivo;Positivo;Negativo
aN9wXrYpQ72;Mensagens da Disney que Ensinam Licoes de Vida para Criancas;O amor é uma porta aberta.;Geral;coleta_web_2026-05-15_lote2;Positivo;Positivo;Positivo;Negativo;Positivo
kT8mZ3vQpL4;Top 50 Frases Inspiradoras dos Filmes da Disney e Pixar;Ao infinito e além.;Geral;coleta_web_2026-05-15_lote2;Positivo;Positivo;Positivo;Positivo;Positivo
kT8mZ3vQpL4;Top 50 Frases Inspiradoras dos Filmes da Disney e Pixar;Aventura está aí fora.;Geral;coleta_web_2026-05-15_lote2;Positivo;Positivo;Positivo;Positivo;Positivo
dH2sLpJ7vQk;Coragem e Forca Interior - Mensagens para Criancas;Você é mais forte do que você acredita.;Geral;coleta_web_2026-05-15_lote2;Positivo;Positivo;Positivo;Positivo;Positivo
oA1cDeR7pSy;Frases Motivacionais para Criancas - Compilacao;Você é mais capaz do que você imagina.;Geral;coleta_web_2026-05-15_lote2;Positivo;Positivo;Positivo;Positivo;Positivo
oA1cDeR7pSy;Frases Motivacionais para Criancas - Compilacao;Você merece o melhor.;Geral;coleta_web_2026-05-15_lote2;Positivo;Positivo;Positivo;Positivo;Positivo
pL5tWmN3xBz;Aprender Brincando - Educacao e Conhecimento Infantil;Sua curiosidade é um super poder.;Geral;coleta_web_2026-05-15_lote2;Positivo;Positivo;Positivo;Positivo;Positivo
oA1cDeR7pSy;Frases Motivacionais para Criancas - Compilacao;Você tem o poder de mudar.;Geral;coleta_web_2026-05-15_lote2;Positivo;Positivo;Positivo;Positivo;Positivo
pL5tWmN3xBz;Aprender Brincando - Educacao e Conhecimento Infantil;Sua criatividade é infinita.;Geral;coleta_web_2026-05-15_lote2;Positivo;Positivo;Positivo;Positivo;Positivo
oA1cDeR7pSy;Frases Motivacionais para Criancas - Compilacao;Você é um presente para o mundo.;Geral;coleta_web_2026-05-15_lote2;Positivo;Positivo;Positivo;Negativo;Positivo
oA1cDeR7pSy;Frases Motivacionais para Criancas - Compilacao;Seus sonhos importam.;Geral;coleta_web_2026-05-15_lote2;Positivo;Positivo;Positivo;Positivo;Positivo
oA1cDeR7pSy;Frases Motivacionais para Criancas - Compilacao;Você é valioso.;Geral;coleta_web_2026-05-15_lote2;Positivo;Positivo;Positivo;Positivo;Positivo
oA1cDeR7pSy;Frases Motivacionais para Criancas - Compilacao;Você é merecedor.;Geral;coleta_web_2026-05-15_lote2;Positivo;Positivo;Positivo;Positivo;Positivo
oA1cDeR7pSy;Frases Motivacionais para Criancas - Compilacao;Você é o herói da sua história.;Geral;coleta_web_2026-05-15_lote2;Positivo;Positivo;Positivo;Positivo;Positivo
oA1cDeR7pSy;Frases Motivacionais para Criancas - Compilacao;Você é um vencedor.;Geral;coleta_web_2026-05-15_lote2;Positivo;Positivo;Positivo;Positivo;Positivo
oA1cDeR7pSy;Frases Motivacionais para Criancas - Compilacao;Você é digno de amor.;Geral;coleta_web_2026-05-15_lote2;Positivo;Positivo;Positivo;Positivo;Positivo
oA1cDeR7pSy;Frases Motivacionais para Criancas - Compilacao;Você importa muito.;Geral;coleta_web_2026-05-15_lote2;Positivo;Positivo;Positivo;Positivo;Positivo
oA1cDeR7pSy;Frases Motivacionais para Criancas - Compilacao;Você está no caminho certo.;Geral;coleta_web_2026-05-15_lote2;Positivo;Positivo;Positivo;Positivo;Positivo
rB7mKpQ4xY1;Frases sobre Amizade para Criancas - Coletanea Infantil;Não é preciso ser igual para sermos amigos, basta sermos verdadeiros.;Geral;coleta_web_2026-05-15_lote2;Positivo;Positivo;Positivo;Positivo;Negativo
rB7mKpQ4xY1;Frases sobre Amizade para Criancas - Coletanea Infantil;Amizade é como um tesouro, quanto mais partilhamos, mais rica ela se torna.;Geral;coleta_web_2026-05-15_lote2;Positivo;Positivo;Positivo;Positivo;Positivo
rB7mKpQ4xY1;Frases sobre Amizade para Criancas - Coletanea Infantil;Amigos são os irmãos que você escolhe.;Geral;coleta_web_2026-05-15_lote2;Positivo;Positivo;Positivo;Positivo;Positivo
rB7mKpQ4xY1;Frases sobre Amizade para Criancas - Coletanea Infantil;A verdadeira amizade é quando você está com alguém e não há necessidade de estar conversando.;Geral;coleta_web_2026-05-15_lote2;Positivo;Negativo;Positivo;Positivo;Positivo
rB7mKpQ4xY1;Frases sobre Amizade para Criancas - Coletanea Infantil;Amigos que riem juntos, ficarão juntos.;Geral;coleta_web_2026-05-15_lote2;Positivo;Positivo;Positivo;Positivo;Positivo
rB7mKpQ4xY1;Frases sobre Amizade para Criancas - Coletanea Infantil;Amizade é partilhar um sorriso.;Geral;coleta_web_2026-05-15_lote2;Positivo;Positivo;Positivo;Positivo;Positivo
rB7mKpQ4xY1;Frases sobre Amizade para Criancas - Coletanea Infantil;Na amizade nunca há limite.;Geral;coleta_web_2026-05-15_lote2;Positivo;Neutro;Positivo;Positivo;Positivo
rB7mKpQ4xY1;Frases sobre Amizade para Criancas - Coletanea Infantil;Amigos são aqueles que sabem tudo sobre você e ainda assim gostam de você.;Geral;coleta_web_2026-05-15_lote2;Positivo;Positivo;Positivo;Positivo;Positivo
rB7mKpQ4xY1;Frases sobre Amizade para Criancas - Coletanea Infantil;A melhor amizade é silenciosa.;Geral;coleta_web_2026-05-15_lote2;Positivo;Positivo;Positivo;Positivo;Positivo
rB7mKpQ4xY1;Frases sobre Amizade para Criancas - Coletanea Infantil;Um amigo verdadeiro te vê de um jeito especial.;Geral;coleta_web_2026-05-15_lote2;Positivo;Positivo;Positivo;Positivo;Positivo
rB7mKpQ4xY1;Frases sobre Amizade para Criancas - Coletanea Infantil;Amizade é uma história que nunca termina.;Geral;coleta_web_2026-05-15_lote2;Positivo;Positivo;Positivo;Positivo;Positivo
oA1cDeR7pSy;Frases Motivacionais para Criancas - Compilacao;Pessoas que conseguem ser amigas de verdade são raras.;Geral;coleta_web_2026-05-15_lote2;Positivo;Positivo;Positivo;Positivo;Positivo
rB7mKpQ4xY1;Frases sobre Amizade para Criancas - Coletanea Infantil;Amigos são flores num jardim da vida.;Geral;coleta_web_2026-05-15_lote2;Positivo;Positivo;Positivo;Positivo;Neutro
rB7mKpQ4xY1;Frases sobre Amizade para Criancas - Coletanea Infantil;A amizade alegra o coração.;Geral;coleta_web_2026-05-15_lote2;Positivo;Positivo;Positivo;Positivo;Positivo
rB7mKpQ4xY1;Frases sobre Amizade para Criancas - Coletanea Infantil;Ter um amigo é mais do que ouro.;Geral;coleta_web_2026-05-15_lote2;Positivo;Positivo;Positivo;Positivo;Positivo
vF3pQwR8tNm;Respeito e Diversidade - Educacao Infantil;O respeito é a base de qualquer relação.;Geral;coleta_web_2026-05-15_lote2;Positivo;Neutro;Positivo;Positivo;Positivo
vF3pQwR8tNm;Respeito e Diversidade - Educacao Infantil;Respeitar o próximo é amar a si mesmo.;Geral;coleta_web_2026-05-15_lote2;Positivo;Positivo;Positivo;Positivo;Positivo
vF3pQwR8tNm;Respeito e Diversidade - Educacao Infantil;Todos merecem respeito.;Geral;coleta_web_2026-05-15_lote2;Positivo;Positivo;Positivo;Positivo;Positivo
vF3pQwR8tNm;Respeito e Diversidade - Educacao Infantil;Nossas diferenças nos tornam únicos.;Geral;coleta_web_2026-05-15_lote2;Positivo;Positivo;Positivo;Positivo;Positivo
vF3pQwR8tNm;Respeito e Diversidade - Educacao Infantil;A tolerância é o primeiro passo para a paz.;Geral;coleta_web_2026-05-15_lote2;Positivo;Positivo;Positivo;Neutro;Positivo
vF3pQwR8tNm;Respeito e Diversidade - Educacao Infantil;Cada pessoa é especial à sua maneira.;Geral;coleta_web_2026-05-15_lote2;Positivo;Positivo;Positivo;Positivo;Positivo
vF3pQwR8tNm;Respeito e Diversidade - Educacao Infantil;Respeitar a diferença é enriquecer a vida.;Geral;coleta_web_2026-05-15_lote2;Positivo;Positivo;Positivo;Positivo;Positivo
vF3pQwR8tNm;Respeito e Diversidade - Educacao Infantil;A empatia muda o mundo.;Geral;coleta_web_2026-05-15_lote2;Positivo;Positivo;Positivo;Positivo;Positivo
vF3pQwR8tNm;Respeito e Diversidade - Educacao Infantil;Somos todos iguais no que importa.;Geral;coleta_web_2026-05-15_lote2;Positivo;Positivo;Positivo;Positivo;Positivo
vF3pQwR8tNm;Respeito e Diversidade - Educacao Infantil;Diferença não significa inferioridade.;Geral;coleta_web_2026-05-15_lote2;Positivo;Positivo;Positivo;Positivo;Positivo
dH2sLpJ7vQk;Coragem e Forca Interior - Mensagens para Criancas;Coragem é fazer o que você tem medo de fazer.;Geral;coleta_web_2026-05-15_lote2;Positivo;Positivo;Positivo;Positivo;Positivo
dH2sLpJ7vQk;Coragem e Forca Interior - Mensagens para Criancas;Você é mais corajoso do que você sabe.;Geral;coleta_web_2026-05-15_lote2;Positivo;Positivo;Positivo;Positivo;Positivo
dH2sLpJ7vQk;Coragem e Forca Interior - Mensagens para Criancas;A coragem vem de dentro.;Geral;coleta_web_2026-05-15_lote2;Positivo;Positivo;Positivo;Positivo;Positivo
dH2sLpJ7vQk;Coragem e Forca Interior - Mensagens para Criancas;Ser forte é estar vulnerável.;Geral;coleta_web_2026-05-15_lote2;Positivo;Positivo;Positivo;Positivo;Neutro
dH2sLpJ7vQk;Coragem e Forca Interior - Mensagens para Criancas;Você consegue vencer seus medos.;Geral;coleta_web_2026-05-15_lote2;Positivo;Positivo;Positivo;Positivo;Positivo
dH2sLpJ7vQk;Coragem e Forca Interior - Mensagens para Criancas;A força real está em pedir ajuda.;Geral;coleta_web_2026-05-15_lote2;Positivo;Positivo;Positivo;Positivo;Positivo
dH2sLpJ7vQk;Coragem e Forca Interior - Mensagens para Criancas;Seu coração é mais forte do que qualquer obstáculo.;Geral;coleta_web_2026-05-15_lote2;Positivo;Positivo;Positivo;Positivo;Positivo
dH2sLpJ7vQk;Coragem e Forca Interior - Mensagens para Criancas;Você é um guerreiro.;Geral;coleta_web_2026-05-15_lote2;Positivo;Positivo;Positivo;Positivo;Positivo
dH2sLpJ7vQk;Coragem e Forca Interior - Mensagens para Criancas;Cada desafio o torna mais forte.;Geral;coleta_web_2026-05-15_lote2;Positivo;Positivo;Positivo;Positivo;Positivo
dH2sLpJ7vQk;Coragem e Forca Interior - Mensagens para Criancas;Você tem a força para continuar.;Geral;coleta_web_2026-05-15_lote2;Positivo;Positivo;Positivo;Positivo;Positivo
pL5tWmN3xBz;Aprender Brincando - Educacao e Conhecimento Infantil;Cada dia é uma nova oportunidade de aprender.;Geral;coleta_web_2026-05-15_lote2;Positivo;Positivo;Positivo;Positivo;Positivo
pL5tWmN3xBz;Aprender Brincando - Educacao e Conhecimento Infantil;Aprender é crescer.;Geral;coleta_web_2026-05-15_lote2;Positivo;Positivo;Positivo;Positivo;Negativo
pL5tWmN3xBz;Aprender Brincando - Educacao e Conhecimento Infantil;Seu potencial é infinito.;Geral;coleta_web_2026-05-15_lote2;Positivo;Positivo;Positivo;Positivo;Positivo
pL5tWmN3xBz;Aprender Brincando - Educacao e Conhecimento Infantil;Conhecimento é poder.;Geral;coleta_web_2026-05-15_lote2;Positivo;Positivo;Positivo;Positivo;Negativo
pL5tWmN3xBz;Aprender Brincando - Educacao e Conhecimento Infantil;Sempre há mais para descobrir.;Geral;coleta_web_2026-05-15_lote2;Positivo;Positivo;Positivo;Positivo;Positivo
pL5tWmN3xBz;Aprender Brincando - Educacao e Conhecimento Infantil;Aprender não tem fim.;Geral;coleta_web_2026-05-15_lote2;Positivo;Positivo;Positivo;Positivo;Positivo
pL5tWmN3xBz;Aprender Brincando - Educacao e Conhecimento Infantil;Seu cérebro é incrível.;Geral;coleta_web_2026-05-15_lote2;Positivo;Positivo;Positivo;Positivo;Positivo
pL5tWmN3xBz;Aprender Brincando - Educacao e Conhecimento Infantil;Educação abre portas.;Geral;coleta_web_2026-05-15_lote2;Positivo;Positivo;Positivo;Positivo;Positivo
pL5tWmN3xBz;Aprender Brincando - Educacao e Conhecimento Infantil;Você é mais inteligente do que pensa.;Geral;coleta_web_2026-05-15_lote2;Positivo;Positivo;Positivo;Positivo;Positivo
pL5tWmN3xBz;Aprender Brincando - Educacao e Conhecimento Infantil;A sabedoria vem da experiência.;Geral;coleta_web_2026-05-15_lote2;Positivo;Positivo;Positivo;Positivo;Positivo
qC8nVrK6yWp;Alegria e Diversao - Frases para Criancas;A vida é para ser vivida e aproveitada.;Geral;coleta_web_2026-05-15_lote2;Positivo;Positivo;Positivo;Positivo;Positivo
oA1cDeR7pSy;Frases Motivacionais para Criancas - Compilacao;Diversão é essencial para a saúde.;Geral;coleta_web_2026-05-15_lote2;Positivo;Negativo;Positivo;Positivo;Positivo
qC8nVrK6yWp;Alegria e Diversao - Frases para Criancas;Ria muitas vezes, ria bastante, ria com o coração.;Geral;coleta_web_2026-05-15_lote2;Positivo;Positivo;Positivo;Positivo;Positivo
qC8nVrK6yWp;Alegria e Diversao - Frases para Criancas;A alegria é contagiosa.;Geral;coleta_web_2026-05-15_lote2;Positivo;Positivo;Positivo;Positivo;Positivo
qC8nVrK6yWp;Alegria e Diversao - Frases para Criancas;A felicidade está nos pequenos momentos.;Geral;coleta_web_2026-05-15_lote2;Positivo;Positivo;Positivo;Positivo;Positivo
qC8nVrK6yWp;Alegria e Diversao - Frases para Criancas;Brincar é uma forma de arte.;Geral;coleta_web_2026-05-15_lote2;Positivo;Positivo;Positivo;Positivo;Positivo
qC8nVrK6yWp;Alegria e Diversao - Frases para Criancas;A vida é melhor quando você está rindo.;Geral;coleta_web_2026-05-15_lote2;Positivo;Positivo;Positivo;Positivo;Positivo
qC8nVrK6yWp;Alegria e Diversao - Frases para Criancas;Sorrir te torna bonito.;Geral;coleta_web_2026-05-15_lote2;Positivo;Positivo;Positivo;Positivo;Positivo
qC8nVrK6yWp;Alegria e Diversao - Frases para Criancas;A brincadeira alimenta a criatividade.;Geral;coleta_web_2026-05-15_lote2;Positivo;Positivo;Positivo;Positivo;Positivo
qC8nVrK6yWp;Alegria e Diversao - Frases para Criancas;Aproveite cada momento de felicidade.;Geral;coleta_web_2026-05-15_lote2;Positivo;Positivo;Positivo;Positivo;Positivo
jM4dPbY9zTr;Inclusao e Pertencimento - Educacao Socioemocional;Todos são bem-vindos aqui.;Geral;coleta_web_2026-05-15_lote2;Positivo;Positivo;Positivo;Positivo;Positivo
rB7mKpQ4xY1;Frases sobre Amizade para Criancas - Coletanea Infantil;Todo mundo merece amigos.;Geral;coleta_web_2026-05-15_lote2;Positivo;Positivo;Positivo;Positivo;Positivo
jM4dPbY9zTr;Inclusao e Pertencimento - Educacao Socioemocional;Acolher é um ato de amor.;Geral;coleta_web_2026-05-15_lote2;Positivo;Negativo;Positivo;Positivo;Positivo
jM4dPbY9zTr;Inclusao e Pertencimento - Educacao Socioemocional;Ninguém deve se sentir sozinho.;Geral;coleta_web_2026-05-15_lote2;Neutro;Neutro;Neutro;Neutro;Positivo
jM4dPbY9zTr;Inclusao e Pertencimento - Educacao Socioemocional;Incluir muda vidas.;Geral;coleta_web_2026-05-15_lote2;Positivo;Positivo;Positivo;Positivo;Positivo
jM4dPbY9zTr;Inclusao e Pertencimento - Educacao Socioemocional;Todos têm um lugar especial.;Geral;coleta_web_2026-05-15_lote2;Positivo;Positivo;Positivo;Positivo;Positivo
jM4dPbY9zTr;Inclusao e Pertencimento - Educacao Socioemocional;Comunidade é força.;Geral;coleta_web_2026-05-15_lote2;Positivo;Positivo;Positivo;Positivo;Positivo
qC8nVrK6yWp;Alegria e Diversao - Frases para Criancas;Juntos somos mais felizes.;Geral;coleta_web_2026-05-15_lote2;Positivo;Positivo;Positivo;Positivo;Positivo
jM4dPbY9zTr;Inclusao e Pertencimento - Educacao Socioemocional;Seu espaço é seguro aqui.;Geral;coleta_web_2026-05-15_lote2;Positivo;Positivo;Positivo;Positivo;Positivo
jM4dPbY9zTr;Inclusao e Pertencimento - Educacao Socioemocional;Você pertence aqui.;Geral;coleta_web_2026-05-15_lote2;Positivo;Positivo;Positivo;Positivo;Neutro
gT6yFhE2sQw;Persistencia e Resiliencia para Criancas - Programa Educativo;Não desista dos seus sonhos.;Geral;coleta_web_2026-05-15_lote2;Positivo;Positivo;Positivo;Positivo;Positivo
gT6yFhE2sQw;Persistencia e Resiliencia para Criancas - Programa Educativo;Cada tentativa te aproxima do sucesso.;Geral;coleta_web_2026-05-15_lote2;Positivo;Positivo;Positivo;Positivo;Positivo
gT6yFhE2sQw;Persistencia e Resiliencia para Criancas - Programa Educativo;Persistência é a chave.;Geral;coleta_web_2026-05-15_lote2;Positivo;Positivo;Neutro;Positivo;Positivo
gT6yFhE2sQw;Persistencia e Resiliencia para Criancas - Programa Educativo;Você pode se recuperar.;Geral;coleta_web_2026-05-15_lote2;Positivo;Positivo;Positivo;Positivo;Positivo
gT6yFhE2sQw;Persistencia e Resiliencia para Criancas - Programa Educativo;Fracasso é só um passo para o sucesso.;Geral;coleta_web_2026-05-15_lote2;Positivo;Positivo;Positivo;Positivo;Positivo
gT6yFhE2sQw;Persistencia e Resiliencia para Criancas - Programa Educativo;Seu esforço importa.;Geral;coleta_web_2026-05-15_lote2;Positivo;Positivo;Positivo;Positivo;Positivo
gT6yFhE2sQw;Persistencia e Resiliencia para Criancas - Programa Educativo;Continue tentando, você consegue.;Geral;coleta_web_2026-05-15_lote2;Positivo;Positivo;Positivo;Negativo;Positivo
gT6yFhE2sQw;Persistencia e Resiliencia para Criancas - Programa Educativo;A vitória vem para os perseverantes.;Geral;coleta_web_2026-05-15_lote2;Positivo;Positivo;Positivo;Positivo;Positivo
gT6yFhE2sQw;Persistencia e Resiliencia para Criancas - Programa Educativo;Você é mais resiliente do que sabe.;Geral;coleta_web_2026-05-15_lote2;Positivo;Positivo;Positivo;Positivo;Positivo
gT6yFhE2sQw;Persistencia e Resiliencia para Criancas - Programa Educativo;Nunca é tarde demais para começar de novo.;Geral;coleta_web_2026-05-15_lote2;Positivo;Positivo;Positivo;Positivo;Positivo
xV9bRgK1mLp;Amor e Bondade - Valores para Criancas;O amor torna tudo possível.;Geral;coleta_web_2026-05-15_lote2;Positivo;Positivo;Positivo;Positivo;Positivo
xV9bRgK1mLp;Amor e Bondade - Valores para Criancas;Compaixão é um super poder.;Geral;coleta_web_2026-05-15_lote2;Positivo;Positivo;Positivo;Positivo;Positivo
xV9bRgK1mLp;Amor e Bondade - Valores para Criancas;Amar é a coisa mais corajosa que você pode fazer.;Geral;coleta_web_2026-05-15_lote2;Positivo;Positivo;Positivo;Positivo;Positivo
xV9bRgK1mLp;Amor e Bondade - Valores para Criancas;Seu coração é puro e bondoso.;Geral;coleta_web_2026-05-15_lote2;Positivo;Positivo;Positivo;Positivo;Positivo
xV9bRgK1mLp;Amor e Bondade - Valores para Criancas;Bondade sempre volta.;Geral;coleta_web_2026-05-15_lote2;Positivo;Positivo;Positivo;Positivo;Positivo
xV9bRgK1mLp;Amor e Bondade - Valores para Criancas;O mundo precisa do seu amor.;Geral;coleta_web_2026-05-15_lote2;Positivo;Positivo;Positivo;Positivo;Positivo
xV9bRgK1mLp;Amor e Bondade - Valores para Criancas;Amar é criar conexões.;Geral;coleta_web_2026-05-15_lote2;Positivo;Positivo;Positivo;Positivo;Neutro
oA1cDeR7pSy;Frases Motivacionais para Criancas - Compilacao;Seu amor faz diferença.;Geral;coleta_web_2026-05-15_lote2;Positivo;Positivo;Positivo;Positivo;Positivo
xV9bRgK1mLp;Amor e Bondade - Valores para Criancas;Gentileza é um idioma que todos entendem.;Geral;coleta_web_2026-05-15_lote2;Positivo;Positivo;Positivo;Positivo;Positivo
xV9bRgK1mLp;Amor e Bondade - Valores para Criancas;Amar a si mesmo é amar os outros.;Geral;coleta_web_2026-05-15_lote2;Positivo;Positivo;Positivo;Positivo;Positivo
wK7nUyP3cXa;Responsabilidade e Carater - Etica Infantil;Suas ações importam.;Geral;coleta_web_2026-05-15_lote2;Positivo;Positivo;Positivo;Positivo;Positivo
wK7nUyP3cXa;Responsabilidade e Carater - Etica Infantil;Você tem o poder de fazer uma mudança.;Geral;coleta_web_2026-05-15_lote2;Positivo;Positivo;Positivo;Positivo;Positivo
wK7nUyP3cXa;Responsabilidade e Carater - Etica Infantil;Responsabilidade é parte do crescimento.;Geral;coleta_web_2026-05-15_lote2;Positivo;Positivo;Positivo;Neutro;Positivo
wK7nUyP3cXa;Responsabilidade e Carater - Etica Infantil;Fazer o certo é sempre melhor.;Geral;coleta_web_2026-05-15_lote2;Positivo;Positivo;Positivo;Positivo;Positivo
rB7mKpQ4xY1;Frases sobre Amizade para Criancas - Coletanea Infantil;Sua integridade é seu tesouro.;Geral;coleta_web_2026-05-15_lote2;Positivo;Positivo;Negativo;Positivo;Positivo
wK7nUyP3cXa;Responsabilidade e Carater - Etica Infantil;Honestidade é a melhor política.;Geral;coleta_web_2026-05-15_lote2;Positivo;Positivo;Positivo;Positivo;Positivo
wK7nUyP3cXa;Responsabilidade e Carater - Etica Infantil;Você é responsável pelos seus choques.;Geral;coleta_web_2026-05-15_lote2;Neutro;Neutro;Neutro;Neutro;Neutro
wK7nUyP3cXa;Responsabilidade e Carater - Etica Infantil;Fazer bem é escolher bem.;Geral;coleta_web_2026-05-15_lote2;Positivo;Positivo;Positivo;Positivo;Positivo
wK7nUyP3cXa;Responsabilidade e Carater - Etica Infantil;Seu caráter é seu legado.;Geral;coleta_web_2026-05-15_lote2;Positivo;Positivo;Positivo;Positivo;Positivo
wK7nUyP3cXa;Responsabilidade e Carater - Etica Infantil;Escolhas sábias trazem resultados sábios.;Geral;coleta_web_2026-05-15_lote2;Positivo;Positivo;Positivo;Positivo;Positivo
eQ2sJoB5hYf;Autoestima e Confianca - Mensagens Positivas para Criancas;Você é suficiente.;Geral;coleta_web_2026-05-15_lote2;Positivo;Positivo;Positivo;Positivo;Positivo
eQ2sJoB5hYf;Autoestima e Confianca - Mensagens Positivas para Criancas;Confie em si mesmo.;Geral;coleta_web_2026-05-15_lote2;Positivo;Positivo;Positivo;Positivo;Positivo
eQ2sJoB5hYf;Autoestima e Confianca - Mensagens Positivas para Criancas;Você sabe mais do que pensa.;Geral;coleta_web_2026-05-15_lote2;Positivo;Positivo;Positivo;Positivo;Positivo
eQ2sJoB5hYf;Autoestima e Confianca - Mensagens Positivas para Criancas;Sua voz importa.;Geral;coleta_web_2026-05-15_lote2;Positivo;Positivo;Positivo;Positivo;Positivo
eQ2sJoB5hYf;Autoestima e Confianca - Mensagens Positivas para Criancas;Você tem coisas incríveis para oferecer.;Geral;coleta_web_2026-05-15_lote2;Positivo;Positivo;Positivo;Positivo;Positivo
eQ2sJoB5hYf;Autoestima e Confianca - Mensagens Positivas para Criancas;Acredite na sua magia.;Geral;coleta_web_2026-05-15_lote2;Positivo;Positivo;Positivo;Positivo;Positivo
eQ2sJoB5hYf;Autoestima e Confianca - Mensagens Positivas para Criancas;Você é um diamante bruto.;Geral;coleta_web_2026-05-15_lote2;Positivo;Positivo;Positivo;Positivo;Positivo
eQ2sJoB5hYf;Autoestima e Confianca - Mensagens Positivas para Criancas;Sua confiança te leva longe.;Geral;coleta_web_2026-05-15_lote2;Positivo;Positivo;Positivo;Neutro;Positivo
eQ2sJoB5hYf;Autoestima e Confianca - Mensagens Positivas para Criancas;Você merece estar aqui.;Geral;coleta_web_2026-05-15_lote2;Positivo;Positivo;Positivo;Positivo;Negativo
eQ2sJoB5hYf;Autoestima e Confianca - Mensagens Positivas para Criancas;Seu presente é perfeito.;Geral;coleta_web_2026-05-15_lote2;Positivo;Positivo;Positivo;Positivo;Neutro
iZ4hMfO8vRu;Sonhar Alto - Inspiracao para Criancas;Tudo é possível se você acredita.;Geral;coleta_web_2026-05-15_lote2;Positivo;Neutro;Positivo;Positivo;Positivo
iZ4hMfO8vRu;Sonhar Alto - Inspiracao para Criancas;O universo está a seu favor.;Geral;coleta_web_2026-05-15_lote2;Positivo;Positivo;Positivo;Positivo;Positivo
iZ4hMfO8vRu;Sonhar Alto - Inspiracao para Criancas;Sua jornada é única e especial.;Geral;coleta_web_2026-05-15_lote2;Positivo;Positivo;Positivo;Positivo;Positivo
iZ4hMfO8vRu;Sonhar Alto - Inspiracao para Criancas;Você está escrevendo sua própria história.;Geral;coleta_web_2026-05-15_lote2;Positivo;Positivo;Positivo;Positivo;Positivo
iZ4hMfO8vRu;Sonhar Alto - Inspiracao para Criancas;Seu futuro é brilhante.;Geral;coleta_web_2026-05-15_lote2;Positivo;Positivo;Neutro;Positivo;Positivo
iZ4hMfO8vRu;Sonhar Alto - Inspiracao para Criancas;Você é um obra de arte.;Geral;coleta_web_2026-05-15_lote2;Positivo;Positivo;Positivo;Positivo;Positivo
iZ4hMfO8vRu;Sonhar Alto - Inspiracao para Criancas;A vida é uma aventura.;Geral;coleta_web_2026-05-15_lote2;Positivo;Positivo;Positivo;Positivo;Positivo
iZ4hMfO8vRu;Sonhar Alto - Inspiracao para Criancas;Sua história importa.;Geral;coleta_web_2026-05-15_lote2;Positivo;Positivo;Positivo;Positivo;Positivo
iZ4hMfO8vRu;Sonhar Alto - Inspiracao para Criancas;Você tem tudo que precisa dentro de você.;Geral;coleta_web_2026-05-15_lote2;Positivo;Positivo;Positivo;Positivo;Positivo
iZ4hMfO8vRu;Sonhar Alto - Inspiracao para Criancas;O melhor está por vir.;Geral;coleta_web_2026-05-15_lote2;Positivo;Positivo;Positivo;Positivo;Positivo
