{
  "accuracy": 0.8666666666666667,
  "precision": 0.8674863559731981,
  "recall": 0.8666666666666667,
  "f1_score": 0.8670460718096608,
  "f1_score_macro": 0.8279903847290296,
  "classification_report": {
    "Negativo": {
      "precision": 0.9234449760765551,
      "recall": 0.9146919431279621,
      "f1-score": 0.9190476190476191,
      "support": 211.0
    },
    "Neutro": {
      "precision": 0.8018018018018018,
      "recall": 0.8090909090909091,
      "f1-score": 0.8054298642533936,
      "support": 110.0
    },
    "Positivo": {
      "precision": 0.75,
      "recall": 0.7692307692307693,
      "f1-score": 0.7594936708860761,
      "support": 39.0
    },
    "accuracy": 0.8666666666666667,
    "macro avg": {
      "precision": 0.8250822592927856,
      "recall": 0.8310045404832135,
      "f1-score": 0.8279903847290296,
      "support": 360.0
    },
    "weighted avg": {
      "precision": 0.8674863559731981,
      "recall": 0.8666666666666667,
      "f1-score": 0.8670460718096608,
      "support": 360.0
    }
  },
  "confusion_matrix": [
    [
      193,
      17,
      1
    ],
    [
      12,
      89,
      9
    ],
    [
      4,
      5,
      30
    ]
  ]
}